order,node_name,predicted_class,confidence,second_class,second_confidence,shape_hint,bbox_size_x,bbox_size_y,bbox_size_z,surface_area,margin,reason
10,Mesh.385,rotating_fluid_machinery,0.2012908160686493,gears_pulleys_chains,0.10774321854114532,long_slender,0.1980000138282776,0.04000002145767212,0.039999961853027344,0.08526013791561127,0.09354759752750397,low_confidence
13,Mesh.388,motors_gearmotors,0.20625212788581848,bearings_bushings_guides,0.11061463505029678,long_slender,0.04000000283122063,0.040000081062316895,0.3125,0.13368120789527893,0.0956374928355217,low_confidence
15,Mesh.390,rotating_fluid_machinery,0.1823362559080124,springs,0.10328510403633118,long_slender,0.039999961853027344,0.040000081062316895,0.23249998688697815,0.09984970092773438,0.07905115187168121,low_confidence
16,Mesh.391,rotating_fluid_machinery,0.16808046400547028,joints_clamps_structural_connectors,0.12249087542295456,long_slender,0.04000002145767212,0.040000081062316895,0.23249998688697815,0.09984978288412094,0.04558958858251572,low_confidence
17,Mesh.392,handles_controls,0.15221276879310608,joints_clamps_structural_connectors,0.13670940697193146,long_slender,0.04000002145767212,0.040000081062316895,0.2875000089406967,0.12310899049043655,0.015503361821174622,low_confidence
18,Mesh.393,pins_rivets_keys,0.3038801848888397,joints_clamps_structural_connectors,0.2406238615512848,flat_plate,0.039999961853027344,0.04000002145767212,0.6100000143051147,0.25949203968048096,0.06325632333755493,low_confidence
19,Mesh.394,joints_clamps_structural_connectors,0.3133341073989868,pins_rivets_keys,0.22067348659038544,flat_plate,0.039999961853027344,0.04000000283122063,0.6100000143051147,0.25949186086654663,0.09266062080860138,low_confidence
20,Mesh.395,pins_rivets_keys,0.32763075828552246,joints_clamps_structural_connectors,0.20856007933616638,flat_plate,0.03999999165534973,0.04000002145767212,0.6100000143051147,0.25949203968048096,0.11907067894935608,low_confidence
21,Mesh.396,joints_clamps_structural_connectors,0.30849143862724304,pins_rivets_keys,0.3003169894218445,flat_plate,0.039999961853027344,0.03999999165534973,0.6100000143051147,0.25949186086654663,0.00817444920539856,low_confidence
23,Mesh.398,joints_clamps_structural_connectors,0.2591018080711365,pins_rivets_keys,0.14378999173641205,flat_plate,0.04000002145767212,0.04000002145767212,0.4496222734451294,0.19166968762874603,0.11531181633472443,low_confidence
25,Mesh.400,joints_clamps_structural_connectors,0.26582369208335876,pins_rivets_keys,0.20885126292705536,flat_plate,0.04000000283122063,0.43999993801116943,0.04000002145767212,0.1876000016927719,0.056972429156303406,low_confidence
27,Mesh.402,pins_rivets_keys,0.2243194431066513,joints_clamps_structural_connectors,0.20970217883586884,flat_plate,0.039999961853027344,0.46000003814697266,0.04000002145767212,0.19605791568756104,0.01461726427078247,low_confidence
31,Mesh.406,motors_gearmotors,0.18201373517513275,springs,0.10554741322994232,long_slender,0.039999961853027344,0.302000030875206,0.039999961853027344,0.12924090027809143,0.07646632194519043,low_confidence
33,Mesh.408,rotating_fluid_machinery,0.18729427456855774,handles_controls,0.11249575018882751,long_slender,0.03999999165534973,0.2240000069141388,0.039999961853027344,0.09625503420829773,0.07479852437973022,low_confidence
35,Mesh.410,joints_clamps_structural_connectors,0.20249822735786438,pins_rivets_keys,0.1199762299656868,long_slender,0.03999999910593033,0.302000030875206,0.039999961853027344,0.12924093008041382,0.08252199739217758,low_confidence
37,Mesh.412,pins_rivets_keys,0.2866767942905426,joints_clamps_structural_connectors,0.22282849252223969,flat_plate,0.03999999910593033,0.03999999165534973,0.6100000143051147,0.259491890668869,0.06384830176830292,low_confidence
38,Mesh.413,joints_clamps_structural_connectors,0.2756352126598358,springs,0.10815132409334183,flat_plate,0.04000000283122063,0.03999999165534973,0.4496222734451294,0.19166921079158783,0.167483888566494,low_confidence
40,Mesh.415,pins_rivets_keys,0.32775062322616577,joints_clamps_structural_connectors,0.1836719810962677,flat_plate,0.03999999910593033,0.04000002145767212,0.6100000143051147,0.25949206948280334,0.14407864212989807,low_confidence
44,Mesh.419,springs,0.31177419424057007,pins_rivets_keys,0.18132425844669342,flat_plate,0.6100000143051147,0.03999999165534973,0.039999961853027344,0.2594919502735138,0.13044993579387665,low_confidence
45,Mesh.420,rotating_fluid_machinery,0.17624837160110474,joints_clamps_structural_connectors,0.1299574077129364,long_slender,0.17000001668930054,0.03999999165534973,0.039999961853027344,0.07341884821653366,0.046290963888168335,low_confidence
46,Mesh.421,joints_clamps_structural_connectors,0.25003987550735474,springs,0.17799878120422363,flat_plate,0.04000000283122063,0.040000081062316895,0.4496222734451294,0.19166933000087738,0.0720410943031311,low_confidence
48,Mesh.423,rotating_fluid_machinery,0.27728477120399475,plates_discs_shapes,0.09582705795764923,compact_block,0.06000000424683094,0.040000081062316895,0.040000081062316895,0.026900585740804672,0.18145771324634552,low_confidence
50,Mesh.425,rotating_fluid_machinery,0.3185386061668396,joints_clamps_structural_connectors,0.15970270335674286,irregular,0.04000000283122063,0.08000004291534424,0.1603776216506958,0.13100148737430573,0.15883590281009674,low_confidence
57,Mesh.432,joints_clamps_structural_connectors,0.3673020899295807,pins_rivets_keys,0.19450199604034424,flat_plate,0.04000000283122063,0.6540000140666962,0.07999992370605469,0.45681026577949524,0.17280009388923645,low_confidence
62,Mesh.437,rotating_fluid_machinery,0.18896611034870148,joints_clamps_structural_connectors,0.14460264146327972,long_slender,0.2200000286102295,0.03999999165534973,0.039999961853027344,0.09456352144479752,0.04436346888542175,low_confidence
63,Mesh.438,joints_clamps_structural_connectors,0.3619576692581177,pins_rivets_keys,0.20274263620376587,flat_plate,0.039999961853027344,0.03999999165534973,0.5700000524520874,0.24257616698741913,0.1592150330543518,low_confidence
64,Mesh.439,pins_rivets_keys,0.38467735052108765,joints_clamps_structural_connectors,0.16185197234153748,flat_plate,0.039999961853027344,0.7340000569820404,0.07999992370605469,0.5123727917671204,0.22282537817955017,low_confidence
69,Mesh.444,joints_clamps_structural_connectors,0.2156989425420761,bearings_bushings_guides,0.123382568359375,irregular,0.04000000283122063,0.03999999165534973,0.08037769794464111,0.03551815450191498,0.09231637418270111,low_confidence
71,Mesh.446,pins_rivets_keys,0.38287419080734253,joints_clamps_structural_connectors,0.14071406424045563,flat_plate,0.039999961853027344,0.03999999165534973,0.6000000238418579,0.25526297092437744,0.2421601265668869,low_confidence
72,Mesh.447,motors_gearmotors,0.36095020174980164,bearings_bushings_guides,0.07640174776315689,long_slender,0.039999961853027344,0.040000081062316895,0.2475000023841858,0.10619297623634338,0.28454845398664474,low_confidence
73,Mesh.448,bearings_bushings_guides,0.2514551281929016,pins_rivets_keys,0.22578845918178558,flat_plate,0.039999961853027344,0.040000081062316895,1.9000000953674316,0.8050240278244019,0.025666669011116028,low_confidence
77,Mesh.452,motors_gearmotors,0.2361278235912323,bearings_bushings_guides,0.09596492350101471,long_slender,0.04000000283122063,0.040000081062316895,0.2475000023841858,0.10619312524795532,0.1401629000902176,low_confidence
78,Mesh.453,joints_clamps_structural_connectors,0.24199408292770386,rotating_fluid_machinery,0.2037794589996338,compact_block,0.06000000424683094,0.03999999165534973,0.039999961853027344,0.02690057083964348,0.03821462392807007,low_confidence
79,Mesh.536,pins_rivets_keys,0.38708025217056274,screws_bolts_studs,0.10337048023939133,long_slender,0.04999999701976776,0.33500003814697266,0.05000007152557373,0.049397777765989304,0.2837097719311714,low_confidence
85,Mesh.312,bearings_bushings_guides,0.27838048338890076,joints_clamps_structural_connectors,0.13984186947345734,irregular,0.06000018119812012,0.09399998188018799,0.017000000923871994,0.015785658732056618,0.13853861391544342,low_confidence
93,Mesh.328,bearings_bushings_guides,0.3963112235069275,washers_rings_spacers,0.10951559990644455,irregular,0.059999942779541016,0.09399998188018799,0.017000000923871994,0.01578562706708908,0.28679562360048294,low_confidence
136,Mesh.703,pins_rivets_keys,0.2771243155002594,bearings_bushings_guides,0.2282904088497162,flat_plate,0.039999961853027344,0.040000081062316895,2.0000001192092896,0.8473134636878967,0.04883390665054321,low_confidence
138,Mesh.705,joints_clamps_structural_connectors,0.28432828187942505,pins_rivets_keys,0.11714480072259903,flat_plate,0.040000081062316895,0.04000002145767212,0.4500000476837158,0.1918293684720993,0.16718348115682602,low_confidence
145,Mesh.712,joints_clamps_structural_connectors,0.1751927137374878,pins_rivets_keys,0.13019217550754547,flat_plate,0.039999961853027344,0.39000003039836884,0.04000002145767212,0.1664557009935379,0.04500053822994232,low_confidence
147,Mesh.714,joints_clamps_structural_connectors,0.23875901103019714,pins_rivets_keys,0.20283013582229614,flat_plate,0.039999961853027344,0.41999995708465576,0.04000002145767212,0.1791425198316574,0.035928875207901,low_confidence
148,Mesh.715,joints_clamps_structural_connectors,0.18128947913646698,pins_rivets_keys,0.14008966088294983,flat_plate,0.039999961853027344,0.41999995708465576,0.04000002145767212,0.17914223670959473,0.04119981825351715,low_confidence
149,Mesh.716,pins_rivets_keys,0.3113805949687958,joints_clamps_structural_connectors,0.2045077234506607,flat_plate,0.040000200271606445,0.5499999821186066,0.039999961853027344,0.23411840200424194,0.10687287151813507,low_confidence
151,Mesh.718,pins_rivets_keys,0.22353488206863403,joints_clamps_structural_connectors,0.1494891345500946,flat_plate,0.039999961853027344,0.41999995708465576,0.04000002145767212,0.17914226651191711,0.07404574751853943,low_confidence
154,Mesh.721,joints_clamps_structural_connectors,0.19847306609153748,handles_controls,0.10833028703927994,flat_plate,0.040000081062316895,0.39000003039836884,0.04000002145767212,0.1664557009935379,0.09014277905225754,low_confidence
155,Mesh.722,pins_rivets_keys,0.3171443045139313,joints_clamps_structural_connectors,0.14719802141189575,flat_plate,0.040000200271606445,0.5499999821186066,0.04000002145767212,0.23411840200424194,0.16994628310203552,low_confidence
160,Mesh.727,pins_rivets_keys,0.31709063053131104,joints_clamps_structural_connectors,0.14574286341667175,flat_plate,0.039999961853027344,0.040000081062316895,0.6800000369548798,0.2890951931476593,0.17134776711463928,low_confidence
175,Mesh.676,motors_gearmotors,0.2425767332315445,handles_controls,0.18671797215938568,round_or_cubic,0.03444899618625641,0.014948770403862,0.03956961631774902,0.002248079050332308,0.055858761072158813,low_confidence
176,Mesh.674,bearings_bushings_guides,0.19154983758926392,rotating_fluid_machinery,0.11205784231424332,irregular,0.09000001847743988,0.01419999822974205,0.08999991416931152,0.018718451261520386,0.0794919952750206,low_confidence
178,Mesh.678,joints_clamps_structural_connectors,0.15125210583209991,nuts,0.14208820462226868,compact_block,0.07245434820652008,0.06729999929666519,0.06933832168579102,0.020807772874832153,0.009163901209831238,low_confidence
184,Mesh.646,joints_clamps_structural_connectors,0.2221650630235672,handles_controls,0.130349263548851,irregular,0.06000000238418579,0.09400001168251038,0.01699995994567871,0.01578560471534729,0.09181579947471619,low_confidence
194,Mesh.662,motors_gearmotors,0.3007345199584961,handles_controls,0.14945705235004425,round_or_cubic,0.034448981285095215,0.014948770403862,0.03956961631774902,0.002248078119009733,0.15127746760845184,low_confidence
195,Mesh.658,pipe_fittings_valves_nozzles,0.22896809875965118,bearings_bushings_guides,0.20009997487068176,irregular,0.09000003337860107,0.01419999822974205,0.08999991416931152,0.018718453124165535,0.02886812388896942,low_confidence
196,Mesh.663,plates_discs_shapes,0.3631439507007599,gears_pulleys_chains,0.13248886168003082,flat_plate,0.05844223499298096,0.0020000040531158447,0.05847740173339844,0.005720487795770168,0.23065508902072906,low_confidence
197,Mesh.659,joints_clamps_structural_connectors,0.22398413717746735,handles_controls,0.19843894243240356,compact_block,0.07245433330535889,0.06729999929666519,0.06933832168579102,0.020807776600122452,0.025545194745063782,low_confidence
203,Mesh.619,motors_gearmotors,0.31176096200942993,handles_controls,0.14973069727420807,round_or_cubic,0.034449100494384766,0.014948770403862,0.03956961631774902,0.0022480799816548824,0.16203026473522186,low_confidence
204,Mesh.623,bearings_bushings_guides,0.35496044158935547,pipe_fittings_valves_nozzles,0.11751165986061096,irregular,0.08999991416931152,0.01419999822974205,0.08999991416931152,0.01871843822300434,0.2374487817287445,low_confidence
210,Mesh.629,joints_clamps_structural_connectors,0.2044813334941864,plates_discs_shapes,0.15801092982292175,irregular,0.06000000238418579,0.09400001168251038,0.01699995994567871,0.01578560285270214,0.04647040367126465,low_confidence
220,Mesh.670,motors_gearmotors,0.32598644495010376,handles_controls,0.11309882998466492,round_or_cubic,0.034449100494384766,0.014948770403862,0.03956961631774902,0.0022480799816548824,0.21288761496543884,low_confidence
221,Mesh.668,pipe_fittings_valves_nozzles,0.2504763603210449,bearings_bushings_guides,0.19660115242004395,irregular,0.08999991416931152,0.01419999822974205,0.08999991416931152,0.01871843822300434,0.05387520790100098,low_confidence
223,Mesh.667,joints_clamps_structural_connectors,0.35674282908439636,nuts,0.09733777493238449,compact_block,0.07245433330535889,0.06729999929666519,0.06933832168579102,0.020807772874832153,0.25940505415201187,low_confidence
230,Mesh.649,motors_gearmotors,0.2534273862838745,handles_controls,0.17064231634140015,round_or_cubic,0.03444899618625641,0.014948770403862,0.03956961631774902,0.002248079050332308,0.08278506994247437,low_confidence
231,Mesh.654,rotating_fluid_machinery,0.16869433224201202,pipe_fittings_valves_nozzles,0.1567804217338562,irregular,0.09000000357627869,0.01419999822974205,0.08999991416931152,0.018718451261520386,0.011913910508155823,low_confidence
233,Mesh.653,joints_clamps_structural_connectors,0.17965072393417358,rotating_fluid_machinery,0.12444042414426804,compact_block,0.07245433330535889,0.06729999929666519,0.06933832168579102,0.020807772874832153,0.05521029978990555,low_confidence
249,Mesh.753,joints_clamps_structural_connectors,0.3578324019908905,pins_rivets_keys,0.2878073453903198,flat_plate,0.015000001527369022,0.030000001192092896,0.4440000653266907,0.06512194126844406,0.07002505660057068,low_confidence
251,Mesh.515,bearings_bushings_guides,0.2575414478778839,washers_rings_spacers,0.1580480933189392,irregular,0.06000000238418579,0.09400001168251038,0.017000000923871994,0.015785636380314827,0.0994933545589447,low_confidence
264,Mesh.375,screws_bolts_studs,0.29133084416389465,handles_controls,0.18901802599430084,long_slender,0.05999398231506348,0.18000001460313797,0.05985903739929199,0.01659523881971836,0.10231281816959381,low_confidence
266,Mesh.372,motors_gearmotors,0.24755583703517914,handles_controls,0.19336235523223877,round_or_cubic,0.034449100494384766,0.014948770403862,0.03956961631774902,0.0022480767220258713,0.05419348180294037,low_confidence
267,Mesh.371,bearings_bushings_guides,0.2659406065940857,pipe_fittings_valves_nozzles,0.1822434514760971,irregular,0.09000015258789062,0.01419999822974205,0.08999991416931152,0.018718469887971878,0.08369715511798859,low_confidence
269,Mesh.367,nuts,0.2597917914390564,joints_clamps_structural_connectors,0.14110848307609558,compact_block,0.07245445251464844,0.06730000674724579,0.06933832168579102,0.020807761698961258,0.11868330836296082,low_confidence
275,Mesh.529,motors_gearmotors,0.2740787863731384,handles_controls,0.19359326362609863,round_or_cubic,0.034449100494384766,0.014948770403862,0.03956967918202281,0.002248076256364584,0.0804855227470398,low_confidence
276,Mesh.532,bearings_bushings_guides,0.1673930585384369,rotating_fluid_machinery,0.12463916093111038,irregular,0.09000015258789062,0.01419999822974205,0.09000003058463335,0.018718481063842773,0.04275389760732651,low_confidence
278,Mesh.531,joints_clamps_structural_connectors,0.20634432137012482,nuts,0.11918991804122925,compact_block,0.07245445251464844,0.06730000674724579,0.06933830812340602,0.02080775424838066,0.08715440332889557,low_confidence
284,Mesh.739,motors_gearmotors,0.39250674843788147,handles_controls,0.11033385246992111,round_or_cubic,0.0344490110874176,0.014948770403862,0.0395696759223938,0.002248078817501664,0.28217289596796036,low_confidence
285,Mesh.743,bearings_bushings_guides,0.28698864579200745,pipe_fittings_valves_nozzles,0.224272221326828,irregular,0.09000001102685928,0.01419999822974205,0.09000001708045602,0.018718460574746132,0.06271642446517944,low_confidence
287,Mesh.740,joints_clamps_structural_connectors,0.1928192526102066,pipe_fittings_valves_nozzles,0.16719739139080048,compact_block,0.07245434075593948,0.06729999929666519,0.0693383077159524,0.020807767286896706,0.025621861219406128,low_confidence
293,Mesh.343,motors_gearmotors,0.24633415043354034,screws_bolts_studs,0.14340507984161377,round_or_cubic,0.034449100494384766,0.014948770403862,0.03956967731937766,0.0022480797488242388,0.10292907059192657,low_confidence
294,Mesh.341,bearings_bushings_guides,0.26250675320625305,pipe_fittings_valves_nozzles,0.11603254079818726,irregular,0.08999991416931152,0.01419999822974205,0.09000003058463335,0.018718449398875237,0.1464742124080658,low_confidence
296,Mesh.340,joints_clamps_structural_connectors,0.2274305671453476,handles_controls,0.13501158356666565,compact_block,0.07245433330535889,0.06730000674724579,0.06933830812340602,0.020807765424251556,0.09241898357868195,low_confidence
300,Mesh.358,screws_bolts_studs,0.38102492690086365,handles_controls,0.14363551139831543,long_slender,0.05999398231506348,0.18000001460313797,0.05985903460532427,0.01659524068236351,0.23738941550254822,low_confidence
302,Mesh.365,motors_gearmotors,0.3268256187438965,handles_controls,0.10798635333776474,round_or_cubic,0.034449100494384766,0.014948770403862,0.0395696759223938,0.0022480797488242388,0.21883926540613174,low_confidence
303,Mesh.364,bearings_bushings_guides,0.3024316132068634,pipe_fittings_valves_nozzles,0.130998432636261,irregular,0.08999991416931152,0.01419999822974205,0.09000001708045602,0.018718447536230087,0.17143318057060242,low_confidence
305,Mesh.360,pipe_fittings_valves_nozzles,0.1895907074213028,bearings_bushings_guides,0.13339373469352722,compact_block,0.07245433330535889,0.06729999929666519,0.0693383077159524,0.020807765424251556,0.056196972727775574,low_confidence
310,Mesh.456,bearings_bushings_guides,0.2664261758327484,screws_bolts_studs,0.124749556183815,compact_block,0.059999942779541016,0.06686961650848389,0.06698642671108246,0.02540045604109764,0.1416766196489334,low_confidence
311,Mesh.277,joints_clamps_structural_connectors,0.2866877317428589,rotating_fluid_machinery,0.17679576575756073,irregular,0.06200003623962402,0.10950005054473877,0.01900005340576172,0.022023379802703857,0.10989196598529816,low_confidence
313,Mesh.269,pins_rivets_keys,0.34203994274139404,joints_clamps_structural_connectors,0.2599562704563141,flat_plate,0.5369999408721924,0.030000030994415283,0.015000104904174805,0.07959644496440887,0.08208367228507996,low_confidence
314,Mesh.270,joints_clamps_structural_connectors,0.3088257908821106,pins_rivets_keys,0.2228737622499466,flat_plate,0.029999971389770508,0.755000114440918,0.015000104904174805,0.11352447420358658,0.085952028632164,low_confidence
323,Mesh.292,plates_discs_shapes,0.3633904457092285,pins_rivets_keys,0.31135597825050354,flat_plate,0.19600001722574234,0.029999971389770508,0.6080000400543213,0.32784292101860046,0.052034467458724976,low_confidence
325,Mesh.251,joints_clamps_structural_connectors,0.2542838752269745,handles_controls,0.20532295107841492,irregular,0.06199997663497925,0.10950005054473877,0.01900005340576172,0.02202337048947811,0.04896092414855957,low_confidence
338,Mesh.296,handles_controls,0.24067389965057373,joints_clamps_structural_connectors,0.15969832241535187,irregular,0.06200003623962402,0.10950005054473877,0.01900005340576172,0.022023379802703857,0.08097557723522186,low_confidence
340,Mesh.298,joints_clamps_structural_connectors,0.29653507471084595,pins_rivets_keys,0.2772120237350464,flat_plate,0.5370000600814819,0.03000009059906006,0.015000104904174805,0.07959649711847305,0.01932305097579956,low_confidence
341,Mesh.299,pins_rivets_keys,0.26177090406417847,joints_clamps_structural_connectors,0.18489967286586761,flat_plate,0.029999971389770508,0.755000114440918,0.015000104904174805,0.1135244071483612,0.07687123119831085,low_confidence
342,Mesh.300,joints_clamps_structural_connectors,0.3568130135536194,pins_rivets_keys,0.2979829013347626,flat_plate,0.5369999408721924,0.030000030994415283,0.015000104904174805,0.07959620654582977,0.05883011221885681,low_confidence
357,Mesh.278,handles_controls,0.2640143930912018,plates_discs_shapes,0.1848525106906891,irregular,0.20000001788139343,0.14600002765655518,0.0419999361038208,0.08414595574140549,0.0791618824005127,low_confidence
361,Mesh.283,pins_rivets_keys,0.15437068045139313,plates_discs_shapes,0.12116692215204239,compact_block,0.025000810623168945,0.024965882301330566,0.02199995517730713,0.0025498387403786182,0.03320375829935074,low_confidence
362,Mesh.288,rotating_fluid_machinery,0.31847360730171204,joints_clamps_structural_connectors,0.1671695113182068,irregular,0.06199997663497925,0.10950005054473877,0.01900005340576172,0.02202337048947811,0.15130409598350525,low_confidence
366,Mesh.538,bearings_bushings_guides,0.27209535241127014,screws_bolts_studs,0.09330185502767563,compact_block,0.06000018119812012,0.06694400310516357,0.0669412910938263,0.025400523096323013,0.1787934973835945,low_confidence
376,Mesh.323,pins_rivets_keys,0.3310566544532776,joints_clamps_structural_connectors,0.16008853912353516,flat_plate,0.015000104904174805,0.5619999766349792,0.03000009059906006,0.08348691463470459,0.17096811532974243,low_confidence
380,Mesh.737,screws_bolts_studs,0.130118265748024,rotating_fluid_machinery,0.10015560686588287,compact_block,0.06677126884460449,0.06700003147125244,0.059999942779541016,0.025400454178452492,0.029962658882141113,low_confidence
381,Mesh.683,screws_bolts_studs,0.24040396511554718,bearings_bushings_guides,0.13224609196186066,compact_block,0.0667715072631836,0.06700003147125244,0.059999942779541016,0.02540045976638794,0.10815787315368652,low_confidence
395,Mesh.1719,joints_clamps_structural_connectors,0.33116111159324646,pins_rivets_keys,0.22749239206314087,compact_block,0.03299999237060547,0.029999971389770508,0.034999966621398926,0.0070399874821305275,0.10366871953010559,low_confidence
397,Mesh.1678,joints_clamps_structural_connectors,0.31786319613456726,plates_discs_shapes,0.1844147890806198,compact_block,0.03299999237060547,0.029999971389770508,0.034999966621398926,0.0070399874821305275,0.13344840705394745,low_confidence
398,Mesh.1735,plates_discs_shapes,0.34678032994270325,joints_clamps_structural_connectors,0.2634303867816925,flat_plate,0.005000054836273193,0.5190002918243408,0.05299997329711914,0.06073400378227234,0.08334994316101074,low_confidence
413,Mesh.1745,handles_controls,0.36617225408554077,pipe_fittings_valves_nozzles,0.1661788821220398,long_slender,0.04456821084022522,0.03441822528839111,0.2034912109375,0.02540881745517254,0.19999337196350098,low_confidence
415,Mesh.1743,joints_clamps_structural_connectors,0.17169447243213654,handles_controls,0.14714518189430237,long_slender,0.04456821084022522,0.03441822528839111,0.2034912109375,0.02540881745517254,0.024549290537834167,low_confidence
423,Mesh.1672,plates_discs_shapes,0.3799353837966919,pins_rivets_keys,0.3330889046192169,irregular,0.03600001335144043,0.056999921798706055,0.009999990463256836,0.005963992327451706,0.046846479177474976,low_confidence
432,Mesh.1749,plates_discs_shapes,0.34670770168304443,joints_clamps_structural_connectors,0.22210928797721863,flat_plate,0.005000114440917969,0.5190002918243408,0.05299997329711914,0.06073400005698204,0.1245984137058258,low_confidence
434,Mesh.1702,plates_discs_shapes,0.3025701642036438,joints_clamps_structural_connectors,0.19901254773139954,round_or_cubic,0.08000004291534424,0.06999993324279785,0.029999971389770508,0.01819998398423195,0.10355761647224426,low_confidence
438,Mesh.1728,joints_clamps_structural_connectors,0.2747671604156494,plates_discs_shapes,0.20141693949699402,round_or_cubic,0.08000001311302185,0.06999993324279785,0.029999971389770508,0.01819998025894165,0.0733502209186554,low_confidence
441,Mesh.1668,handles_controls,0.26552319526672363,nuts,0.20478007197380066,round_or_cubic,0.02000001072883606,0.0549999475479126,0.054000020027160645,0.00872799288481474,0.060743123292922974,low_confidence
443,Mesh.1658,washers_rings_spacers,0.3052756190299988,joints_clamps_structural_connectors,0.18816670775413513,irregular,0.04000002145767212,0.05949997901916504,0.037000060081481934,0.005026322789490223,0.11710891127586365,low_confidence
444,Mesh.1753,rotating_fluid_machinery,0.12776857614517212,springs,0.12263408303260803,flat_plate,0.011200010776519775,0.33319395780563354,0.046193838119506836,0.0046477667056024075,0.005134493112564087,low_confidence
445,Mesh.1723,handles_controls,0.26562607288360596,plates_discs_shapes,0.2341853529214859,round_or_cubic,0.050000011920928955,0.05199992656707764,0.028800010681152344,0.007722626440227032,0.031440719962120056,low_confidence
447,Mesh.1680,joints_clamps_structural_connectors,0.2149643748998642,bearings_bushings_guides,0.12272246181964874,irregular,0.01940000057220459,0.027300000190734863,0.01549530029296875,0.0018012308282777667,0.09224191308021545,low_confidence
449,Mesh.1682,handles_controls,0.22691603004932404,joints_clamps_structural_connectors,0.16376101970672607,round_or_cubic,0.05300000309944153,0.0625,0.027500033378601074,0.018292399123311043,0.06315501034259796,low_confidence
450,Mesh.1683,bearings_bushings_guides,0.17688147723674774,nuts,0.12740294635295868,irregular,0.01940000057220459,0.027300000190734863,0.01549530029296875,0.0018012318760156631,0.04947853088378906,low_confidence
451,Mesh.1697,handles_controls,0.3297775983810425,plates_discs_shapes,0.19254548847675323,round_or_cubic,0.050000011920928955,0.05199992656707764,0.028800010681152344,0.007722625508904457,0.13723210990428925,low_confidence
455,Mesh.1734,joints_clamps_structural_connectors,0.15277543663978577,bearings_bushings_guides,0.13299310207366943,irregular,0.01940000057220459,0.027300000190734863,0.01549530029296875,0.0018012310611084104,0.019782334566116333,low_confidence
457,Mesh.1730,joints_clamps_structural_connectors,0.12925630807876587,rotating_fluid_machinery,0.11384572088718414,round_or_cubic,0.05300000309944153,0.0625,0.027500033378601074,0.01829240284860134,0.015410587191581726,low_confidence
458,Mesh.1733,handles_controls,0.1679406315088272,joints_clamps_structural_connectors,0.13547225296497345,irregular,0.01940000057220459,0.027300000190734863,0.01549530029296875,0.0018012308282777667,0.03246837854385376,low_confidence
459,Mesh.1687,rotating_fluid_machinery,0.13865923881530762,springs,0.11744895577430725,flat_plate,0.011200010776519775,0.33319395780563354,0.046193838119506836,0.004647756461054087,0.021210283041000366,low_confidence
460,Mesh.1708,motors_gearmotors,0.32571926712989807,handles_controls,0.16652368009090424,irregular,0.24400000274181366,0.06200003623962402,0.09200012683868408,0.08833100646734238,0.15919558703899384,low_confidence
462,Mesh.1704,pins_rivets_keys,0.3063313961029053,handles_controls,0.29244622588157654,flat_plate,0.050000011920928955,0.004000067710876465,0.00540006160736084,0.0005995488609187305,0.013885170221328735,low_confidence
465,Mesh.1706,bearings_bushings_guides,0.15855242311954498,wheels_castors,0.15099658071994781,round_or_cubic,0.08788612484931946,0.031999945640563965,0.08799993991851807,0.022152962163090706,0.007555842399597168,low_confidence
468,Mesh.1677,bearings_bushings_guides,0.28035402297973633,plates_discs_shapes,0.23979949951171875,irregular,0.034000009298324585,0.057000041007995605,0.019500017166137695,0.0090464036911726,0.04055452346801758,low_confidence
470,Mesh.1762,handles_controls,0.3010743260383606,joints_clamps_structural_connectors,0.16225887835025787,round_or_cubic,0.022000014781951904,0.0549999475479126,0.054000020027160645,0.009065795689821243,0.13881544768810272,low_confidence
475,Mesh.1662,handles_controls,0.297603577375412,nuts,0.24360960721969604,round_or_cubic,0.022000014781951904,0.0549999475479126,0.054000020027160645,0.009065795689821243,0.05399397015571594,low_confidence
495,Mesh.1665,pipe_fittings_valves_nozzles,0.39018580317497253,bearings_bushings_guides,0.2519229054450989,flat_plate,0.2000001072883606,0.01600015163421631,0.15000009536743164,0.06016501784324646,0.13826289772987366,low_confidence
501,Mesh.1652,gears_pulleys_chains,0.3184438943862915,bearings_bushings_guides,0.11465894430875778,irregular,0.020000040531158447,0.024393320083618164,0.006999969482421875,0.0018497882410883904,0.20378495007753372,low_confidence
503,Mesh.1642,handles_controls,0.3267410099506378,bearings_bushings_guides,0.27879491448402405,irregular,0.03900003433227539,0.013700008392333984,0.026000022888183594,0.0021519840229302645,0.04794609546661377,low_confidence
509,Mesh.1646,bearings_bushings_guides,0.38866427540779114,screws_bolts_studs,0.3154134154319763,flat_plate,0.004484593868255615,0.004499912261962891,1.2382003664970398,0.012921799905598164,0.07325085997581482,low_confidence
510,Mesh.1647,bearings_bushings_guides,0.3999236524105072,screws_bolts_studs,0.3102363646030426,flat_plate,0.004484593868255615,0.004500031471252441,1.2382003664970398,0.012921889312565327,0.0896872878074646,low_confidence
511,Mesh.1648,bearings_bushings_guides,0.3942529857158661,screws_bolts_studs,0.31527698040008545,flat_plate,0.004484593868255615,0.004500031471252441,1.2382003664970398,0.012921832501888275,0.07897600531578064,low_confidence
512,Mesh.1649,bearings_bushings_guides,0.3896494507789612,screws_bolts_studs,0.31448066234588623,flat_plate,0.004484653472900391,0.004500031471252441,1.2382003664970398,0.012921950779855251,0.07516878843307495,low_confidence
515,Mesh.1635,handles_controls,0.35607248544692993,joints_clamps_structural_connectors,0.19925153255462646,irregular,0.12800002098083496,0.08000004291534424,0.059999942779541016,0.03296750783920288,0.15682095289230347,low_confidence
529,Mesh.1869,joints_clamps_structural_connectors,0.28254246711730957,plates_discs_shapes,0.17475064098834991,compact_block,0.03299999237060547,0.029999971389770508,0.034999966621398926,0.007039978634566069,0.10779182612895966,low_confidence
531,Mesh.1821,pins_rivets_keys,0.2857252359390259,joints_clamps_structural_connectors,0.21420738101005554,compact_block,0.03299999237060547,0.029999971389770508,0.034999966621398926,0.007039978634566069,0.07151785492897034,low_confidence
549,Mesh.1809,joints_clamps_structural_connectors,0.26260310411453247,handles_controls,0.21474942564964294,long_slender,0.04456806182861328,0.03441822528839111,0.20349109172821045,0.02540881745517254,0.047853678464889526,low_confidence
568,Mesh.1839,joints_clamps_structural_connectors,0.3179914057254791,pins_rivets_keys,0.20291873812675476,round_or_cubic,0.07999992370605469,0.06999993324279785,0.029999971389770508,0.018199967220425606,0.11507266759872437,low_confidence
572,Mesh.1807,joints_clamps_structural_connectors,0.2669726312160492,plates_discs_shapes,0.2164122760295868,round_or_cubic,0.07999992370605469,0.06999993324279785,0.029999971389770508,0.018199967220425606,0.0505603551864624,low_confidence
575,Mesh.1825,handles_controls,0.3350028395652771,nuts,0.17110271751880646,round_or_cubic,0.019999980926513672,0.0549999475479126,0.054000020027160645,0.008727984502911568,0.16390012204647064,low_confidence
578,Mesh.1868,rotating_fluid_machinery,0.13175028562545776,handles_controls,0.12449527531862259,flat_plate,0.011199951171875,0.333193838596344,0.046193838119506836,0.004647765774279833,0.0072550103068351746,low_confidence
579,Mesh.1819,plates_discs_shapes,0.2651348412036896,joints_clamps_structural_connectors,0.14288991689682007,round_or_cubic,0.04999995231628418,0.05199992656707764,0.028800010681152344,0.007722638547420502,0.1222449243068695,low_confidence
581,Mesh.1827,joints_clamps_structural_connectors,0.2785462439060211,bearings_bushings_guides,0.14338330924510956,irregular,0.01939988136291504,0.027300000190734863,0.01549530029296875,0.001801234669983387,0.13516293466091156,low_confidence
583,Mesh.1831,bearings_bushings_guides,0.16963057219982147,joints_clamps_structural_connectors,0.13656847178936005,round_or_cubic,0.05299997329711914,0.0625,0.027500033378601074,0.0182923786342144,0.033062100410461426,low_confidence
584,Mesh.1830,bearings_bushings_guides,0.3466346859931946,joints_clamps_structural_connectors,0.1158815324306488,irregular,0.01940011978149414,0.027300000190734863,0.01549530029296875,0.001801229314878583,0.23075315356254578,low_confidence
585,Mesh.1826,plates_discs_shapes,0.32969149947166443,handles_controls,0.21359366178512573,round_or_cubic,0.04999995231628418,0.05199992656707764,0.028800010681152344,0.007722639013081789,0.1160978376865387,low_confidence
586,Mesh.1781,washers_rings_spacers,0.30844563245773315,joints_clamps_structural_connectors,0.23724523186683655,irregular,0.039999961853027344,0.05949997901916504,0.03699994087219238,0.005026324186474085,0.0712004005908966,low_confidence
591,Mesh.1811,joints_clamps_structural_connectors,0.35952621698379517,bearings_bushings_guides,0.08489607274532318,round_or_cubic,0.05299997329711914,0.0625,0.027500033378601074,0.018292373046278954,0.274630144238472,low_confidence
592,Mesh.1813,bearings_bushings_guides,0.16725866496562958,joints_clamps_structural_connectors,0.15928791463375092,irregular,0.01940011978149414,0.027300000190734863,0.01549530029296875,0.001801229314878583,0.007970750331878662,low_confidence
593,Mesh.1770,rotating_fluid_machinery,0.15755599737167358,springs,0.11459699273109436,flat_plate,0.011199951171875,0.333193838596344,0.046193838119506836,0.004647768102586269,0.042959004640579224,low_confidence
594,Mesh.1857,motors_gearmotors,0.325045645236969,handles_controls,0.23711280524730682,irregular,0.24399995803833008,0.06200003623962402,0.09200000762939453,0.08833098411560059,0.08793283998966217,low_confidence
596,Mesh.1855,pins_rivets_keys,0.38406866788864136,handles_controls,0.22911402583122253,flat_plate,0.04999995231628418,0.003999948501586914,0.00540006160736084,0.0005995510728098452,0.15495464205741882,low_confidence
597,Mesh.1859,pins_rivets_keys,0.3490484058856964,handles_controls,0.2299197018146515,flat_plate,0.04999995231628418,0.003999948501586914,0.00540006160736084,0.0005995510728098452,0.11912870407104492,low_confidence
599,Mesh.1856,wheels_castors,0.39726531505584717,bearings_bushings_guides,0.09047849476337433,round_or_cubic,0.08788609504699707,0.031999945640563965,0.08799993991851807,0.022152945399284363,0.30678682029247284,low_confidence
603,Mesh.1845,joints_clamps_structural_connectors,0.35267409682273865,handles_controls,0.18611863255500793,round_or_cubic,0.019999980926513672,0.0549999475479126,0.054000020027160645,0.008727984502911568,0.1665554642677307,low_confidence
604,Mesh.1833,nuts,0.28242138028144836,joints_clamps_structural_connectors,0.176045760512352,round_or_cubic,0.02200007438659668,0.0549999475479126,0.054000020027160645,0.009065798483788967,0.10637561976909637,low_confidence
605,Mesh.1815,pins_rivets_keys,0.2785781919956207,joints_clamps_structural_connectors,0.20621463656425476,compact_block,0.03299999237060547,0.029999971389770508,0.034999966621398926,0.007039978634566069,0.07236355543136597,low_confidence
609,Mesh.1835,handles_controls,0.3696344196796417,joints_clamps_structural_connectors,0.18032144010066986,round_or_cubic,0.02200007438659668,0.0549999475479126,0.054000020027160645,0.009065798483788967,0.18931297957897186,low_confidence
630,Mesh.1545,bearings_bushings_guides,0.37855589389801025,plates_discs_shapes,0.19605685770511627,irregular,0.034999847412109375,0.0549999475479126,0.08500000834465027,0.020720679312944412,0.18249903619289398,low_confidence
631,Mesh.1621,nuts,0.37083128094673157,bearings_bushings_guides,0.10133015364408493,irregular,0.006999969482421875,0.037000060081481934,0.03687363862991333,0.002354779513552785,0.26950112730264664,low_confidence
632,Mesh.1622,nuts,0.3218745291233063,bearings_bushings_guides,0.13857176899909973,irregular,0.006999969482421875,0.037000060081481934,0.03687363862991333,0.0023547797463834286,0.18330276012420654,low_confidence
637,Mesh.1588,screws_bolts_studs,0.34773606061935425,pins_rivets_keys,0.23934561014175415,compact_block,0.004824399948120117,0.003242015838623047,0.003242015838623047,5.719987166230567e-05,0.1083904504776001,low_confidence
638,Mesh.1589,bearings_bushings_guides,0.38228440284729004,pins_rivets_keys,0.15336716175079346,compact_block,0.0031890869140625,0.003999948501586914,0.0031999945640563965,7.976058986969292e-05,0.22891724109649658,low_confidence
639,Mesh.1590,pins_rivets_keys,0.27998173236846924,bearings_bushings_guides,0.2303067147731781,compact_block,0.0031890869140625,0.003999948501586914,0.0031999945640563965,7.976099732331932e-05,0.04967501759529114,low_confidence
640,Mesh.1591,pins_rivets_keys,0.2635675072669983,bearings_bushings_guides,0.22500133514404297,irregular,0.007100105285644531,0.0044907331466674805,0.004500001668930054,0.00019488575344439596,0.03856617212295532,low_confidence
644,Mesh.1595,bearings_bushings_guides,0.3466954231262207,pins_rivets_keys,0.19101984798908234,irregular,0.00709986686706543,0.00449061393737793,0.004500031471252441,0.00019488071848172694,0.15567557513713837,low_confidence
649,Mesh.1600,pins_rivets_keys,0.2709706425666809,bearings_bushings_guides,0.26224932074546814,irregular,0.007100105285644531,0.004484772682189941,0.004500001668930054,0.00019487696408759803,0.008721321821212769,low_confidence
655,Mesh.1606,pins_rivets_keys,0.3843095004558563,screws_bolts_studs,0.2254280298948288,compact_block,0.0049283504486083984,0.003242015838623047,0.003241986036300659,5.7382269005756825e-05,0.15888147056102753,low_confidence
656,Mesh.1607,motors_gearmotors,0.2959096431732178,handles_controls,0.2588542401790619,compact_block,0.10500001907348633,0.09070003032684326,0.08000004291534424,0.08002372831106186,0.037055402994155884,low_confidence
658,Mesh.1609,bearings_bushings_guides,0.3713626563549042,pins_rivets_keys,0.15184982120990753,compact_block,0.005800008773803711,0.004499912261962891,0.004484772682189941,0.00016019462782423943,0.21951283514499664,low_confidence
659,Mesh.1610,springs,0.3436170518398285,pins_rivets_keys,0.159018412232399,flat_plate,0.0008001327514648438,0.01620006561279297,0.01490834355354309,5.254454299574718e-05,0.1845986396074295,low_confidence
663,Mesh.1614,pins_rivets_keys,0.30991536378860474,springs,0.27084144949913025,flat_plate,0.0008001327514648438,0.01620006561279297,0.01490873098373413,5.2603842050302774e-05,0.03907391428947449,low_confidence
670,Mesh.1578,handles_controls,0.16337522864341736,motors_gearmotors,0.12093682587146759,irregular,0.042999982833862305,0.059999942779541016,0.08799999952316284,0.032629162073135376,0.04243840277194977,low_confidence
683,Mesh.1565,pipe_fittings_valves_nozzles,0.4278374910354614,bearings_bushings_guides,0.3732576072216034,round_or_cubic,0.0350000262260437,0.08399999141693115,0.08949750661849976,0.021670164540410042,0.05457988381385803,low_margin
695,Mesh.1505,pins_rivets_keys,0.3341038227081299,bearings_bushings_guides,0.16358625888824463,compact_block,0.0031890571117401123,0.003999948501586914,0.0031999945640563965,7.976071356097236e-05,0.17051756381988525,low_confidence
698,Mesh.1508,bearings_bushings_guides,0.3483049273490906,pipe_fittings_valves_nozzles,0.18229340016841888,irregular,0.0070999860763549805,0.004490852355957031,0.004546821117401123,0.00019509402045514435,0.1660115271806717,low_confidence
714,Mesh.1524,bearings_bushings_guides,0.27319177985191345,pins_rivets_keys,0.16497261822223663,compact_block,0.005800008773803711,0.004499912261962891,0.004484772682189941,0.00016019365284591913,0.10821916162967682,low_confidence
715,Mesh.1525,springs,0.1843390166759491,washers_rings_spacers,0.1657252311706543,flat_plate,0.000800013542175293,0.01620006561279297,0.014908373355865479,5.2538656746037304e-05,0.0186137855052948,low_confidence
717,Mesh.1527,springs,0.30935779213905334,pins_rivets_keys,0.2213040590286255,flat_plate,0.000800013542175293,0.014908671379089355,0.016200006008148193,5.262995546218008e-05,0.08805373311042786,low_confidence
719,Mesh.1529,pins_rivets_keys,0.16266217827796936,washers_rings_spacers,0.15400545299053192,flat_plate,0.000800013542175293,0.01620006561279297,0.014908671379089355,5.2598323236452416e-05,0.008656725287437439,low_confidence
725,Mesh.1535,screws_bolts_studs,0.32083752751350403,pins_rivets_keys,0.3032441735267639,compact_block,0.004971206188201904,0.00323486328125,0.003242015838623047,5.756402970291674e-05,0.017593353986740112,low_confidence
726,Mesh.1489,nuts,0.3539036214351654,bearings_bushings_guides,0.1254510134458542,irregular,0.00700002908706665,0.037000060081481934,0.03687363862991333,0.0023547911550849676,0.22845260798931122,low_confidence
732,Mesh.1498,handles_controls,0.1482039988040924,bearings_bushings_guides,0.09094986319541931,irregular,0.04300001263618469,0.059999942779541016,0.08799999952316284,0.032629162073135376,0.057254135608673096,low_confidence
734,Mesh.1499,nuts,0.3171822130680084,joints_clamps_structural_connectors,0.23825548589229584,irregular,0.011000007390975952,0.034999728202819824,0.03499943017959595,0.002953781047835946,0.07892672717571259,low_confidence
746,Mesh.1630,bearings_bushings_guides,0.3064088225364685,plates_discs_shapes,0.19590987265110016,irregular,0.08200007677078247,0.03450000286102295,0.04800009727478027,0.019462622702121735,0.11049894988536835,low_confidence
748,Mesh.1626,bearings_bushings_guides,0.3770178556442261,plates_discs_shapes,0.11582920700311661,irregular,0.08200004696846008,0.03450000286102295,0.04800009727478027,0.019462626427412033,0.26118864864110947,low_confidence
749,Mesh.1627,bearings_bushings_guides,0.3202524185180664,plates_discs_shapes,0.15884637832641602,irregular,0.0820000171661377,0.03450000286102295,0.04800009727478027,0.019462617114186287,0.1614060401916504,low_confidence
751,Mesh.1560,pipe_fittings_valves_nozzles,0.3735918700695038,bearings_bushings_guides,0.27715587615966797,round_or_cubic,0.03500008583068848,0.08399999141693115,0.08949753642082214,0.021670181304216385,0.09643599390983582,low_confidence
752,Mesh.1569,pins_rivets_keys,0.2865617871284485,handles_controls,0.15449415147304535,irregular,0.02500009536743164,0.12380003929138184,0.11880004405975342,0.016278255730867386,0.13206763565540314,low_confidence
755,Mesh.1573,bearings_bushings_guides,0.3010183274745941,plates_discs_shapes,0.26720884442329407,irregular,0.0350000262260437,0.0549999475479126,0.08500003814697266,0.020720750093460083,0.03380948305130005,low_confidence
756,Mesh.1559,plates_discs_shapes,0.2858288586139679,bearings_bushings_guides,0.20347629487514496,flat_plate,1.8500005602836609,0.015000104904174805,0.08000004291534424,0.36402949690818787,0.08235256373882294,low_confidence
758,Mesh.1561,joints_clamps_structural_connectors,0.37367740273475647,plates_discs_shapes,0.28960272669792175,irregular,0.17200005054473877,0.043000102043151855,0.2980000376701355,0.16055803000926971,0.08407467603683472,low_confidence
771,Mesh.1567,handles_controls,0.3413466513156891,pipe_fittings_valves_nozzles,0.12263555079698563,irregular,0.025000035762786865,0.12380003929138184,0.11880004405975342,0.016278263181447983,0.21871110051870346,low_confidence
773,Mesh.1483,pins_rivets_keys,0.37229591608047485,handles_controls,0.17527613043785095,irregular,0.025000035762786865,0.12380003929138184,0.11880004405975342,0.016278255730867386,0.1970197856426239,low_confidence
774,Mesh.1557,plates_discs_shapes,0.31679120659828186,joints_clamps_structural_connectors,0.24950358271598816,flat_plate,2.0000005960464478,0.014999985694885254,0.3500000536441803,1.0927467346191406,0.0672876238822937,low_confidence
776,Mesh.1479,bearings_bushings_guides,0.3069398105144501,plates_discs_shapes,0.12474368512630463,irregular,0.08200007677078247,0.03450000286102295,0.0480000376701355,0.01946261338889599,0.18219612538814545,low_confidence
777,Mesh.1480,bearings_bushings_guides,0.2366521805524826,plates_discs_shapes,0.15175320208072662,irregular,0.0820000171661377,0.03450000286102295,0.0480000376701355,0.01946260593831539,0.08489897847175598,low_confidence
778,Mesh.1478,bearings_bushings_guides,0.3098020553588867,plates_discs_shapes,0.14548517763614655,irregular,0.08200004696846008,0.03450000286102295,0.0480000376701355,0.019462617114186287,0.16431687772274017,low_confidence
780,Mesh.1547,bearings_bushings_guides,0.22946996986865997,joints_clamps_structural_connectors,0.15019644796848297,irregular,0.08200007677078247,0.03450000286102295,0.04800000786781311,0.019462618976831436,0.079273521900177,low_confidence
783,Mesh.1550,bearings_bushings_guides,0.34967702627182007,plates_discs_shapes,0.1503942310810089,irregular,0.08200004696846008,0.03450000286102295,0.04800000786781311,0.019462622702121735,0.19928279519081116,low_confidence
784,Mesh.1549,bearings_bushings_guides,0.3619021475315094,joints_clamps_structural_connectors,0.10168121010065079,irregular,0.0820000171661377,0.03450000286102295,0.04800000786781311,0.01946260780096054,0.2602209374308586,low_confidence
786,Mesh.1896,joints_clamps_structural_connectors,0.3877226412296295,plates_discs_shapes,0.21121326088905334,flat_plate,0.012000083923339844,0.15000009536743164,1.4139999747276306,0.4617357850074768,0.17650938034057617,low_confidence
788,Mesh.1878,handles_controls,0.33409127593040466,joints_clamps_structural_connectors,0.16410011053085327,irregular,0.12800002098083496,0.08000004291534424,0.059999942779541016,0.0329674631357193,0.1699911653995514,low_confidence
795,Mesh.1888,bearings_bushings_guides,0.3934219777584076,screws_bolts_studs,0.3136489689350128,flat_plate,0.004484653472900391,0.004499912261962891,1.2382000088691711,0.01292206346988678,0.07977300882339478,low_confidence
796,Mesh.1889,bearings_bushings_guides,0.3993355929851532,screws_bolts_studs,0.3105458617210388,flat_plate,0.004484653472900391,0.004500031471252441,1.2382000088691711,0.012922113761305809,0.08878973126411438,low_confidence
797,Mesh.1890,bearings_bushings_guides,0.3994442820549011,screws_bolts_studs,0.31197643280029297,flat_plate,0.004484653472900391,0.004500031471252441,1.2382000088691711,0.012921726331114769,0.08746784925460815,low_confidence
798,Mesh.1891,bearings_bushings_guides,0.39386820793151855,screws_bolts_studs,0.31385624408721924,flat_plate,0.004484653472900391,0.004500031471252441,1.2381999492645264,0.012922091409564018,0.08001196384429932,low_confidence
799,Mesh.1885,handles_controls,0.3762510120868683,bearings_bushings_guides,0.16277451813220978,irregular,0.03900003433227539,0.013700008392333984,0.026000022888183594,0.0021519875153899193,0.2134764939546585,low_confidence
801,Mesh.1884,handles_controls,0.3817223012447357,bearings_bushings_guides,0.2065279185771942,irregular,0.03900003433227539,0.013700008392333984,0.026000022888183594,0.002151987748220563,0.1751943826675415,low_confidence
802,Mesh.1883,nuts,0.1724863201379776,gears_pulleys_chains,0.15491801500320435,irregular,0.019999980926513672,0.024393320083618164,0.006999969482421875,0.0018497908022254705,0.017568305134773254,low_confidence
809,Mesh.1899,pins_rivets_keys,0.30153724551200867,handles_controls,0.29671743512153625,flat_plate,0.07249999046325684,0.1449747085571289,1.1724916696548462,0.502799391746521,0.004819810390472412,low_confidence
810,Mesh.1423,joints_clamps_structural_connectors,0.23479320108890533,rotating_fluid_machinery,0.1837521642446518,irregular,0.2097882628440857,0.16073957085609436,0.032000064849853516,0.06967085599899292,0.05104103684425354,low_confidence
816,Mesh.1409,pipe_fittings_valves_nozzles,0.3317676782608032,bearings_bushings_guides,0.18574167788028717,round_or_cubic,0.11000001430511475,0.11000001430511475,0.039999961853027344,0.03540831804275513,0.14602600038051605,low_confidence
819,Mesh.1390,pipe_fittings_valves_nozzles,0.3862074315547943,pins_rivets_keys,0.1625751405954361,long_slender,0.016000032424926758,0.015945374965667725,0.054000020027160645,0.0029836813919246197,0.22363229095935822,low_confidence
821,Mesh.1426,joints_clamps_structural_connectors,0.3834335207939148,bearings_bushings_guides,0.17740128934383392,irregular,0.12000006437301636,0.04000002145767212,0.039999961853027344,0.02263069525361061,0.20603223145008087,low_confidence
827,Mesh.1433,joints_clamps_structural_connectors,0.24499061703681946,bearings_bushings_guides,0.2126437872648239,irregular,0.11999988555908203,0.03999999165534973,0.040000081062316895,0.023323727771639824,0.032346829771995544,low_confidence
834,Mesh.1429,pipe_fittings_valves_nozzles,0.3029698431491852,handles_controls,0.12458165735006332,long_slender,0.016000032424926758,0.015945374965667725,0.054000020027160645,0.0029836813919246197,0.17838818579912186,low_confidence
842,Mesh.1373,pipe_fittings_valves_nozzles,0.290203332901001,plates_discs_shapes,0.1178266704082489,irregular,0.037999868392944336,0.01199999451637268,0.03799796104431152,0.004906684160232544,0.17237666249275208,low_confidence
844,Mesh.1378,pipe_fittings_valves_nozzles,0.334175169467926,bearings_bushings_guides,0.10796234756708145,irregular,0.03799772262573242,0.012000024318695068,0.03799760341644287,0.004906682297587395,0.22621282190084457,low_confidence
847,Mesh.1375,pipe_fittings_valves_nozzles,0.2722739279270172,plates_discs_shapes,0.13000214099884033,irregular,0.037999868392944336,0.01199999451637268,0.03799796104431152,0.004906684160232544,0.14227178692817688,low_confidence
848,Mesh.1380,pipe_fittings_valves_nozzles,0.3304555118083954,bearings_bushings_guides,0.09926919639110565,irregular,0.03799772262573242,0.012000024318695068,0.03799760341644287,0.004906682297587395,0.23118631541728973,low_confidence
850,Mesh.1394,pipe_fittings_valves_nozzles,0.22550249099731445,plates_discs_shapes,0.1557440608739853,irregular,0.037999868392944336,0.01199999451637268,0.03799796104431152,0.004906684160232544,0.06975843012332916,low_confidence
852,Mesh.1393,pipe_fittings_valves_nozzles,0.26645830273628235,springs,0.1114022508263588,irregular,0.03799772262573242,0.012000024318695068,0.03799760341644287,0.004906682297587395,0.15505605190992355,low_confidence
855,Mesh.1397,plates_discs_shapes,0.18760472536087036,pipe_fittings_valves_nozzles,0.16849656403064728,irregular,0.037999868392944336,0.01199999451637268,0.03799796104431152,0.004906684160232544,0.019108161330223083,low_confidence
856,Mesh.1392,pipe_fittings_valves_nozzles,0.2992122769355774,bearings_bushings_guides,0.12018640339374542,irregular,0.03799772262573242,0.012000024318695068,0.03799760341644287,0.004906682297587395,0.17902587354183197,low_confidence
869,Mesh.1412,pins_rivets_keys,0.26943257451057434,screws_bolts_studs,0.14087608456611633,flat_plate,0.01998746395111084,0.019977569580078125,0.346500039100647,0.02073376625776291,0.128556489944458,low_confidence
874,Mesh.1368,plates_discs_shapes,0.3855210542678833,bearings_bushings_guides,0.18825528025627136,irregular,0.02499985694885254,0.034999996423721313,0.02200007438659668,0.005085039883852005,0.19726577401161194,low_confidence
875,Mesh.1402,pipe_fittings_valves_nozzles,0.2206505537033081,plates_discs_shapes,0.14204594492912292,irregular,0.03799879550933838,0.01199999451637268,0.037999629974365234,0.0049066850915551186,0.07860460877418518,low_confidence
877,Mesh.1407,pipe_fittings_valves_nozzles,0.32364869117736816,plates_discs_shapes,0.1450984627008438,irregular,0.03799998760223389,0.012000024318695068,0.03799998760223389,0.004906686022877693,0.17855022847652435,low_confidence
880,Mesh.1405,pipe_fittings_valves_nozzles,0.23498448729515076,plates_discs_shapes,0.14127811789512634,irregular,0.03799879550933838,0.01199999451637268,0.037999629974365234,0.0049066850915551186,0.09370636940002441,low_confidence
881,Mesh.1401,pipe_fittings_valves_nozzles,0.22144262492656708,springs,0.10908808559179306,irregular,0.03799998760223389,0.012000024318695068,0.03799998760223389,0.004906686022877693,0.11235453933477402,low_confidence
884,Mesh.1360,bearings_bushings_guides,0.25748705863952637,plates_discs_shapes,0.24426046013832092,irregular,0.02499985694885254,0.034999996423721313,0.02200007438659668,0.005085039883852005,0.013226598501205444,low_confidence
890,Mesh.1348,pipe_fittings_valves_nozzles,0.29380151629447937,plates_discs_shapes,0.12617748975753784,irregular,0.037995338439941406,0.012000024318695068,0.037995338439941406,0.004906682297587395,0.16762402653694153,low_confidence
892,Mesh.1354,pipe_fittings_valves_nozzles,0.2711104452610016,plates_discs_shapes,0.10180243849754333,irregular,0.037999868392944336,0.012000024318695068,0.037996530532836914,0.004906684625893831,0.16930800676345825,low_confidence
895,Mesh.1349,pipe_fittings_valves_nozzles,0.2901071608066559,plates_discs_shapes,0.1125035509467125,irregular,0.037995338439941406,0.012000024318695068,0.037995338439941406,0.004906682297587395,0.1776036098599434,low_confidence
896,Mesh.1352,pipe_fittings_valves_nozzles,0.26184362173080444,bearings_bushings_guides,0.0996762216091156,irregular,0.037999868392944336,0.012000024318695068,0.037996530532836914,0.004906684625893831,0.16216740012168884,low_confidence
898,Mesh.1215,joints_clamps_structural_connectors,0.3743981719017029,pins_rivets_keys,0.1676252782344818,irregular,0.11999988555908203,0.039999961853027344,0.039999961853027344,0.022630659863352776,0.20677289366722107,low_confidence
901,Mesh.1229,joints_clamps_structural_connectors,0.20787400007247925,pins_rivets_keys,0.16949620842933655,irregular,0.11999988555908203,0.039999961853027344,0.039999961853027344,0.022630659863352776,0.0383777916431427,low_confidence
903,Mesh.1238,bearings_bushings_guides,0.34723564982414246,joints_clamps_structural_connectors,0.16298465430736542,irregular,0.12000000476837158,0.04000002145767212,0.040000081062316895,0.023323744535446167,0.18425099551677704,low_confidence
906,Mesh.1250,pipe_fittings_valves_nozzles,0.3453116714954376,bearings_bushings_guides,0.09167736768722534,long_slender,0.016000032424926758,0.01594531536102295,0.054000020027160645,0.002983677200973034,0.2536343038082123,low_confidence
922,Mesh.1210,pins_rivets_keys,0.30469027161598206,plates_discs_shapes,0.17911815643310547,flat_plate,0.7800000905990601,0.009999990463256836,0.039999961853027344,0.0786723643541336,0.1255721151828766,low_confidence
923,Mesh.1240,joints_clamps_structural_connectors,0.29130908846855164,pins_rivets_keys,0.20586423575878143,flat_plate,0.5699999332427979,0.030000030994415283,0.018000006675720215,0.053796619176864624,0.0854448527097702,low_confidence
924,Mesh.1239,plates_discs_shapes,0.292721152305603,joints_clamps_structural_connectors,0.15553894639015198,irregular,0.029999971389770508,0.06223660707473755,0.015999913215637207,0.004842653870582581,0.13718220591545105,low_confidence
926,Mesh.1232,pins_rivets_keys,0.21378903090953827,joints_clamps_structural_connectors,0.12482386827468872,flat_plate,0.01998758316040039,0.019977569580078125,0.346500039100647,0.020733773708343506,0.08896516263484955,low_confidence
937,Mesh.1208,pins_rivets_keys,0.30487513542175293,washers_rings_spacers,0.132865309715271,flat_plate,0.5699999332427979,0.030000030994415283,0.018000006675720215,0.053796619176864624,0.17200982570648193,low_confidence
939,Mesh.1227,pipe_fittings_valves_nozzles,0.28366556763648987,bearings_bushings_guides,0.1716323345899582,round_or_cubic,0.1099998950958252,0.11000001430511475,0.039999961853027344,0.03540828824043274,0.11203323304653168,low_confidence
941,Mesh.1235,bearings_bushings_guides,0.2153296172618866,pins_rivets_keys,0.21034151315689087,flat_plate,0.7800000905990601,0.010000050067901611,0.040000081062316895,0.07867245376110077,0.0049881041049957275,low_confidence
946,Mesh.1245,pins_rivets_keys,0.18695873022079468,joints_clamps_structural_connectors,0.17273980379104614,irregular,0.20978808403015137,0.16073960065841675,0.032000064849853516,0.0696709007024765,0.014218926429748535,low_confidence
948,Mesh.1217,plates_discs_shapes,0.36663028597831726,bearings_bushings_guides,0.21732734143733978,irregular,0.02499997615814209,0.0350000262260437,0.02200007438659668,0.005085056181997061,0.14930294454097748,low_confidence
949,Mesh.1247,plates_discs_shapes,0.3846330940723419,bearings_bushings_guides,0.1904071867465973,irregular,0.02499985694885254,0.0350000262260437,0.02200007438659668,0.005085042677819729,0.19422590732574463,low_confidence
950,Mesh.1216,plates_discs_shapes,0.30773013830184937,bearings_bushings_guides,0.24154014885425568,irregular,0.02499985694885254,0.0350000262260437,0.02200007438659668,0.005085042677819729,0.06618998944759369,low_confidence
951,Mesh.1224,bearings_bushings_guides,0.29862454533576965,plates_discs_shapes,0.20225688815116882,irregular,0.02499997615814209,0.0350000262260437,0.02200007438659668,0.005085056181997061,0.09636765718460083,low_confidence
954,Mesh.1161,springs,0.33248215913772583,pins_rivets_keys,0.19679687917232513,flat_plate,0.6600000858306885,0.04000002145767212,0.039999961853027344,0.26995396614074707,0.1356852799654007,low_confidence
957,Mesh.1145,joints_clamps_structural_connectors,0.312124103307724,bearings_bushings_guides,0.15542064607143402,irregular,0.12000006437301636,0.04000002145767212,0.040000081062316895,0.023323750123381615,0.15670345723628998,low_confidence
970,Mesh.1177,pipe_fittings_valves_nozzles,0.17643363773822784,pins_rivets_keys,0.16001835465431213,long_slender,0.016000032424926758,0.01594531536102295,0.054000020027160645,0.002983677200973034,0.01641528308391571,low_confidence
976,Mesh.1176,pins_rivets_keys,0.254871129989624,plates_discs_shapes,0.19868779182434082,flat_plate,0.7799999713897705,0.009999990463256836,0.039999961853027344,0.0786723643541336,0.0561833381652832,low_confidence
978,Mesh.1148,joints_clamps_structural_connectors,0.38786134123802185,plates_discs_shapes,0.22601668536663055,irregular,0.029999971389770508,0.06223660707473755,0.015999913215637207,0.004842654336243868,0.1618446558713913,low_confidence
980,Mesh.1172,handles_controls,0.1936822533607483,joints_clamps_structural_connectors,0.18589897453784943,flat_plate,0.01998746395111084,0.019977569580078125,0.346500039100647,0.020733775570988655,0.007783278822898865,low_confidence
986,Mesh.1162,joints_clamps_structural_connectors,0.36759263277053833,springs,0.16649799048900604,flat_plate,0.15571939945220947,0.11766517162322998,0.015000104904174805,0.012864378280937672,0.2010946422815323,low_confidence
993,Mesh.1164,pipe_fittings_valves_nozzles,0.2794550061225891,bearings_bushings_guides,0.21197623014450073,round_or_cubic,0.1100001335144043,0.11000001430511475,0.039999961853027344,0.03540833294391632,0.06747877597808838,low_confidence
995,Mesh.1156,pins_rivets_keys,0.26432859897613525,plates_discs_shapes,0.2500170171260834,flat_plate,0.7799999713897705,0.010000050067901611,0.040000081062316895,0.07867245376110077,0.01431158185005188,low_confidence
1000,Mesh.1146,joints_clamps_structural_connectors,0.38472115993499756,pins_rivets_keys,0.11976440995931625,irregular,0.20978832244873047,0.16073960065841675,0.032000064849853516,0.06967088580131531,0.2649567499756813,low_confidence
1002,Mesh.1144,bearings_bushings_guides,0.34052741527557373,plates_discs_shapes,0.24029392004013062,irregular,0.02499997615814209,0.0350000262260437,0.02200007438659668,0.005085056181997061,0.10023349523544312,low_confidence
1003,Mesh.1189,bearings_bushings_guides,0.29778915643692017,plates_discs_shapes,0.2095208466053009,irregular,0.02499997615814209,0.0350000262260437,0.02200007438659668,0.005085056181997061,0.08826830983161926,low_confidence
1004,Mesh.1168,plates_discs_shapes,0.2624472975730896,bearings_bushings_guides,0.2536284923553467,irregular,0.02499997615814209,0.0350000262260437,0.02200007438659668,0.005085056181997061,0.00881880521774292,low_confidence
1006,Mesh.1268,screws_bolts_studs,0.3244873583316803,handles_controls,0.1320040374994278,irregular,0.08999007940292358,0.19500000774860382,0.08979320526123047,0.030028309673070908,0.1924833208322525,low_confidence
1009,Mesh.1264,rotating_fluid_machinery,0.3131665289402008,plates_discs_shapes,0.14584945142269135,irregular,0.09999990463256836,0.017000000923871994,0.09999990463256836,0.02512434683740139,0.16731707751750946,low_confidence
1011,Mesh.1263,handles_controls,0.3121969401836395,rotating_fluid_machinery,0.159688338637352,compact_block,0.08520174026489258,0.06999976933002472,0.07600009441375732,0.03264813497662544,0.15250860154628754,low_confidence
1012,Mesh.1265,pins_rivets_keys,0.30912545323371887,bearings_bushings_guides,0.18341924250125885,compact_block,0.03749990463256836,0.0373719185590744,0.05200004577636719,0.008473069407045841,0.12570621073246002,low_confidence
1014,Mesh.1315,joints_clamps_structural_connectors,0.14544163644313812,rotating_fluid_machinery,0.12391781806945801,long_slender,0.039999961853027344,0.3019999861717224,0.039999961853027344,0.1347711980342865,0.021523818373680115,low_confidence
1015,Mesh.1316,joints_clamps_structural_connectors,0.1895136535167694,springs,0.1359694004058838,flat_plate,0.4265000820159912,0.039999961853027344,0.039999961853027344,0.18977752327919006,0.05354425311088562,low_confidence
1021,Mesh.1322,pins_rivets_keys,0.20527507364749908,springs,0.17117908596992493,flat_plate,0.42649996280670166,0.04000002145767212,0.040000081062316895,0.1897774487733841,0.03409598767757416,low_confidence
1022,Mesh.1323,joints_clamps_structural_connectors,0.14934608340263367,rotating_fluid_machinery,0.1370476633310318,long_slender,0.040000200271606445,0.3019999861717224,0.039999961853027344,0.1347709447145462,0.012298420071601868,low_confidence
1026,Mesh.1327,pins_rivets_keys,0.35196951031684875,joints_clamps_structural_connectors,0.18987329304218292,flat_plate,0.039999961853027344,0.04000002145767212,0.5700000524520874,0.2531780004501343,0.16209621727466583,low_confidence
1027,Mesh.1328,pins_rivets_keys,0.3346223831176758,joints_clamps_structural_connectors,0.17771659791469574,flat_plate,0.039999961853027344,0.04000002145767212,0.5700000524520874,0.2531786561012268,0.15690578520298004,low_confidence
1030,Mesh.1331,joints_clamps_structural_connectors,0.355055034160614,pins_rivets_keys,0.13904154300689697,flat_plate,0.039999961853027344,0.03999999165534973,0.5700000524520874,0.2531784474849701,0.21601349115371704,low_confidence
1032,Mesh.1333,pins_rivets_keys,0.391484797000885,joints_clamps_structural_connectors,0.15740370750427246,flat_plate,0.039999961853027344,0.04000002145767212,0.5700000524520874,0.25317835807800293,0.23408108949661255,low_confidence
1033,Mesh.1334,rotating_fluid_machinery,0.1939639002084732,joints_clamps_structural_connectors,0.14386047422885895,long_slender,0.039999961853027344,0.3019999861717224,0.039999961853027344,0.13477133214473724,0.05010342597961426,low_confidence
1034,Mesh.1335,joints_clamps_structural_connectors,0.25053390860557556,pins_rivets_keys,0.23102815449237823,flat_plate,0.039999961853027344,0.04000002145767212,0.5700000524520874,0.2531784176826477,0.019505754113197327,low_confidence
1036,Mesh.1337,pins_rivets_keys,0.2969643473625183,joints_clamps_structural_connectors,0.2739774286746979,flat_plate,0.03999984264373779,0.04000002145767212,0.5700000524520874,0.25317811965942383,0.022986918687820435,low_confidence
1038,Mesh.1339,pins_rivets_keys,0.30267372727394104,springs,0.1395246535539627,flat_plate,0.040000200271606445,0.03999999165534973,0.5700000524520874,0.2531782388687134,0.16314907371997833,low_confidence
1039,Mesh.1340,joints_clamps_structural_connectors,0.2632175087928772,rotating_fluid_machinery,0.09495940804481506,long_slender,0.039999961853027344,0.32200002670288086,0.039999961853027344,0.14360763132572174,0.16825810074806213,low_confidence
1040,Mesh.1341,joints_clamps_structural_connectors,0.34248751401901245,handles_controls,0.13412003219127655,flat_plate,0.039999961853027344,0.04000002145767212,0.5699999332427979,0.25317808985710144,0.2083674818277359,low_confidence
1041,Mesh.1342,joints_clamps_structural_connectors,0.18247570097446442,pins_rivets_keys,0.11263979971408844,flat_plate,0.039999961853027344,0.03999999165534973,0.33500003814697266,0.1493512988090515,0.06983590126037598,low_confidence
1046,Mesh.1296,rotating_fluid_machinery,0.2571452558040619,plates_discs_shapes,0.20242778956890106,irregular,0.09999990463256836,0.017000000923871994,0.10000002384185791,0.025124365463852882,0.05471746623516083,low_confidence
1048,Mesh.1297,handles_controls,0.37196463346481323,rotating_fluid_machinery,0.16996553540229797,compact_block,0.08520174026489258,0.06999976933002472,0.07600009441375732,0.03264813497662544,0.20199909806251526,low_confidence
1053,Mesh.1307,rotating_fluid_machinery,0.3606349229812622,plates_discs_shapes,0.13964951038360596,irregular,0.09999990463256836,0.017000000923871994,0.09999990463256836,0.02512434311211109,0.22098541259765625,low_confidence
1054,Mesh.1308,bearings_bushings_guides,0.37734052538871765,washers_rings_spacers,0.3116779923439026,round_or_cubic,0.07500004768371582,0.07500000298023224,0.04799997806549072,0.022508863359689713,0.06566253304481506,low_confidence
1056,Mesh.1310,pins_rivets_keys,0.3771320879459381,bearings_bushings_guides,0.13897645473480225,compact_block,0.03749990463256836,0.0373719185590744,0.05200004577636719,0.008473096415400505,0.23815563321113586,low_confidence
1061,Mesh.1272,screws_bolts_studs,0.19202999770641327,motors_gearmotors,0.16602592170238495,compact_block,0.044766902923583984,0.06293648481369019,0.04955601692199707,0.009576557204127312,0.02600407600402832,low_confidence
1062,Mesh.1273,plates_discs_shapes,0.2658420205116272,washers_rings_spacers,0.24779200553894043,irregular,0.023798227310180664,0.004999995231628418,0.02379775047302246,0.0012531717075034976,0.018050014972686768,low_confidence
1064,Mesh.1270,joints_clamps_structural_connectors,0.33871763944625854,handles_controls,0.24805323779582977,round_or_cubic,0.06000018119812012,0.08000001311302185,0.029999971389770508,0.02185598760843277,0.09066440165042877,low_confidence
1067,Mesh.1345,screws_bolts_studs,0.24053339660167694,joints_clamps_structural_connectors,0.15882769227027893,compact_block,0.044766902923583984,0.06293648481369019,0.04955601692199707,0.009576551616191864,0.08170570433139801,low_confidence
1068,Mesh.1346,plates_discs_shapes,0.2747863233089447,washers_rings_spacers,0.24740171432495117,irregular,0.023798227310180664,0.004999995231628418,0.02379775047302246,0.0012531728716567159,0.02738460898399353,low_confidence
1075,Mesh.1283,plates_discs_shapes,0.23634546995162964,rotating_fluid_machinery,0.1880633682012558,irregular,0.09999990463256836,0.017000000923871994,0.09999990463256836,0.02512434311211109,0.04828210175037384,low_confidence
1076,Mesh.1285,bearings_bushings_guides,0.3876107335090637,washers_rings_spacers,0.2917101979255676,round_or_cubic,0.07500004768371582,0.07500000298023224,0.04799997806549072,0.022508863359689713,0.0959005355834961,low_confidence
1080,Mesh.1301,plates_discs_shapes,0.2868293523788452,joints_clamps_structural_connectors,0.12928412854671478,flat_plate,0.7399998903274536,0.30200005508959293,0.0700000524520874,0.5294189453125,0.15754522383213043,low_confidence
1081,Mesh.1288,screws_bolts_studs,0.2677833139896393,handles_controls,0.13557352125644684,compact_block,0.04354119300842285,0.06293648481369019,0.05091214179992676,0.009576559998095036,0.13220979273319244,low_confidence
1082,Mesh.1289,plates_discs_shapes,0.2904708981513977,washers_rings_spacers,0.24448160827159882,irregular,0.023774147033691406,0.004999995231628418,0.02379286289215088,0.0012531725224107504,0.04598928987979889,low_confidence
1084,Mesh.1290,joints_clamps_structural_connectors,0.38690781593322754,pins_rivets_keys,0.20092125236988068,long_slender,0.800000011920929,0.12000006437301636,0.2059999704360962,0.6491144299507141,0.18598656356334686,low_confidence
1086,Mesh.1302,screws_bolts_studs,0.3023127615451813,handles_controls,0.14907221496105194,compact_block,0.044766902923583984,0.06293648481369019,0.04955601692199707,0.009576557204127312,0.15324054658412933,low_confidence
1087,Mesh.1303,plates_discs_shapes,0.2686106562614441,washers_rings_spacers,0.26548126339912415,irregular,0.023798227310180664,0.004999995231628418,0.02379775047302246,0.0012531717075034976,0.0031293928623199463,low_confidence
1093,Mesh.1292,screws_bolts_studs,0.3143845200538635,pipe_fittings_valves_nozzles,0.12432292848825455,compact_block,0.044217824935913086,0.06293648481369019,0.051062703132629395,0.009576549753546715,0.19006159156560898,low_confidence
1094,Mesh.1293,plates_discs_shapes,0.3075316250324249,washers_rings_spacers,0.225434809923172,irregular,0.023787498474121094,0.004999995231628418,0.023789286613464355,0.0012531732209026814,0.08209681510925293,low_confidence
1096,Mesh.1275,plates_discs_shapes,0.3902059495449066,joints_clamps_structural_connectors,0.08689683675765991,flat_plate,0.29200005531311035,0.029999971389770508,0.5450000762939453,0.3608553409576416,0.3033091127872467,low_confidence
1105,Mesh.134,joints_clamps_structural_connectors,0.3051900267601013,handles_controls,0.15286090970039368,flat_plate,0.01998746395111084,0.0199773907661438,0.35050010681152344,0.020252268761396408,0.15232911705970764,low_confidence
1106,Mesh.135,pins_rivets_keys,0.2921557128429413,joints_clamps_structural_connectors,0.14505189657211304,flat_plate,0.6700000464916229,0.029999971389770508,0.017999887466430664,0.06277802586555481,0.14710381627082825,low_confidence
1126,Mesh.138,washers_rings_spacers,0.31457391381263733,pins_rivets_keys,0.16772283613681793,flat_plate,0.6700000166893005,0.029999971389770508,0.017999887466430664,0.06277802586555481,0.1468510776758194,low_confidence
1142,Mesh.148,plates_discs_shapes,0.3821135461330414,bearings_bushings_guides,0.16446541249752045,irregular,0.025000005960464478,0.04500001668930054,0.06400012969970703,0.010686800815165043,0.21764813363552094,low_confidence
1143,Mesh.146,pins_rivets_keys,0.23322738707065582,handles_controls,0.15536294877529144,long_slender,0.00550001859664917,0.03049999475479126,0.004399895668029785,0.0005654068663716316,0.07786443829536438,low_confidence
1144,Mesh.142,gears_pulleys_chains,0.14501312375068665,pipe_fittings_valves_nozzles,0.13622722029685974,round_or_cubic,0.02499997615814209,0.06599998474121094,0.06200003623962402,0.011174505576491356,0.008785903453826904,low_confidence
1147,Mesh.143,plates_discs_shapes,0.13955043256282806,pipe_fittings_valves_nozzles,0.113453708589077,round_or_cubic,0.030000001192092896,0.05299997329711914,0.06400001049041748,0.027402421459555626,0.026096723973751068,low_confidence
1148,Mesh.144,handles_controls,0.36714422702789307,screws_bolts_studs,0.08823233842849731,long_slender,0.005499988794326782,0.030500054359436035,0.004400014877319336,0.0005654074484482408,0.27891188859939575,low_confidence
1151,Mesh.078,handles_controls,0.11726999282836914,rotating_fluid_machinery,0.11477739363908768,flat_plate,0.04619377851486206,0.011200010776519775,0.3331937789916992,0.004647767171263695,0.0024925991892814636,low_confidence
1153,Mesh.122,handles_controls,0.19038107991218567,plates_discs_shapes,0.1806015968322754,round_or_cubic,0.06400001049041748,0.029999971389770508,0.05299997329711914,0.02740241028368473,0.009779483079910278,low_confidence
1157,Mesh.118,handles_controls,0.37666910886764526,pins_rivets_keys,0.2155648171901703,flat_plate,0.0043999552726745605,0.005800008773803711,0.04050004482269287,0.0006459910655394197,0.16110429167747498,low_confidence
1163,Mesh.112,plates_discs_shapes,0.32806313037872314,pins_rivets_keys,0.10786725580692291,flat_plate,0.2900000810623169,0.003000020980834961,0.015000104904174805,0.010568918660283089,0.22019587457180023,low_confidence
1170,Mesh.101,bearings_bushings_guides,0.21198125183582306,pins_rivets_keys,0.15524032711982727,irregular,0.004982948303222656,0.009999990463256836,0.004999995231628418,0.0001628698082640767,0.05674092471599579,low_confidence
1171,Mesh.102,screws_bolts_studs,0.19810564815998077,bearings_bushings_guides,0.1817919760942459,irregular,0.004982948303222656,0.009999990463256836,0.005000114440917969,0.00016286966274492443,0.016313672065734863,low_confidence
1172,Mesh.103,screws_bolts_studs,0.30281731486320496,bearings_bushings_guides,0.14000040292739868,irregular,0.004982948303222656,0.009999990463256836,0.004999995231628418,0.0001628703175811097,0.16281691193580627,low_confidence
1173,Mesh.104,bearings_bushings_guides,0.24868960678577423,screws_bolts_studs,0.1961541622877121,irregular,0.004982948303222656,0.009999990463256836,0.004999995231628418,0.00016286969184875488,0.052535444498062134,low_confidence
1174,Mesh.105,bearings_bushings_guides,0.21223962306976318,screws_bolts_studs,0.1540694385766983,irregular,0.004982948303222656,0.009999990463256836,0.005000114440917969,0.00016286953177768737,0.05817018449306488,low_confidence
1175,Mesh.106,screws_bolts_studs,0.22217825055122375,bearings_bushings_guides,0.19838283956050873,irregular,0.004982948303222656,0.009999990463256836,0.004999995231628418,0.00016287018661387265,0.023795410990715027,low_confidence
1176,Mesh.139,springs,0.12541554868221283,pins_rivets_keys,0.11712869256734848,flat_plate,0.04619377851486206,0.011200010776519775,0.33319365978240967,0.0046477713622152805,0.00828685611486435,low_confidence
1177,Mesh.149,rotating_fluid_machinery,0.12726035714149475,handles_controls,0.11099846661090851,flat_plate,0.04619377851486206,0.011200010776519775,0.33319365978240967,0.0046477713622152805,0.016261890530586243,low_confidence
1179,Mesh.091,rotating_fluid_machinery,0.151847243309021,handles_controls,0.10767581313848495,flat_plate,0.04619377851486206,0.011200010776519775,0.33319365978240967,0.0046477667056024075,0.04417143017053604,low_confidence
1188,Mesh.159,joints_clamps_structural_connectors,0.3603971302509308,springs,0.1407206654548645,irregular,0.1649453043937683,0.13031727075576782,0.027361273765563965,0.04440809413790703,0.21967646479606628,low_confidence
1196,Mesh.086,bearings_bushings_guides,0.2946911156177521,plates_discs_shapes,0.1314084827899933,irregular,0.12000000476837158,0.04000002145767212,0.039999961853027344,0.023324495181441307,0.1632826328277588,low_confidence
1199,Mesh.180,pipe_fittings_valves_nozzles,0.13840831816196442,joints_clamps_structural_connectors,0.1300225853919983,round_or_cubic,0.02500009536743164,0.06599998474121094,0.06200003623962402,0.011174534447491169,0.008385732769966125,low_confidence
1200,Mesh.182,pins_rivets_keys,0.24575203657150269,handles_controls,0.1509605199098587,long_slender,0.005499839782714844,0.030500054359436035,0.004400014877319336,0.0005654058768413961,0.09479151666164398,low_confidence
1201,Mesh.181,pins_rivets_keys,0.20420235395431519,springs,0.14536789059638977,long_slender,0.005500078201293945,0.03049999475479126,0.004399895668029785,0.0005654130363836884,0.058834463357925415,low_confidence
1208,Mesh.168,screws_bolts_studs,0.39096763730049133,pins_rivets_keys,0.29468587040901184,long_slender,0.004999876022338867,0.02499997615814209,0.004999995231628418,0.0003570334520190954,0.09628176689147949,low_confidence
1210,Mesh.170,bearings_bushings_guides,0.23364005982875824,screws_bolts_studs,0.15548591315746307,irregular,0.004982948303222656,0.009999990463256836,0.004999995231628418,0.00016287069593090564,0.07815414667129517,low_confidence
1211,Mesh.171,screws_bolts_studs,0.26633119583129883,bearings_bushings_guides,0.16067272424697876,irregular,0.004982948303222656,0.009999990463256836,0.005000114440917969,0.00016287056496366858,0.10565847158432007,low_confidence
1212,Mesh.172,screws_bolts_studs,0.22206474840641022,bearings_bushings_guides,0.18275469541549683,irregular,0.004982948303222656,0.009999990463256836,0.004999995231628418,0.00016287120524793863,0.03931005299091339,low_confidence
1213,Mesh.173,bearings_bushings_guides,0.19852234423160553,screws_bolts_studs,0.16123999655246735,irregular,0.004982948303222656,0.009999990463256836,0.004999995231628418,0.00016287130711134523,0.037282347679138184,low_confidence
1214,Mesh.174,screws_bolts_studs,0.23233254253864288,bearings_bushings_guides,0.19355320930480957,irregular,0.004982948303222656,0.009999990463256836,0.005000114440917969,0.00016287116159219295,0.03877933323383331,low_confidence
1215,Mesh.175,bearings_bushings_guides,0.17715972661972046,pins_rivets_keys,0.1703728437423706,irregular,0.004982948303222656,0.009999990463256836,0.004999995231628418,0.00016287181642837822,0.0067868828773498535,low_confidence
1216,Mesh.176,motors_gearmotors,0.29285070300102234,bearings_bushings_guides,0.18272517621517181,long_slender,0.06200003623962402,0.05533719062805176,0.2120000123977661,0.05858628824353218,0.11012552678585052,low_confidence
1218,Mesh.163,plates_discs_shapes,0.3794669210910797,pins_rivets_keys,0.1167525202035904,flat_plate,0.28999996185302734,0.003000020980834961,0.015000104904174805,0.01056891679763794,0.2627144008874893,low_confidence
1219,Mesh.205,handles_controls,0.15614160895347595,rotating_fluid_machinery,0.11401274055242538,flat_plate,0.046193838119506836,0.011200010776519775,0.33319365978240967,0.00464775413274765,0.04212886840105057,low_confidence
1222,Mesh.200,rotating_fluid_machinery,0.13300563395023346,handles_controls,0.1269148588180542,flat_plate,0.046193838119506836,0.011200010776519775,0.33319365978240967,0.0046477545984089375,0.00609077513217926,low_confidence
1224,Mesh.203,springs,0.12705793976783752,rotating_fluid_machinery,0.11773911863565445,flat_plate,0.046193838119506836,0.011200010776519775,0.3331937789916992,0.004647755995392799,0.009318821132183075,low_confidence
1225,Mesh.187,springs,0.12739315629005432,rotating_fluid_machinery,0.10581911355257034,flat_plate,0.046193838119506836,0.011200010776519775,0.33319365978240967,0.00464775413274765,0.02157404273748398,low_confidence
1227,Mesh.194,handles_controls,0.2988084852695465,pipe_fittings_valves_nozzles,0.11862588673830032,round_or_cubic,0.06399989128112793,0.029999971389770508,0.05299997329711914,0.027402415871620178,0.18018259853124619,low_confidence
1228,Mesh.197,pins_rivets_keys,0.3553374111652374,handles_controls,0.29501691460609436,flat_plate,0.004400014877319336,0.005800008773803711,0.04050004482269287,0.0006459919968619943,0.060320496559143066,low_confidence
1231,Mesh.198,gears_pulleys_chains,0.3687138259410858,plates_discs_shapes,0.07534896582365036,round_or_cubic,0.06200003623962402,0.02499997615814209,0.06600010395050049,0.011174509301781654,0.29336486011743546,low_confidence
1235,Mesh.192,pins_rivets_keys,0.39487576484680176,plates_discs_shapes,0.10322348028421402,irregular,0.010000228881835938,0.041999995708465576,0.04999995231628418,0.00498657813295722,0.29165228456258774,low_confidence
1240,Mesh.052,joints_clamps_structural_connectors,0.37661078572273254,bearings_bushings_guides,0.11219906806945801,long_slender,0.12000000476837158,0.03999999165534973,0.039999961853027344,0.02268282324075699,0.26441171765327454,low_confidence
1241,Mesh.020,joints_clamps_structural_connectors,0.2895362675189972,bearings_bushings_guides,0.14319093525409698,long_slender,0.12000001221895218,0.03999999165534973,0.039999961853027344,0.02332448773086071,0.1463453322649002,low_confidence
1244,Mesh.042,joints_clamps_structural_connectors,0.3574222922325134,pins_rivets_keys,0.2604285478591919,long_slender,0.12000000476837158,0.03999999165534973,0.039999961853027344,0.02268282324075699,0.09699374437332153,low_confidence
1245,Mesh.017,joints_clamps_structural_connectors,0.3590834438800812,bearings_bushings_guides,0.1816195547580719,long_slender,0.12000001221895218,0.03999999165534973,0.039999961853027344,0.02332448773086071,0.17746388912200928,low_confidence
1246,Mesh.061,pipe_fittings_valves_nozzles,0.3657582104206085,handles_controls,0.07726839184761047,long_slender,0.015999987721443176,0.015945345163345337,0.054000020027160645,0.0030058284755796194,0.28848981857299805,low_confidence
1254,Mesh.047,bearings_bushings_guides,0.3965262770652771,screws_bolts_studs,0.3110851049423218,flat_plate,0.8639248907566071,0.04400002956390381,0.015000104904174805,0.0602400079369545,0.08544117212295532,low_confidence
1257,Mesh.022,plates_discs_shapes,0.369855672121048,handles_controls,0.1275070309638977,flat_plate,0.042999982833862305,0.08400002121925354,0.010000109672546387,0.010520899668335915,0.24234864115715027,low_confidence
1258,Mesh.036,bearings_bushings_guides,0.35327792167663574,pipe_fittings_valves_nozzles,0.34916210174560547,round_or_cubic,0.11000007390975952,0.11000004410743713,0.040000081062316895,0.035340797156095505,0.0041158199310302734,low_confidence
1259,Mesh.065,pins_rivets_keys,0.2907407581806183,washers_rings_spacers,0.18185210227966309,flat_plate,0.6700000762939453,0.030000001192092896,0.017999887466430664,0.06277809292078018,0.1088886559009552,low_confidence
1272,Mesh.023,joints_clamps_structural_connectors,0.3512006998062134,handles_controls,0.153728187084198,flat_plate,0.019987523555755615,0.019977420568466187,0.35050010681152344,0.020252274349331856,0.19747251272201538,low_confidence
1277,Mesh.018,plates_discs_shapes,0.3076018989086151,bearings_bushings_guides,0.16658824682235718,flat_plate,0.8799999058246613,0.009999990463256836,0.03799998760223389,0.08511239290237427,0.14101365208625793,low_confidence
1289,Mesh.032,bearings_bushings_guides,0.24672481417655945,plates_discs_shapes,0.23336634039878845,flat_plate,0.879999965429306,0.010000079870223999,0.03799998760223389,0.08511245250701904,0.013358473777770996,low_confidence
1296,Mesh.033,bearings_bushings_guides,0.36029818654060364,washers_rings_spacers,0.2839081585407257,irregular,0.020992577075958252,0.021000027656555176,0.004999995231628418,0.0010047561954706907,0.07639002799987793,low_confidence
1317,Mesh.212,bearings_bushings_guides,0.29511308670043945,pipe_fittings_valves_nozzles,0.12374437600374222,irregular,0.09000015258789062,0.014200001955032349,0.08999991416931152,0.018722491338849068,0.17136871069669724,low_confidence
1319,Mesh.215,handles_controls,0.32576850056648254,joints_clamps_structural_connectors,0.09508218616247177,compact_block,0.0693216323852539,0.06730000674724579,0.07243120670318604,0.020789992064237595,0.23068631440401077,low_confidence
1320,Mesh.216,motors_gearmotors,0.2999572157859802,screws_bolts_studs,0.14856211841106415,round_or_cubic,0.039569854736328125,0.014948770403862,0.034449100494384766,0.0022480811458081007,0.15139509737491608,low_confidence
1326,Mesh.245,bearings_bushings_guides,0.19716565310955048,plates_discs_shapes,0.11947029083967209,irregular,0.09000015258789062,0.014200001955032349,0.08999991416931152,0.018722495064139366,0.07769536226987839,low_confidence
1328,Mesh.244,handles_controls,0.24130888283252716,pipe_fittings_valves_nozzles,0.13629050552845,compact_block,0.07243108749389648,0.06729999929666519,0.06932151317596436,0.020789988338947296,0.10501837730407715,low_confidence
1329,Mesh.249,motors_gearmotors,0.3424687385559082,handles_controls,0.11326555162668228,round_or_cubic,0.034449100494384766,0.014948770403862,0.03956961631774902,0.0022480750922113657,0.22920318692922592,low_confidence
1335,Mesh.221,bearings_bushings_guides,0.17705035209655762,pipe_fittings_valves_nozzles,0.1447867900133133,irregular,0.09000015258789062,0.014200001955032349,0.0899999737739563,0.018722498789429665,0.032263562083244324,low_confidence
1337,Mesh.219,handles_controls,0.16766294836997986,pipe_fittings_valves_nozzles,0.16570962965488434,compact_block,0.0693216323852539,0.06730000674724579,0.07243122160434723,0.020789988338947296,0.00195331871509552,low_confidence
1338,Mesh.223,motors_gearmotors,0.36717674136161804,screws_bolts_studs,0.14435125887393951,round_or_cubic,0.039569854736328125,0.014948770403862,0.03444899618625641,0.0022480797488242388,0.22282548248767853,low_confidence
1344,Mesh.235,pipe_fittings_valves_nozzles,0.18459336459636688,rotating_fluid_machinery,0.15605159103870392,irregular,0.09000015258789062,0.014200001955032349,0.08999998867511749,0.018722500652074814,0.028541773557662964,low_confidence
1346,Mesh.236,handles_controls,0.19124199450016022,joints_clamps_structural_connectors,0.1897537261247635,compact_block,0.07243108749389648,0.06729999929666519,0.06932143867015839,0.020789997652173042,0.0014882683753967285,low_confidence
1347,Mesh.240,motors_gearmotors,0.2910611033439636,handles_controls,0.14394505321979523,round_or_cubic,0.034449100494384766,0.014948770403862,0.03956964612007141,0.0022480753250420094,0.1471160501241684,low_confidence
1355,Mesh.902,handles_controls,0.2712256610393524,pipe_fittings_valves_nozzles,0.18750596046447754,compact_block,0.6000001430511475,0.5979999899864197,0.5100000649690628,2.8341901302337646,0.08371970057487488,low_confidence
1359,Mesh.939,bearings_bushings_guides,0.34768763184547424,pipe_fittings_valves_nozzles,0.18560464680194855,irregular,0.08999991416931152,0.014200001955032349,0.08999991416931152,0.01872246339917183,0.1620829850435257,low_confidence
1361,Mesh.937,handles_controls,0.260489284992218,joints_clamps_structural_connectors,0.12869992852210999,compact_block,0.0693213939666748,0.06730000674724579,0.07243120670318604,0.020790021866559982,0.13178935647010803,low_confidence
1362,Mesh.935,motors_gearmotors,0.26547402143478394,screws_bolts_studs,0.13598866760730743,round_or_cubic,0.03956961631774902,0.014948770403862,0.034449100494384766,0.0022480785846710205,0.1294853538274765,low_confidence
1368,Mesh.921,bearings_bushings_guides,0.21847954392433167,pipe_fittings_valves_nozzles,0.13277360796928406,irregular,0.08999991416931152,0.014200001955032349,0.08999991416931152,0.01872246339917183,0.08570593595504761,low_confidence
1370,Mesh.917,joints_clamps_structural_connectors,0.20543231070041656,handles_controls,0.1331561952829361,compact_block,0.07243120670318604,0.06729999929666519,0.06932151317596436,0.020789992064237595,0.07227611541748047,low_confidence
1371,Mesh.920,motors_gearmotors,0.3233063220977783,screws_bolts_studs,0.10630321502685547,round_or_cubic,0.034449100494384766,0.014948770403862,0.03956961631774902,0.0022480774205178022,0.21700310707092285,low_confidence
1377,Mesh.914,pipe_fittings_valves_nozzles,0.23077282309532166,bearings_bushings_guides,0.17267215251922607,irregular,0.08999991416931152,0.014200001955032349,0.08999998867511749,0.018722474575042725,0.05810067057609558,low_confidence
1379,Mesh.913,handles_controls,0.26736074686050415,joints_clamps_structural_connectors,0.12828108668327332,compact_block,0.0693213939666748,0.06730000674724579,0.07243122160434723,0.020790018141269684,0.13907966017723083,low_confidence
1380,Mesh.909,motors_gearmotors,0.3101145327091217,screws_bolts_studs,0.15631654858589172,round_or_cubic,0.03956961631774902,0.014948770403862,0.03444899618625641,0.002248076954856515,0.15379798412322998,low_confidence
1386,Mesh.931,bearings_bushings_guides,0.2444412261247635,pipe_fittings_valves_nozzles,0.1704809069633484,irregular,0.08999991416931152,0.014200001955032349,0.0899999737739563,0.018722467124462128,0.0739603191614151,low_confidence
1388,Mesh.928,handles_controls,0.23439817130565643,joints_clamps_structural_connectors,0.17487168312072754,compact_block,0.07243120670318604,0.06729999929666519,0.06932142376899719,0.02078999951481819,0.059526488184928894,low_confidence
1389,Mesh.932,motors_gearmotors,0.3845534026622772,handles_controls,0.1164831593632698,round_or_cubic,0.034449100494384766,0.014948770403862,0.03956964612007141,0.002248079050332308,0.2680702432990074,low_confidence
1397,Mesh.1464,joints_clamps_structural_connectors,0.16138513386249542,handles_controls,0.15764664113521576,compact_block,0.6000000759959221,0.5979999899864197,0.5100000649690628,2.8341901302337646,0.003738492727279663,low_confidence
1401,Mesh.1438,rotating_fluid_machinery,0.23922564089298248,plates_discs_shapes,0.11256163567304611,irregular,0.09000000357627869,0.014200001955032349,0.08999991416931152,0.018722470849752426,0.12666400521993637,low_confidence
1403,Mesh.1440,pipe_fittings_valves_nozzles,0.1983044296503067,rotating_fluid_machinery,0.11276998370885849,compact_block,0.06932145357131958,0.06730000674724579,0.07243120670318604,0.02079000324010849,0.08553444594144821,low_confidence
1404,Mesh.1437,motors_gearmotors,0.2432708591222763,screws_bolts_studs,0.16785185039043427,round_or_cubic,0.03956961631774902,0.014948770403862,0.034449100494384766,0.0022480799816548824,0.07541900873184204,low_confidence
1410,Mesh.1459,bearings_bushings_guides,0.22386133670806885,pipe_fittings_valves_nozzles,0.12532980740070343,irregular,0.0899999737739563,0.014200001955032349,0.08999991416931152,0.018722468987107277,0.09853152930736542,low_confidence
1412,Mesh.1460,joints_clamps_structural_connectors,0.2733162045478821,handles_controls,0.10193152725696564,compact_block,0.07243123650550842,0.06729999929666519,0.06932151317596436,0.020789993926882744,0.17138467729091644,low_confidence
1413,Mesh.1457,motors_gearmotors,0.2727394700050354,handles_controls,0.11868652701377869,round_or_cubic,0.034448981285095215,0.014948770403862,0.03956961631774902,0.002248076954856515,0.1540529429912567,low_confidence
1419,Mesh.1450,bearings_bushings_guides,0.2601976692676544,pipe_fittings_valves_nozzles,0.12643924355506897,irregular,0.0899999737739563,0.014200001955032349,0.0899999737739563,0.018722476437687874,0.13375842571258545,low_confidence
1421,Mesh.1449,joints_clamps_structural_connectors,0.2224556803703308,handles_controls,0.14251045882701874,compact_block,0.06932145357131958,0.06730000674724579,0.07243122160434723,0.02079000510275364,0.07994522154331207,low_confidence
1422,Mesh.1446,motors_gearmotors,0.3397981524467468,screws_bolts_studs,0.1198057010769844,round_or_cubic,0.0395696759223938,0.014948770403862,0.03444899618625641,0.0022480774205178022,0.21999245136976242,low_confidence
1428,Mesh.1472,bearings_bushings_guides,0.3738086521625519,pipe_fittings_valves_nozzles,0.143554225564003,irregular,0.09000000357627869,0.014200001955032349,0.0899999737739563,0.018722474575042725,0.2302544265985489,low_confidence
1430,Mesh.1471,joints_clamps_structural_connectors,0.25678399205207825,handles_controls,0.1925102174282074,compact_block,0.07243123650550842,0.06729999929666519,0.06932142376899719,0.02078999951481819,0.06427377462387085,low_confidence
1431,Mesh.1475,motors_gearmotors,0.2984381318092346,handles_controls,0.13346979022026062,round_or_cubic,0.034448981285095215,0.014948770403862,0.03956964612007141,0.0022480771876871586,0.164968341588974,low_confidence
1440,Mesh.1070,screws_bolts_studs,0.38583624362945557,pins_rivets_keys,0.22913123667240143,flat_plate,0.03946627676486969,0.41850000619888306,0.039466261863708496,0.024827834218740463,0.15670500695705414,low_confidence
1441,Mesh.1061,springs,0.16626527905464172,screws_bolts_studs,0.13730137050151825,long_slender,0.053000129759311676,0.4294999875128269,0.05299997329711914,0.14228378236293793,0.028963908553123474,low_confidence
1448,Mesh.1066,gears_pulleys_chains,0.31109994649887085,bearings_bushings_guides,0.2702883183956146,compact_block,0.020999997854232788,0.019999980926513672,0.02499997615814209,0.003195274155586958,0.040811628103256226,low_confidence
1450,Mesh.1055,washers_rings_spacers,0.2336156666278839,joints_clamps_structural_connectors,0.20982113480567932,flat_plate,0.49000002443790436,0.009999990463256836,0.5500000715255737,0.4908435344696045,0.02379453182220459,low_confidence
1459,Mesh.1119,bearings_bushings_guides,0.21169909834861755,plates_discs_shapes,0.15473119914531708,round_or_cubic,0.07499999180436134,0.06000000238418579,0.039999961853027344,0.02075762301683426,0.056967899203300476,low_confidence
1471,Mesh.1116,joints_clamps_structural_connectors,0.28000542521476746,motors_gearmotors,0.08897225558757782,flat_plate,0.33999997936189175,0.06000000238418579,0.03000009059906006,0.17834699153900146,0.19103316962718964,low_confidence
1480,Mesh.1131,joints_clamps_structural_connectors,0.34050944447517395,springs,0.07724981009960175,flat_plate,0.33999997936189175,0.06000000238418579,0.03000009059906006,0.17834699153900146,0.2632596343755722,low_confidence
1483,Mesh.1079,springs,0.13114389777183533,handles_controls,0.11824747174978256,flat_plate,0.014979701489210129,0.014993011951446533,0.346000075340271,0.015898602083325386,0.012896426022052765,low_confidence
1493,Mesh.1118,joints_clamps_structural_connectors,0.3038254380226135,pins_rivets_keys,0.11090131849050522,irregular,0.17920130491256714,0.15503549575805664,0.034999966621398926,0.05526747554540634,0.1929241195321083,low_confidence
1494,Mesh.1105,pins_rivets_keys,0.33352693915367126,joints_clamps_structural_connectors,0.1778281033039093,flat_plate,0.01999186365674177,0.4300000071525574,0.01997983455657959,0.028053727000951767,0.15569883584976196,low_confidence
1500,Mesh.1082,motors_gearmotors,0.3079656958580017,handles_controls,0.18157488107681274,compact_block,0.09000003337860107,0.10100001096725464,0.11800003051757812,0.05046936124563217,0.12639081478118896,low_confidence
1501,Mesh.1083,screws_bolts_studs,0.39372551441192627,pins_rivets_keys,0.27152982354164124,round_or_cubic,0.026639997959136963,0.02654898166656494,0.012799978256225586,0.0015276861377060413,0.12219569087028503,low_confidence
1507,Mesh.1089,plates_discs_shapes,0.33607614040374756,joints_clamps_structural_connectors,0.10411152243614197,compact_block,0.02000001072883606,0.020000040531158447,0.02500009536743164,0.0029201507568359375,0.2319646179676056,low_confidence
1509,Mesh.1139,plates_discs_shapes,0.2851378917694092,pipe_fittings_valves_nozzles,0.2510197162628174,irregular,0.039999961853027344,0.014999985694885254,0.06200003623962402,0.00913853570818901,0.0341181755065918,low_confidence
1512,Mesh.1088,pipe_fittings_valves_nozzles,0.2732006907463074,plates_discs_shapes,0.2154873013496399,flat_plate,0.09199998155236244,0.1899999976158142,0.009999990463256836,0.04074076563119888,0.05771338939666748,low_confidence
1513,Mesh.1100,pins_rivets_keys,0.33001869916915894,plates_discs_shapes,0.2948174476623535,flat_plate,0.4469999074935913,0.008000016212463379,0.056999921798706055,0.05918464437127113,0.03520125150680542,low_confidence
1517,Mesh.1092,joints_clamps_structural_connectors,0.3378743529319763,pins_rivets_keys,0.16636396944522858,flat_plate,0.019997000694274902,0.4300000071525574,0.019956469535827637,0.028053725138306618,0.17151038348674774,low_confidence
1519,Mesh.1135,joints_clamps_structural_connectors,0.39171934127807617,pins_rivets_keys,0.15535937249660492,flat_plate,0.019972167792730033,0.4300000071525574,0.01999974250793457,0.02805374562740326,0.23635996878147125,low_confidence
1530,Mesh.988,bearings_bushings_guides,0.18485772609710693,rotating_fluid_machinery,0.12817232310771942,irregular,0.09000000357627869,0.01419999822974205,0.08999991416931152,0.018722472712397575,0.05668540298938751,low_confidence
1533,Mesh.986,motors_gearmotors,0.33118194341659546,screws_bolts_studs,0.1201806515455246,round_or_cubic,0.0395696721971035,0.014948770403862,0.034449100494384766,0.002248080214485526,0.21100129187107086,low_confidence
1547,Mesh.953,plates_discs_shapes,0.21357139945030212,bearings_bushings_guides,0.153529554605484,irregular,0.06000000238418579,0.09399999678134918,0.01700007915496826,0.01578565314412117,0.060041844844818115,low_confidence
1549,Mesh.1035,pins_rivets_keys,0.2648855149745941,plates_discs_shapes,0.22132013738155365,flat_plate,0.40800000727176666,0.030000156722962856,0.4679999351501465,0.4028562307357788,0.043565377593040466,low_confidence
1553,Mesh.1013,rotating_fluid_machinery,0.19329120218753815,bearings_bushings_guides,0.1325877606868744,irregular,0.09000001847743988,0.01419999822974205,0.08999991416931152,0.018722474575042725,0.06070344150066376,low_confidence
1555,Mesh.1011,motors_gearmotors,0.31541505455970764,screws_bolts_studs,0.12868982553482056,round_or_cubic,0.0395696759223938,0.014948770403862,0.034449100494384766,0.0022480797488242388,0.18672522902488708,low_confidence
1559,Mesh.1016,joints_clamps_structural_connectors,0.3250376880168915,pins_rivets_keys,0.09942174702882767,flat_plate,0.040000006556510925,0.03999999165534973,0.4700000286102295,0.19968508183956146,0.2256159409880638,low_confidence
1560,Mesh.1017,springs,0.19725827872753143,joints_clamps_structural_connectors,0.1613122671842575,flat_plate,0.4100000262260437,0.04000000283122063,0.039999961853027344,0.1743743121623993,0.035946011543273926,low_confidence
1561,Mesh.1018,pins_rivets_keys,0.21820716559886932,joints_clamps_structural_connectors,0.13601820170879364,flat_plate,0.4100000262260437,0.04000000283122063,0.039999961853027344,0.1743745058774948,0.08218896389007568,low_confidence
1562,Mesh.1019,joints_clamps_structural_connectors,0.23604293167591095,pins_rivets_keys,0.17404715716838837,flat_plate,0.04000002145767212,0.03999999165534973,0.4700000286102295,0.1996850073337555,0.06199577450752258,low_confidence
1563,Mesh.1020,joints_clamps_structural_connectors,0.21123670041561127,springs,0.19766487181186676,flat_plate,0.4100000262260437,0.03999999165534973,0.039999961853027344,0.17437422275543213,0.013571828603744507,low_confidence
1564,Mesh.1021,springs,0.22125735878944397,joints_clamps_structural_connectors,0.1439749002456665,flat_plate,0.4100000262260437,0.04000000283122063,0.040000081062316895,0.1743745356798172,0.07728245854377747,low_confidence
1565,Mesh.1022,joints_clamps_structural_connectors,0.28662046790122986,pins_rivets_keys,0.15629005432128906,flat_plate,0.04000002145767212,0.04000000283122063,0.4700000286102295,0.19968506693840027,0.1303304135799408,low_confidence
1566,Mesh.1023,springs,0.36136719584465027,pins_rivets_keys,0.1874748319387436,flat_plate,0.4100000262260437,0.03999999165534973,0.039999961853027344,0.17437420785427094,0.17389236390590668,low_confidence
1567,Mesh.1024,springs,0.21067065000534058,joints_clamps_structural_connectors,0.17774930596351624,flat_plate,0.4100000262260437,0.039999961853027344,0.040000081062316895,0.17437449097633362,0.03292134404182434,low_confidence
1568,Mesh.1025,handles_controls,0.14780156314373016,rotating_fluid_machinery,0.1358954906463623,long_slender,0.04000002145767212,0.29600000381469727,0.039999961853027344,0.12628452479839325,0.011906072497367859,low_confidence
1571,Mesh.1028,pins_rivets_keys,0.3934171795845032,joints_clamps_structural_connectors,0.15872223675251007,flat_plate,0.039999961853027344,0.039999961853027344,0.4700000286102295,0.1996852159500122,0.2346949428319931,low_confidence
1572,Mesh.1029,joints_clamps_structural_connectors,0.28282079100608826,bearings_bushings_guides,0.1413803994655609,flat_plate,0.03999999165534973,0.04000000283122063,0.4700000286102295,0.19968514144420624,0.14144039154052734,low_confidence
1573,Mesh.1030,pins_rivets_keys,0.16890577971935272,springs,0.148477703332901,flat_plate,0.4100000262260437,0.039999961853027344,0.040000081062316895,0.1743745505809784,0.02042807638645172,low_confidence
1574,Mesh.1031,joints_clamps_structural_connectors,0.18528586626052856,rotating_fluid_machinery,0.10849928855895996,long_slender,0.03999999165534973,0.29600000381469727,0.039999961853027344,0.12628456950187683,0.0767865777015686,low_confidence
1577,Mesh.1034,pins_rivets_keys,0.29243507981300354,joints_clamps_structural_connectors,0.25432026386260986,flat_plate,0.03999999165534973,0.03999999165534973,0.4700000286102295,0.19968509674072266,0.03811481595039368,low_confidence
1580,Mesh.997,bearings_bushings_guides,0.283523291349411,pipe_fittings_valves_nozzles,0.2014411985874176,irregular,0.09000001940876245,0.01419999822974205,0.08999991416931152,0.018722474575042725,0.08208209276199341,low_confidence
1582,Mesh.1001,bearings_bushings_guides,0.21333430707454681,joints_clamps_structural_connectors,0.197301983833313,compact_block,0.07243125606328249,0.06730000302195549,0.0693213939666748,0.020790021866559982,0.016032323241233826,low_confidence
1585,Mesh.1002,motors_gearmotors,0.37445908784866333,handles_controls,0.10479908436536789,round_or_cubic,0.034449003636837006,0.014948770403862,0.03956961631774902,0.0022480774205178022,0.26966000348329544,low_confidence
1591,Mesh.1042,motors_gearmotors,0.2733985185623169,handles_controls,0.1384163796901703,round_or_cubic,0.034448981285095215,0.014948770403862,0.03956961631774902,0.0022480792831629515,0.1349821388721466,low_confidence
1592,Mesh.1044,bearings_bushings_guides,0.27628105878829956,pipe_fittings_valves_nozzles,0.17690590023994446,irregular,0.09000003337860107,0.01419999822974205,0.08999991416931152,0.018722474575042725,0.0993751585483551,low_confidence
1594,Mesh.1041,handles_controls,0.2545959949493408,joints_clamps_structural_connectors,0.12002797424793243,compact_block,0.07243123650550842,0.06730000674724579,0.0693213939666748,0.020790014415979385,0.1345680207014084,low_confidence
1610,Mesh.979,washers_rings_spacers,0.33007171750068665,joints_clamps_structural_connectors,0.15023498237133026,flat_plate,0.4650001488626003,0.001999974250793457,0.5150002241134644,0.1879599243402481,0.17983673512935638,low_confidence
1613,Mesh.975,handles_controls,0.3012218475341797,pipe_fittings_valves_nozzles,0.21823695302009583,irregular,0.028986364603042603,0.050300002098083496,0.028969883918762207,0.005757713690400124,0.08298489451408386,low_confidence
1614,Mesh.976,pins_rivets_keys,0.306682288646698,screws_bolts_studs,0.1370229423046112,round_or_cubic,0.019079774618148804,0.0102500319480896,0.01919996738433838,0.0006154943257570267,0.1696593463420868,low_confidence
1622,Mesh.980,handles_controls,0.31792134046554565,joints_clamps_structural_connectors,0.13214163482189178,irregular,0.08000001311302185,0.05169999599456787,0.2200000286102295,0.10132083296775818,0.18577970564365387,low_confidence
1625,Mesh.956,joints_clamps_structural_connectors,0.28364241123199463,plates_discs_shapes,0.2532641589641571,irregular,0.030000001192092896,0.07500004768371582,0.039999961853027344,0.00797787494957447,0.030378252267837524,low_confidence
1633,Mesh.1006,joints_clamps_structural_connectors,0.18195630609989166,screws_bolts_studs,0.13338233530521393,compact_block,0.024997353553771973,0.022000014781951904,0.02496516704559326,0.0025498424656689167,0.048573970794677734,low_confidence
1639,Mesh.895,springs,0.13535365462303162,pins_rivets_keys,0.11047244071960449,flat_plate,0.046193838119506836,0.011200010776519775,0.3331937789916992,0.004647782072424889,0.024881213903427124,low_confidence
1640,Mesh.836,rotating_fluid_machinery,0.15444833040237427,springs,0.11888311803340912,flat_plate,0.33319389820098877,0.011200010776519775,0.046193838119506836,0.004647759720683098,0.03556521236896515,low_confidence
1642,Mesh.778,bearings_bushings_guides,0.34805119037628174,plates_discs_shapes,0.16257169842720032,irregular,0.009999990463256836,0.07999998331069946,0.060000061988830566,0.009502638131380081,0.18547949194908142,low_confidence
1644,Mesh.815,plates_discs_shapes,0.2573460042476654,pins_rivets_keys,0.16421929001808167,flat_plate,0.15000009536743164,0.01500004529953003,0.039999961853027344,0.018396848812699318,0.09312671422958374,low_confidence
1646,Mesh.870,joints_clamps_structural_connectors,0.20795568823814392,handles_controls,0.14070986211299896,irregular,0.0989999920129776,0.218999981880188,0.029999971389770508,0.0767824649810791,0.06724582612514496,low_confidence
1647,Mesh.781,handles_controls,0.28630879521369934,joints_clamps_structural_connectors,0.11738620698451996,flat_plate,0.07733680307865143,0.1801621913909912,0.015000104904174805,0.013826444745063782,0.16892258822917938,low_confidence
1661,Mesh.761,handles_controls,0.18640010058879852,rotating_fluid_machinery,0.10600034147500992,flat_plate,0.046193838119506836,0.011200010776519775,0.33319365978240967,0.004647781141102314,0.0803997591137886,low_confidence
1680,Mesh.876,pins_rivets_keys,0.24982351064682007,joints_clamps_structural_connectors,0.13503316044807434,flat_plate,0.010000094771385193,0.009965837001800537,0.26999998092651367,0.009081973694264889,0.11479035019874573,low_confidence
1681,Mesh.879,pins_rivets_keys,0.36690378189086914,joints_clamps_structural_connectors,0.20661991834640503,flat_plate,0.01399993896484375,0.013952136039733887,0.21000003814697266,0.009974634274840355,0.1602838635444641,low_confidence
1682,Mesh.844,handles_controls,0.3036729395389557,pins_rivets_keys,0.1031179204583168,flat_plate,0.07733680307865143,0.1801621913909912,0.015000104904174805,0.013826444745063782,0.20055501908063889,low_confidence
1684,Mesh.871,bearings_bushings_guides,0.3751043677330017,handles_controls,0.1279347836971283,long_slender,0.1849999949336052,0.06000000238418579,0.029999971389770508,0.03933821618556976,0.2471695840358734,low_confidence
1685,Mesh.897,handles_controls,0.2650339603424072,bearings_bushings_guides,0.23699559271335602,long_slender,0.18499994277954102,0.06000000238418579,0.029999971389770508,0.03933820128440857,0.02803836762905121,low_confidence
1689,Mesh.858,joints_clamps_structural_connectors,0.39501193165779114,pins_rivets_keys,0.19237250089645386,flat_plate,0.01399993896484375,0.013952136039733887,0.21000003814697266,0.009974600747227669,0.20263943076133728,low_confidence
1690,Mesh.804,bearings_bushings_guides,0.39896902441978455,handles_controls,0.13878341019153595,long_slender,0.18500018119812012,0.06000000238418579,0.029999971389770508,0.03944415599107742,0.2601856142282486,low_confidence
1695,Mesh.811,motors_gearmotors,0.21553587913513184,handles_controls,0.12292862683534622,long_slender,0.037989139556884766,0.03793454170227051,0.24400007724761963,0.028390079736709595,0.09260725229978561,low_confidence
1697,Mesh.866,pins_rivets_keys,0.3102700114250183,joints_clamps_structural_connectors,0.2863929569721222,flat_plate,0.01399993896484375,0.013952136039733887,0.21000003814697266,0.009974634274840355,0.023877054452896118,low_confidence
1702,Mesh.827,joints_clamps_structural_connectors,0.23804660141468048,pins_rivets_keys,0.23253226280212402,flat_plate,0.009999990463256836,0.009965837001800537,0.26999998092651367,0.009081980213522911,0.0055143386125564575,low_confidence
1717,Mesh.782,screws_bolts_studs,0.2519393265247345,bearings_bushings_guides,0.17970161139965057,irregular,0.005000114440917969,0.009999990463256836,0.004982948303222656,0.0001628721074666828,0.07223771512508392,low_confidence
1718,Mesh.783,screws_bolts_studs,0.29091209173202515,bearings_bushings_guides,0.16454710066318512,irregular,0.005000114440917969,0.009999990463256836,0.004982948303222656,0.00016287242760881782,0.12636499106884003,low_confidence
1719,Mesh.784,screws_bolts_studs,0.24866411089897156,bearings_bushings_guides,0.19224658608436584,irregular,0.005000114440917969,0.009999990463256836,0.004982948303222656,0.00016287117614410818,0.05641752481460571,low_confidence
1720,Mesh.785,screws_bolts_studs,0.33665814995765686,bearings_bushings_guides,0.19422537088394165,irregular,0.005000114440917969,0.009999990463256836,0.004982948303222656,0.00016287219477817416,0.1424327790737152,low_confidence
1721,Mesh.786,screws_bolts_studs,0.1796298325061798,pins_rivets_keys,0.17529743909835815,irregular,0.005000114440917969,0.009999990463256836,0.004982948303222656,0.00016287251492030919,0.004332393407821655,low_confidence
1722,Mesh.787,screws_bolts_studs,0.25306323170661926,bearings_bushings_guides,0.22126522660255432,irregular,0.005000114440917969,0.009999990463256836,0.004982948303222656,0.00016287126345559955,0.03179800510406494,low_confidence
1730,Mesh.803,bearings_bushings_guides,0.23497119545936584,pins_rivets_keys,0.20878371596336365,irregular,0.009999990463256836,0.07999998331069946,0.060000061988830566,0.009502638131380081,0.026187479496002197,low_confidence
1759,Mesh.881,bearings_bushings_guides,0.18208442628383636,screws_bolts_studs,0.1806674301624298,irregular,0.005000025033950806,0.009999990463256836,0.004982948303222656,0.00016287044854834676,0.0014169961214065552,low_confidence
1760,Mesh.882,screws_bolts_studs,0.22686466574668884,bearings_bushings_guides,0.1622120589017868,irregular,0.004999995231628418,0.009999990463256836,0.004982948303222656,0.0001628704194445163,0.06465260684490204,low_confidence
1761,Mesh.883,screws_bolts_studs,0.2194305956363678,pins_rivets_keys,0.17256978154182434,irregular,0.004999995231628418,0.009999990463256836,0.004982948303222656,0.0001628703612368554,0.04686081409454346,low_confidence
1762,Mesh.884,bearings_bushings_guides,0.262268990278244,screws_bolts_studs,0.2520985007286072,irregular,0.004999995231628418,0.009999990463256836,0.004982948303222656,0.00016287044854834676,0.01017048954963684,low_confidence
1763,Mesh.885,screws_bolts_studs,0.30642080307006836,bearings_bushings_guides,0.17855919897556305,irregular,0.004999995231628418,0.009999990463256836,0.004982948303222656,0.00016287050675600767,0.1278616040945053,low_confidence
1764,Mesh.886,bearings_bushings_guides,0.24713246524333954,screws_bolts_studs,0.16270777583122253,irregular,0.004999995231628418,0.009999990463256836,0.004982948303222656,0.00016287044854834676,0.084424689412117,low_confidence
1766,Mesh.889,pins_rivets_keys,0.3171733319759369,nuts,0.09275449812412262,long_slender,0.20349115133285522,0.03441822528839111,0.04456830024719238,0.02540276013314724,0.22441883385181427,low_confidence
1769,Mesh.847,handles_controls,0.1282796859741211,rotating_fluid_machinery,0.12312465906143188,flat_plate,0.3331937789916992,0.011200010776519775,0.046193838119506836,0.00464774901047349,0.005155026912689209,low_confidence
1775,Mesh.859,rotating_fluid_machinery,0.1390690803527832,springs,0.10579817742109299,flat_plate,0.3331937789916992,0.011200010776519775,0.046193718910217285,0.004647741559892893,0.033270902931690216,low_confidence
1776,Mesh.806,bearings_bushings_guides,0.27696847915649414,pins_rivets_keys,0.1288023144006729,irregular,0.009999990463256836,0.07999998331069946,0.060000061988830566,0.009502632543444633,0.14816616475582123,low_confidence
1777,Mesh.839,rotating_fluid_machinery,0.13821442425251007,handles_controls,0.12609168887138367,flat_plate,0.3331937789916992,0.011200010776519775,0.046193718910217285,0.004647745750844479,0.012122735381126404,low_confidence
1778,Mesh.764,joints_clamps_structural_connectors,0.39376047253608704,plates_discs_shapes,0.17678983509540558,irregular,0.025000005960464478,0.08400005102157593,0.029999971389770508,0.006690858397632837,0.21697063744068146,low_confidence
