order,node_name,predicted_class,confidence,second_class,second_confidence,shape_hint,bbox_size_x,bbox_size_y,bbox_size_z,surface_area,margin,reason
10,Mesh.009,handles_controls,0.3646104037761688,motors_gearmotors,0.10820046067237854,flat_plate,0.040000081062316895,0.014000002294778824,0.15000002086162567,0.0158894844353199,0.2564099431037903,low_confidence
11,Mesh.010,bearings_bushings_guides,0.3013575077056885,pipe_fittings_valves_nozzles,0.18987827003002167,compact_block,0.02499997615814209,0.02499999850988388,0.030199989676475525,0.007164899259805679,0.11147923767566681,low_confidence
12,Mesh.011,screws_bolts_studs,0.3682798445224762,pins_rivets_keys,0.28253695368766785,long_slender,0.004799365997314453,0.004789754748344421,0.015000000596046448,0.0001992032048292458,0.08574289083480835,low_confidence
20,Mesh.019,rotating_fluid_machinery,0.3319946825504303,gears_pulleys_chains,0.15836216509342194,irregular,0.0598982572555542,0.059948891401290894,0.009000003337860107,0.006839186418801546,0.17363251745700836,low_confidence
21,Mesh.020,handles_controls,0.3498742878437042,bearings_bushings_guides,0.23477981984615326,irregular,0.03859996795654297,0.0260000079870224,0.013699978590011597,0.002056355820968747,0.11509446799755096,low_confidence
28,Mesh.027,joints_clamps_structural_connectors,0.22349296510219574,bearings_bushings_guides,0.16097594797611237,irregular,0.019999980926513672,0.05500000715255737,0.01000000536441803,0.003753633238375187,0.06251701712608337,low_confidence
29,Mesh.028,bearings_bushings_guides,0.23430679738521576,joints_clamps_structural_connectors,0.11943870037794113,irregular,0.019999980926513672,0.05500000715255737,0.01000000536441803,0.003753633238375187,0.11486809700727463,low_confidence
31,Mesh.030,pipe_fittings_valves_nozzles,0.418425589799881,bearings_bushings_guides,0.3524787724018097,irregular,0.04400002956390381,0.05400000512599945,0.009999990463256836,0.007391644641757011,0.06594681739807129,low_margin
35,Mesh.034,bearings_bushings_guides,0.3692227602005005,pipe_fittings_valves_nozzles,0.3101491332054138,irregular,0.07599997520446777,0.0820000022649765,0.01000000536441803,0.015439439564943314,0.05907362699508667,low_confidence
39,Mesh.038,joints_clamps_structural_connectors,0.30059075355529785,plates_discs_shapes,0.1819617599248886,compact_block,0.020000100135803223,0.01910001039505005,0.01650000363588333,0.002535040955990553,0.11862899363040924,low_confidence
41,Mesh.040,washers_rings_spacers,0.2600877285003662,plates_discs_shapes,0.10508493334054947,flat_plate,0.006000041961669922,0.026000000536441803,0.10300001502037048,0.006009602453559637,0.15500279515981674,low_confidence
42,Mesh.041,gears_pulleys_chains,0.2649243175983429,bearings_bushings_guides,0.17038115859031677,compact_block,0.019999980926513672,0.019931763410568237,0.020999997854232788,0.00237866910174489,0.09454315900802612,low_confidence
47,Mesh.046,plates_discs_shapes,0.3790258765220642,nuts,0.14691446721553802,irregular,0.020000100135803223,0.026999998837709427,0.009999990463256836,0.00244915671646595,0.23211140930652618,low_confidence
61,Mesh.060,pipe_fittings_valves_nozzles,0.35508206486701965,bearings_bushings_guides,0.23372286558151245,compact_block,0.02499997615814209,0.02499999850988388,0.030199989676475525,0.007164899259805679,0.1213591992855072,low_confidence
65,Mesh.064,screws_bolts_studs,0.3385412395000458,pipe_fittings_valves_nozzles,0.09926959127187729,long_slender,0.007999897003173828,0.007972672581672668,0.040800005197525024,0.0013134630862623453,0.2392716482281685,low_confidence
71,Mesh.070,bearings_bushings_guides,0.3079913556575775,handles_controls,0.2963370680809021,irregular,0.03859996795654297,0.0260000079870224,0.013699978590011597,0.002056355820968747,0.011654287576675415,low_confidence
78,Mesh.077,joints_clamps_structural_connectors,0.16519738733768463,pipe_fittings_valves_nozzles,0.11047589033842087,irregular,0.019999980926513672,0.05500000715255737,0.01000000536441803,0.003753633238375187,0.05472149699926376,low_confidence
79,Mesh.078,motors_gearmotors,0.20168043673038483,gears_pulleys_chains,0.11491403728723526,irregular,0.019999980926513672,0.05500000715255737,0.01000000536441803,0.003753633238375187,0.08676639944314957,low_confidence
83,Mesh.082,pipe_fittings_valves_nozzles,0.31389960646629333,bearings_bushings_guides,0.2622729539871216,round_or_cubic,0.07599997520446777,0.07500001043081284,0.04559999704360962,0.03188592568039894,0.05162665247917175,low_confidence
91,Mesh.090,washers_rings_spacers,0.27513426542282104,pipe_fittings_valves_nozzles,0.1089077815413475,flat_plate,0.006000041961669922,0.026000000536441803,0.1029999852180481,0.006009593605995178,0.16622648388147354,low_confidence
92,Mesh.091,gears_pulleys_chains,0.17326515913009644,bearings_bushings_guides,0.12901146709918976,compact_block,0.019999980926513672,0.019931763410568237,0.020999997854232788,0.0023786681704223156,0.04425369203090668,low_confidence
97,Mesh.096,plates_discs_shapes,0.3812107741832733,nuts,0.12719179689884186,irregular,0.019999980926513672,0.026999998837709427,0.009999990463256836,0.0024491457734256983,0.25401897728443146,low_confidence
110,Mesh.109,handles_controls,0.3739195466041565,motors_gearmotors,0.11482124775648117,flat_plate,0.04000002145767212,0.014000002294778824,0.15000002086162567,0.01588946208357811,0.2590982988476753,low_confidence
111,Mesh.110,bearings_bushings_guides,0.33145615458488464,pipe_fittings_valves_nozzles,0.3193473219871521,compact_block,0.02499997615814209,0.02499999850988388,0.030199989676475525,0.007164894603192806,0.012108832597732544,low_confidence
121,Mesh.120,handles_controls,0.3673386871814728,bearings_bushings_guides,0.22758518159389496,irregular,0.03859996795654297,0.0260000079870224,0.013699978590011597,0.0020563583821058273,0.13975350558757782,low_confidence
128,Mesh.127,bearings_bushings_guides,0.23079025745391846,washers_rings_spacers,0.1421857476234436,irregular,0.019999980926513672,0.05500000715255737,0.01000000536441803,0.003753610886633396,0.08860450983047485,low_confidence
129,Mesh.128,bearings_bushings_guides,0.35227811336517334,motors_gearmotors,0.1393079161643982,irregular,0.019999980926513672,0.05500000715255737,0.01000000536441803,0.003753610886633396,0.21297019720077515,low_confidence
133,Mesh.132,pipe_fittings_valves_nozzles,0.3810136616230011,bearings_bushings_guides,0.23353531956672668,round_or_cubic,0.07599997520446777,0.07500001043081284,0.04559999704360962,0.031885918229818344,0.14747834205627441,low_confidence
141,Mesh.140,washers_rings_spacers,0.17755982279777527,plates_discs_shapes,0.16246140003204346,flat_plate,0.0059999823570251465,0.025999993085861206,0.10300001502037048,0.006009573116898537,0.015098422765731812,low_confidence
142,Mesh.141,bearings_bushings_guides,0.2191981077194214,gears_pulleys_chains,0.19306419789791107,compact_block,0.019999980926513672,0.019931763410568237,0.020999997854232788,0.002378669800236821,0.026133909821510315,low_confidence
144,Mesh.143,nuts,0.30848467350006104,pins_rivets_keys,0.15996162593364716,irregular,0.0140000581741333,0.02199999988079071,0.009999990463256836,0.001530330628156662,0.14852304756641388,low_confidence
146,Mesh.145,plates_discs_shapes,0.3195638060569763,joints_clamps_structural_connectors,0.2783205211162567,compact_block,0.01949995756149292,0.018000006675720215,0.012999996542930603,0.0014155460521578789,0.041243284940719604,low_confidence
147,Mesh.146,plates_discs_shapes,0.39643731713294983,nuts,0.12895597517490387,irregular,0.019999980926513672,0.026999998837709427,0.009999990463256836,0.002449146006256342,0.26748134195804596,low_confidence
151,Mesh.150,pins_rivets_keys,0.256306529045105,joints_clamps_structural_connectors,0.12130733579397202,flat_plate,0.01699995994567871,0.02600233256816864,0.19634496420621872,0.014432892203330994,0.13499919325113297,low_confidence
152,Mesh.151,handles_controls,0.27174389362335205,screws_bolts_studs,0.20154887437820435,irregular,0.023000001907348633,0.012988030910491943,0.012989737093448639,0.0008234207052737474,0.0701950192451477,low_confidence
153,Mesh.152,handles_controls,0.38791200518608093,pipe_fittings_valves_nozzles,0.16667602956295013,irregular,0.023000001907348633,0.012988030910491943,0.01298975944519043,0.0008234209381043911,0.2212359756231308,low_confidence
161,Mesh.160,handles_controls,0.391650915145874,screws_bolts_studs,0.16342391073703766,irregular,0.023000001907348633,0.01295723021030426,0.01299998164176941,0.0008234204724431038,0.22822700440883636,low_confidence
173,Mesh.172,pipe_fittings_valves_nozzles,0.3970036208629608,bearings_bushings_guides,0.06512628495693207,long_slender,0.006999969482421875,0.006999999284744263,0.02610001713037491,0.0007019591284915805,0.33187733590602875,low_confidence
174,Mesh.173,plates_discs_shapes,0.2559874355792999,washers_rings_spacers,0.10977674275636673,flat_plate,0.020748257637023926,0.016500011086463928,0.001999996602535248,0.0006250825244933367,0.1462106928229332,low_confidence
177,Mesh.176,plates_discs_shapes,0.29132530093193054,pipe_fittings_valves_nozzles,0.23385797441005707,irregular,0.016000032424926758,0.009500011801719666,0.008399993181228638,0.0009880522266030312,0.057467326521873474,low_confidence
178,Mesh.177,bearings_bushings_guides,0.29918476939201355,joints_clamps_structural_connectors,0.15206432342529297,long_slender,0.018999934196472168,0.005649998784065247,0.0040000006556510925,0.0005105771124362946,0.14712044596672058,low_confidence
183,Mesh.182,plates_discs_shapes,0.28136298060417175,bearings_bushings_guides,0.2265235036611557,irregular,0.025500059127807617,0.01000000536441803,0.013200007379055023,0.0018675443716347218,0.05483947694301605,low_confidence
184,Mesh.183,screws_bolts_studs,0.22382819652557373,motors_gearmotors,0.1983007937669754,flat_plate,0.005000114440917969,0.047500014305114746,0.0049829185009002686,0.00046926166396588087,0.025527402758598328,low_confidence
185,Mesh.184,plates_discs_shapes,0.23437438905239105,joints_clamps_structural_connectors,0.22320522367954254,irregular,0.01849997043609619,0.008000016212463379,0.026530012488365173,0.0019115160685032606,0.01116916537284851,low_confidence
187,Mesh.186,handles_controls,0.31235870718955994,bearings_bushings_guides,0.19066156446933746,irregular,0.03203451633453369,0.02988368272781372,0.006999999284744263,0.0016446548979729414,0.12169714272022247,low_confidence
199,Mesh.198,joints_clamps_structural_connectors,0.3259448707103729,bearings_bushings_guides,0.15329033136367798,round_or_cubic,0.03399991989135742,0.027000010013580322,0.012000024318695068,0.0037718811072409153,0.17265453934669495,low_confidence
200,Mesh.199,plates_discs_shapes,0.2066388875246048,joints_clamps_structural_connectors,0.19872267544269562,irregular,0.039999961853027344,0.007500007748603821,0.019000008702278137,0.0034650363959372044,0.00791621208190918,low_confidence
201,Mesh.200,bearings_bushings_guides,0.2008109986782074,plates_discs_shapes,0.17515048384666443,irregular,0.01100003719329834,0.02700001746416092,0.019500017166137695,0.00222771055996418,0.02566051483154297,low_confidence
202,Mesh.201,joints_clamps_structural_connectors,0.23581692576408386,bearings_bushings_guides,0.1580110788345337,irregular,0.01100003719329834,0.02700001746416092,0.019500017166137695,0.0022251319605857134,0.07780584692955017,low_confidence
206,Mesh.205,handles_controls,0.20654496550559998,springs,0.15960557758808136,flat_plate,0.008931517601013184,0.0029897540807724,0.04289752244949341,0.000367810222087428,0.046939387917518616,low_confidence
210,Mesh.209,screws_bolts_studs,0.30948406457901,handles_controls,0.14936472475528717,flat_plate,0.005000114440917969,0.047500014305114746,0.0049829185009002686,0.00046926166396588087,0.16011933982372284,low_confidence
212,Mesh.211,joints_clamps_structural_connectors,0.29465407133102417,plates_discs_shapes,0.14151470363140106,flat_plate,0.023000001907348633,0.018000006675720215,0.001999996602535248,0.0006609858246520162,0.1531393676996231,low_confidence
217,Mesh.216,joints_clamps_structural_connectors,0.1991375833749771,motors_gearmotors,0.18291746079921722,irregular,0.02349996566772461,0.06770002841949463,0.015000008046627045,0.004363603889942169,0.016220122575759888,low_confidence
222,Mesh.221,plates_discs_shapes,0.35531482100486755,joints_clamps_structural_connectors,0.11423280835151672,irregular,0.024700045585632324,0.04300001263618469,0.005199998617172241,0.002708426211029291,0.24108201265335083,low_confidence
223,Mesh.222,joints_clamps_structural_connectors,0.20069892704486847,handles_controls,0.18167084455490112,long_slender,0.01700007915496826,0.03600001335144043,0.11330004036426544,0.01449656579643488,0.019028082489967346,low_confidence
224,Mesh.223,joints_clamps_structural_connectors,0.3613428771495819,motors_gearmotors,0.13456325232982635,long_slender,0.031199932098388672,0.11200002580881119,0.021200008690357208,0.015040246769785881,0.22677962481975555,low_confidence
227,Mesh.226,handles_controls,0.39645931124687195,pins_rivets_keys,0.10546241700649261,long_slender,0.015200018882751465,0.058700017631053925,0.009000003337860107,0.0031627260614186525,0.29099689424037933,low_confidence
229,Mesh.228,handles_controls,0.27818208932876587,screws_bolts_studs,0.22135335206985474,irregular,0.023000001907348633,0.01295560598373413,0.013000011444091797,0.0008234205888584256,0.05682873725891113,low_confidence
248,Mesh.247,plates_discs_shapes,0.3055642545223236,pipe_fittings_valves_nozzles,0.18954399228096008,flat_plate,0.005000114440917969,0.06000000797212124,0.04000002145767212,0.005747211631387472,0.11602026224136353,low_confidence
249,Mesh.248,plates_discs_shapes,0.29202741384506226,bearings_bushings_guides,0.23799695074558258,irregular,0.03399991989135742,0.01170000433921814,0.04000002145767212,0.0050295256078243256,0.054030463099479675,low_confidence
250,Mesh.249,plates_discs_shapes,0.36276569962501526,bearings_bushings_guides,0.20369192957878113,irregular,0.03399991989135742,0.01170000433921814,0.03999999165534973,0.005029523279517889,0.15907377004623413,low_confidence
256,Mesh.255,bearings_bushings_guides,0.21336328983306885,pins_rivets_keys,0.16600529849529266,flat_plate,0.019999980926513672,0.01600000262260437,0.1600000262260437,0.012641359120607376,0.047357991337776184,low_confidence
261,Mesh.260,bearings_bushings_guides,0.23131069540977478,joints_clamps_structural_connectors,0.2237565666437149,irregular,0.019999980926513672,0.03500001132488251,0.025000005960464478,0.005208461545407772,0.0075541287660598755,low_confidence
264,Mesh.263,joints_clamps_structural_connectors,0.32764434814453125,pipe_fittings_valves_nozzles,0.11378508806228638,irregular,0.018000006675720215,0.09600000083446503,0.10000002384185791,0.022733867168426514,0.21385926008224487,low_confidence
266,Mesh.265,bearings_bushings_guides,0.20009730756282806,pins_rivets_keys,0.1985401213169098,flat_plate,0.08600008487701416,0.008000001311302185,0.03999999165534973,0.0056771873496472836,0.001557186245918274,low_confidence
276,Mesh.275,pins_rivets_keys,0.3908129632472992,handles_controls,0.18822504580020905,compact_block,0.011959075927734375,0.011999998241662979,0.015905946493148804,0.0008894925704225898,0.20258791744709015,low_confidence
281,Mesh.280,handles_controls,0.369545042514801,plates_discs_shapes,0.09706283360719681,irregular,0.03399991989135742,0.019400008022785187,0.07600003480911255,0.009684786200523376,0.2724822089076042,low_confidence
282,Mesh.281,handles_controls,0.1623290777206421,plates_discs_shapes,0.14381559193134308,irregular,0.03399991989135742,0.019400015473365784,0.07600000500679016,0.009684783406555653,0.01851348578929901,low_confidence
283,Mesh.282,handles_controls,0.315787672996521,joints_clamps_structural_connectors,0.12198502570390701,irregular,0.03399991989135742,0.019400015473365784,0.07600000500679016,0.009684784337878227,0.19380264729261398,low_confidence
284,Mesh.283,handles_controls,0.32404112815856934,plates_discs_shapes,0.14309197664260864,irregular,0.03399991989135742,0.019400008022785187,0.07600001990795135,0.009684786200523376,0.1809491515159607,low_confidence
288,Mesh.287,plates_discs_shapes,0.1775413453578949,handles_controls,0.1434968262910843,irregular,0.0074999332427978516,0.009900003671646118,0.0260000079870224,0.0012240430805832148,0.03404451906681061,low_confidence
289,Mesh.288,joints_clamps_structural_connectors,0.23350080847740173,gears_pulleys_chains,0.1364661008119583,flat_plate,0.0072956085205078125,0.0057801902294158936,0.06600001454353333,0.0009143604547716677,0.09703470766544342,low_confidence
291,Mesh.290,handles_controls,0.19341684877872467,rotating_fluid_machinery,0.18134379386901855,irregular,0.013399958610534668,0.012800008058547974,0.028400003910064697,0.0015337445074692369,0.012073054909706116,low_confidence
292,Mesh.291,handles_controls,0.29639333486557007,rotating_fluid_machinery,0.15212389826774597,irregular,0.013399958610534668,0.012800008058547974,0.028400003910064697,0.0015337445074692369,0.1442694365978241,low_confidence
301,Mesh.300,pins_rivets_keys,0.37102046608924866,screws_bolts_studs,0.22103320062160492,long_slender,0.029999971389770508,0.004999995231628418,0.004999995231628418,0.0006189087289385498,0.14998726546764374,low_confidence
303,Mesh.302,pipe_fittings_valves_nozzles,0.3951486051082611,screws_bolts_studs,0.32999783754348755,long_slender,0.004999995231628418,0.004999995231628418,0.019999995827674866,0.0004091444716323167,0.06515076756477356,low_confidence
310,Mesh.309,wheels_castors,0.23798289895057678,washers_rings_spacers,0.2071673721075058,irregular,0.006999969482421875,0.03537875413894653,0.04400002956390381,0.0025780685245990753,0.030815526843070984,low_confidence
312,Mesh.311,bearings_bushings_guides,0.25283190608024597,washers_rings_spacers,0.11861571669578552,irregular,0.006999969482421875,0.03537876904010773,0.04399999976158142,0.002578067360445857,0.13421618938446045,low_confidence
314,Mesh.313,washers_rings_spacers,0.3373511731624603,bearings_bushings_guides,0.12892235815525055,irregular,0.010600090026855469,0.044846296310424805,0.04500001668930054,0.004234385211020708,0.20842881500720978,low_confidence
318,Mesh.317,washers_rings_spacers,0.21472807228565216,wheels_castors,0.2025078684091568,irregular,0.006999969482421875,0.03537875413894653,0.04399999976158142,0.002578067360445857,0.012220203876495361,low_confidence
319,Mesh.318,wheels_castors,0.3359570801258087,washers_rings_spacers,0.151132270693779,irregular,0.006999969482421875,0.03753755986690521,0.037537574768066406,0.0025780685245990753,0.18482480943202972,low_confidence
329,Mesh.328,pipe_fittings_valves_nozzles,0.2534849941730499,joints_clamps_structural_connectors,0.18383075296878815,irregular,0.007000088691711426,0.012686952948570251,0.006200000643730164,0.0005124341696500778,0.06965424120426178,low_confidence
331,Mesh.330,joints_clamps_structural_connectors,0.1572076827287674,rotating_fluid_machinery,0.13982342183589935,irregular,0.028999924659729004,0.026500001549720764,0.00700000673532486,0.0026514835190027952,0.017384260892868042,low_confidence
341,Mesh.340,handles_controls,0.24278055131435394,joints_clamps_structural_connectors,0.10199976712465286,irregular,0.014541029930114746,0.01655767858028412,0.005218401551246643,0.0008094271761365235,0.14078078418970108,low_confidence
351,Mesh.350,bearings_bushings_guides,0.16861410439014435,pins_rivets_keys,0.1517362743616104,flat_plate,0.08600008487701416,0.008000001311302185,0.03999999165534973,0.0056771873496472836,0.016877830028533936,low_confidence
362,Mesh.361,plates_discs_shapes,0.3199196457862854,joints_clamps_structural_connectors,0.16118019819259644,irregular,0.02199995517730713,0.06000000238418579,0.04000002145767212,0.011517751961946487,0.15873944759368896,low_confidence
366,Mesh.365,plates_discs_shapes,0.32935410737991333,pipe_fittings_valves_nozzles,0.16480296850204468,flat_plate,0.005000114440917969,0.06000000424683094,0.04000002145767212,0.0057472120970487595,0.16455113887786865,low_confidence
374,Mesh.373,handles_controls,0.194194495677948,bearings_bushings_guides,0.13139857351779938,irregular,0.013399958610534668,0.012800008058547974,0.028400003910064697,0.0015337445074692369,0.06279592216014862,low_confidence
375,Mesh.374,pins_rivets_keys,0.3125700354576111,screws_bolts_studs,0.2857993543148041,long_slender,0.029999971389770508,0.005000002682209015,0.004999995231628418,0.0006189086707308888,0.026770681142807007,low_confidence
378,Mesh.377,pipe_fittings_valves_nozzles,0.3303264379501343,screws_bolts_studs,0.31248918175697327,long_slender,0.004999995231628418,0.004999995231628418,0.019999995827674866,0.0004091442096978426,0.01783725619316101,low_confidence
385,Mesh.384,joints_clamps_structural_connectors,0.14314307272434235,handles_controls,0.1352607011795044,irregular,0.03399991989135742,0.019400008022785187,0.07600003480911255,0.009684786200523376,0.007882371544837952,low_confidence
386,Mesh.385,plates_discs_shapes,0.15475896000862122,joints_clamps_structural_connectors,0.14201480150222778,irregular,0.03399991989135742,0.019400015473365784,0.07600000500679016,0.009684784337878227,0.012744158506393433,low_confidence
387,Mesh.386,handles_controls,0.2765052914619446,joints_clamps_structural_connectors,0.14916342496871948,irregular,0.03399991989135742,0.019400015473365784,0.07600000500679016,0.009684785269200802,0.1273418664932251,low_confidence
388,Mesh.387,handles_controls,0.2640375792980194,joints_clamps_structural_connectors,0.13121965527534485,irregular,0.03399991989135742,0.019400008022785187,0.07600001990795135,0.009684786200523376,0.13281792402267456,low_confidence
400,Mesh.399,plates_discs_shapes,0.24363736808300018,bearings_bushings_guides,0.12468107044696808,irregular,0.0074999332427978516,0.009900003671646118,0.0260000079870224,0.0012240430805832148,0.1189562976360321,low_confidence
401,Mesh.400,gears_pulleys_chains,0.20938584208488464,handles_controls,0.15774433314800262,flat_plate,0.007298707962036133,0.0057801902294158936,0.06599999964237213,0.0009143597562797368,0.05164150893688202,low_confidence
408,Mesh.407,handles_controls,0.30866122245788574,pins_rivets_keys,0.2495727390050888,compact_block,0.011959075927734375,0.011999998241662979,0.015905946493148804,0.0008894925704225898,0.059088483452796936,low_confidence
410,Mesh.409,handles_controls,0.397816926240921,rotating_fluid_machinery,0.12050074338912964,irregular,0.013399958610534668,0.012800008058547974,0.028400003910064697,0.0015337445074692369,0.2773161828517914,low_confidence
414,Mesh.413,pins_rivets_keys,0.21203146874904633,handles_controls,0.12259462475776672,irregular,0.031999945640563965,0.012000003829598427,0.0119590163230896,0.0016181808896362782,0.0894368439912796,low_confidence
415,Mesh.414,pipe_fittings_valves_nozzles,0.37433573603630066,bearings_bushings_guides,0.26942652463912964,irregular,0.018000006675720215,0.09600000455975533,0.09999999403953552,0.022470194846391678,0.10490921139717102,low_confidence
419,Mesh.418,pins_rivets_keys,0.2094251811504364,bearings_bushings_guides,0.2073899656534195,flat_plate,0.19280004501342773,0.0030644237995147705,0.008249998092651367,0.0030174318235367537,0.0020352154970169067,low_confidence
421,Mesh.420,joints_clamps_structural_connectors,0.2686450183391571,pipe_fittings_valves_nozzles,0.16278240084648132,irregular,0.007000088691711426,0.012686952948570251,0.006200000643730164,0.0005124342860653996,0.10586261749267578,low_confidence
423,Mesh.422,joints_clamps_structural_connectors,0.16412338614463806,rotating_fluid_machinery,0.14769506454467773,irregular,0.028999924659729004,0.026500001549720764,0.006999999284744263,0.002651482354849577,0.016428321599960327,low_confidence
428,Mesh.427,bearings_bushings_guides,0.2425667941570282,plates_discs_shapes,0.1363336592912674,irregular,0.02649998664855957,0.038000017404556274,0.02294999361038208,0.006439169868826866,0.1062331348657608,low_confidence
429,Mesh.428,bearings_bushings_guides,0.3219609558582306,pipe_fittings_valves_nozzles,0.20098674297332764,long_slender,0.01900005340576172,0.06770001351833344,0.015000008046627045,0.004259203094989061,0.12097421288490295,low_confidence
430,Mesh.429,handles_controls,0.29650479555130005,screws_bolts_studs,0.2573564052581787,flat_plate,0.005000114440917969,0.047500014305114746,0.0049829185009002686,0.0004689935885835439,0.03914839029312134,low_confidence
431,Mesh.430,screws_bolts_studs,0.3425092101097107,motors_gearmotors,0.10094933956861496,flat_plate,0.005000114440917969,0.047500014305114746,0.0049829185009002686,0.0004689935885835439,0.24155987054109573,low_confidence
433,Mesh.432,bearings_bushings_guides,0.35094836354255676,pipe_fittings_valves_nozzles,0.2207467406988144,irregular,0.02199995517730713,0.01000000536441803,0.013200007379055023,0.001651992672123015,0.13020162284374237,low_confidence
437,Mesh.436,handles_controls,0.3115491569042206,screws_bolts_studs,0.29793620109558105,long_slender,0.003997921943664551,0.003999993205070496,0.020000003278255463,0.0003136254963465035,0.013612955808639526,low_confidence
440,Mesh.439,springs,0.37205421924591064,joints_clamps_structural_connectors,0.12329099327325821,flat_plate,0.0029897689819335938,0.008931487798690796,0.04289752244949341,0.0003678124339785427,0.24876322597265244,low_confidence
455,Mesh.454,plates_discs_shapes,0.2807632088661194,pipe_fittings_valves_nozzles,0.2113111913204193,irregular,0.016000032424926758,0.009500011801719666,0.008400008082389832,0.000988052343018353,0.06945201754570007,low_confidence
458,Mesh.457,plates_discs_shapes,0.2228916585445404,bearings_bushings_guides,0.21847383677959442,flat_plate,0.07659995555877686,0.0015000104904174805,0.013200022280216217,0.0022338316775858402,0.004417821764945984,low_confidence
464,Mesh.463,plates_discs_shapes,0.19744613766670227,pipe_fittings_valves_nozzles,0.18657349050045013,irregular,0.01849997043609619,0.008000016212463379,0.026530012488365173,0.0019144611433148384,0.010872647166252136,low_confidence
465,Mesh.464,joints_clamps_structural_connectors,0.26674404740333557,bearings_bushings_guides,0.1749350130558014,long_slender,0.01900005340576172,0.00565001368522644,0.0040000006556510925,0.0005105800810270011,0.09180903434753418,low_confidence
472,Mesh.471,bearings_bushings_guides,0.28652626276016235,joints_clamps_structural_connectors,0.17353257536888123,round_or_cubic,0.03399991989135742,0.027000010013580322,0.012000009417533875,0.003771881340071559,0.11299368739128113,low_confidence
474,Mesh.473,plates_discs_shapes,0.18639424443244934,handles_controls,0.11801748722791672,irregular,0.01100003719329834,0.027000010013580322,0.0195000022649765,0.0022277096286416054,0.06837675720453262,low_confidence
478,Mesh.477,joints_clamps_structural_connectors,0.3442590832710266,bearings_bushings_guides,0.212506502866745,flat_plate,0.023000001907348633,0.018000006675720215,0.0020000115036964417,0.0006609863485209644,0.13175258040428162,low_confidence
487,Mesh.486,handles_controls,0.23727816343307495,motors_gearmotors,0.17598611116409302,long_slender,0.01700007915496826,0.036000028252601624,0.11330004036426544,0.013987619429826736,0.061292052268981934,low_confidence
502,Mesh.501,nuts,0.17447468638420105,joints_clamps_structural_connectors,0.157624751329422,compact_block,0.027000069618225098,0.02510000765323639,0.031000010669231415,0.005864120554178953,0.016849935054779053,low_confidence
508,Mesh.507,washers_rings_spacers,0.2994871735572815,gears_pulleys_chains,0.18723133206367493,irregular,0.010599970817565918,0.04484632611274719,0.04500001668930054,0.0041599757969379425,0.11225584149360657,low_confidence
513,Mesh.512,washers_rings_spacers,0.29168862104415894,wheels_castors,0.1500018835067749,irregular,0.006999969482421875,0.03537875413894653,0.04399999976158142,0.0026229354552924633,0.14168673753738403,low_confidence
515,Mesh.514,wheels_castors,0.2388913929462433,washers_rings_spacers,0.18298561871051788,irregular,0.006999969482421875,0.03537875413894653,0.04399999976158142,0.0026229354552924633,0.0559057742357254,low_confidence
516,Mesh.515,wheels_castors,0.3239355981349945,washers_rings_spacers,0.12735150754451752,irregular,0.006999969482421875,0.037537574768066406,0.037537574768066406,0.002622932428494096,0.196584090590477,low_confidence
521,Mesh.520,joints_clamps_structural_connectors,0.20483723282814026,bearings_bushings_guides,0.19355757534503937,irregular,0.006999969482421875,0.03537875413894653,0.04399999976158142,0.0026229354552924633,0.011279657483100891,low_confidence
522,Mesh.521,wheels_castors,0.22082708775997162,washers_rings_spacers,0.18723058700561523,irregular,0.006999969482421875,0.037537574768066406,0.037537574768066406,0.0026229326613247395,0.033596500754356384,low_confidence
527,Mesh.526,joints_clamps_structural_connectors,0.1615942120552063,handles_controls,0.1597115844488144,flat_plate,0.01699995994567871,0.02600233256816864,0.19634491950273514,0.014426048845052719,0.0018826276063919067,low_confidence
545,Mesh.544,nuts,0.34816932678222656,plates_discs_shapes,0.3397720456123352,irregular,0.019999980926513672,0.028000012040138245,0.008000001311302185,0.001970915589481592,0.008397281169891357,low_confidence
548,Mesh.547,pins_rivets_keys,0.2624313533306122,bearings_bushings_guides,0.1661611944437027,flat_plate,0.08600002527236938,0.008000001311302185,0.03999999165534973,0.005677179899066687,0.09627015888690948,low_confidence
559,Mesh.558,plates_discs_shapes,0.33508962392807007,joints_clamps_structural_connectors,0.14971508085727692,irregular,0.022000014781951904,0.06000000238418579,0.03999999165534973,0.011517764069139957,0.18537454307079315,low_confidence
560,Mesh.559,pins_rivets_keys,0.3833353817462921,plates_discs_shapes,0.11342443525791168,flat_plate,0.009999990463256836,0.09600000083446503,0.02000001072883606,0.006437473930418491,0.26991094648838043,low_confidence
566,Mesh.565,pins_rivets_keys,0.2990321218967438,handles_controls,0.14222167432308197,flat_plate,0.020000040531158447,0.01600000262260437,0.1600000262260437,0.012574064545333385,0.1568104475736618,low_confidence
571,Mesh.570,rotating_fluid_machinery,0.3135496973991394,handles_controls,0.13591372966766357,irregular,0.013400018215179443,0.012800008058547974,0.028400003910064697,0.0015337502118200064,0.17763596773147583,low_confidence
573,Mesh.572,screws_bolts_studs,0.39235180616378784,handles_controls,0.21749873459339142,long_slender,0.030000030994415283,0.004999995231628418,0.004999995231628418,0.000618909252807498,0.17485307157039642,low_confidence
574,Mesh.573,screws_bolts_studs,0.380130797624588,pipe_fittings_valves_nozzles,0.34016522765159607,long_slender,0.004999995231628418,0.004999995231628418,0.019999995827674866,0.0004091444134246558,0.03996556997299194,low_confidence
575,Mesh.574,screws_bolts_studs,0.3594731390476227,pipe_fittings_valves_nozzles,0.33887067437171936,long_slender,0.004999995231628418,0.004999995231628418,0.019999995827674866,0.0004091444134246558,0.02060246467590332,low_confidence
583,Mesh.582,handles_controls,0.2535989284515381,plates_discs_shapes,0.1439329832792282,irregular,0.03400003910064697,0.019400015473365784,0.07600000500679016,0.009684802033007145,0.10966594517230988,low_confidence
584,Mesh.583,handles_controls,0.3299326002597809,plates_discs_shapes,0.16525374352931976,irregular,0.03400003910064697,0.019400015473365784,0.07600000500679016,0.009684797376394272,0.16467885673046112,low_confidence
585,Mesh.584,plates_discs_shapes,0.23137694597244263,handles_controls,0.13816148042678833,irregular,0.03400003910064697,0.019400008022785187,0.07600001990795135,0.009684803895652294,0.0932154655456543,low_confidence
597,Mesh.596,plates_discs_shapes,0.26869818568229675,washers_rings_spacers,0.13314521312713623,irregular,0.007500052452087402,0.009900003671646118,0.0260000079870224,0.001224049599841237,0.13555297255516052,low_confidence
598,Mesh.597,springs,0.145626038312912,gears_pulleys_chains,0.13573840260505676,flat_plate,0.0072956085205078125,0.0057801902294158936,0.06599999964237213,0.0009143591159954667,0.009887635707855225,low_confidence
606,Mesh.605,rotating_fluid_machinery,0.23438449203968048,handles_controls,0.20846588909626007,irregular,0.013400018215179443,0.012800008058547974,0.028400003910064697,0.0015337502118200064,0.02591860294342041,low_confidence
607,Mesh.606,rotating_fluid_machinery,0.2169194370508194,handles_controls,0.1656695008277893,irregular,0.013400018215179443,0.012800008058547974,0.028400003910064697,0.0015337502118200064,0.05124993622303009,low_confidence
611,Mesh.610,pipe_fittings_valves_nozzles,0.3071533739566803,pins_rivets_keys,0.2363089770078659,irregular,0.03200000524520874,0.012000003829598427,0.0119590163230896,0.0016181825194507837,0.07084439694881439,low_confidence
612,Mesh.611,pipe_fittings_valves_nozzles,0.20798441767692566,plates_discs_shapes,0.1851659119129181,irregular,0.018000006675720215,0.09600000455975533,0.09999999403953552,0.022470176219940186,0.02281850576400757,low_confidence
615,Mesh.614,handles_controls,0.18689244985580444,gears_pulleys_chains,0.13175234198570251,irregular,0.014541029930114746,0.01655767858028412,0.005218401551246643,0.0008094278164207935,0.05514010787010193,low_confidence
616,Mesh.615,plates_discs_shapes,0.2109193652868271,bearings_bushings_guides,0.1912955492734909,flat_plate,0.19280004501342773,0.0030644237995147705,0.008249998092651367,0.003017428796738386,0.01962381601333618,low_confidence
618,Mesh.617,pipe_fittings_valves_nozzles,0.31055864691734314,joints_clamps_structural_connectors,0.12596815824508667,irregular,0.00700002908706665,0.012686967849731445,0.006200000643730164,0.0005124321905896068,0.18459048867225647,low_confidence
620,Mesh.619,joints_clamps_structural_connectors,0.3721065819263458,handles_controls,0.11042501032352448,irregular,0.02899998426437378,0.026500001549720764,0.006999999284744263,0.0026514828205108643,0.26168157160282135,low_confidence
625,Mesh.624,bearings_bushings_guides,0.24155333638191223,joints_clamps_structural_connectors,0.14867143332958221,irregular,0.02649998664855957,0.038000017404556274,0.022950008511543274,0.006439173128455877,0.09288190305233002,low_confidence
626,Mesh.625,bearings_bushings_guides,0.25448185205459595,pipe_fittings_valves_nozzles,0.2516399025917053,long_slender,0.018999993801116943,0.06770001351833344,0.015000008046627045,0.004259197507053614,0.002841949462890625,low_confidence
627,Mesh.626,motors_gearmotors,0.2923346757888794,screws_bolts_studs,0.2502914071083069,flat_plate,0.004999995231628418,0.047500014305114746,0.0049829185009002686,0.0004689933266490698,0.04204326868057251,low_confidence
628,Mesh.627,screws_bolts_studs,0.24682725965976715,handles_controls,0.2078493982553482,flat_plate,0.004999995231628418,0.047500014305114746,0.0049829185009002686,0.0004689933266490698,0.038977861404418945,low_confidence
630,Mesh.629,bearings_bushings_guides,0.3270770013332367,pipe_fittings_valves_nozzles,0.2779935598373413,irregular,0.022000014781951904,0.01000000536441803,0.013200007379055023,0.001651994651183486,0.049083441495895386,low_confidence
633,Mesh.632,screws_bolts_studs,0.3482990860939026,handles_controls,0.1976449340581894,long_slender,0.003997921943664551,0.003999993205070496,0.020000003278255463,0.00031362572917714715,0.1506541520357132,low_confidence
634,Mesh.633,screws_bolts_studs,0.26132863759994507,handles_controls,0.24233941733837128,long_slender,0.003997921943664551,0.003999993205070496,0.020000003278255463,0.00031362572917714715,0.01898922026157379,low_confidence
637,Mesh.636,springs,0.31891798973083496,joints_clamps_structural_connectors,0.11859047412872314,flat_plate,0.0029897689819335938,0.008931487798690796,0.04289752244949341,0.00036780955269932747,0.20032751560211182,low_confidence
641,Mesh.640,pipe_fittings_valves_nozzles,0.3229369521141052,handles_controls,0.10271408408880234,long_slender,0.006999850273132324,0.006999999284744263,0.02610001713037491,0.0007019592449069023,0.2202228680253029,low_confidence
642,Mesh.641,plates_discs_shapes,0.3545130789279938,pipe_fittings_valves_nozzles,0.10246632993221283,flat_plate,0.0207483172416687,0.016500011086463928,0.001999996602535248,0.0006250827573239803,0.25204674899578094,low_confidence
649,Mesh.648,handles_controls,0.3256228268146515,bearings_bushings_guides,0.10397372394800186,round_or_cubic,0.026000022888183594,0.028400011360645294,0.013700008392333984,0.0016702928114682436,0.22164910286664963,low_confidence
652,Mesh.651,pipe_fittings_valves_nozzles,0.2547593116760254,plates_discs_shapes,0.25203731656074524,irregular,0.015999972820281982,0.009500011801719666,0.008400008082389832,0.0009880507132038474,0.0027219951152801514,low_confidence
656,Mesh.655,plates_discs_shapes,0.3778495192527771,joints_clamps_structural_connectors,0.22180113196372986,flat_plate,0.027000010013580322,0.0015000104904174805,0.01320001482963562,0.0007816129364073277,0.15604838728904724,low_confidence
661,Mesh.660,plates_discs_shapes,0.38878312706947327,joints_clamps_structural_connectors,0.19983544945716858,irregular,0.01849997043609619,0.008000016212463379,0.026530012488365173,0.0019144597463309765,0.1889476776123047,low_confidence
665,Mesh.664,bearings_bushings_guides,0.24732592701911926,joints_clamps_structural_connectors,0.18889206647872925,flat_plate,0.0014948844909667969,0.03840097784996033,0.003956153988838196,0.00014356322935782373,0.058433860540390015,low_confidence
666,Mesh.665,handles_controls,0.33511602878570557,bearings_bushings_guides,0.16244763135910034,irregular,0.031679511070251465,0.030390292406082153,0.006999999284744263,0.0016446521040052176,0.17266839742660522,low_confidence
668,Mesh.667,handles_controls,0.29534846544265747,bearings_bushings_guides,0.21429534256458282,irregular,0.04400002956390381,0.02800001949071884,0.013500005006790161,0.0048486110754311085,0.08105312287807465,low_confidence
669,Mesh.668,joints_clamps_structural_connectors,0.24992872774600983,plates_discs_shapes,0.16263172030448914,round_or_cubic,0.03400003910064697,0.027000010013580322,0.012000009417533875,0.003771892748773098,0.08729700744152069,low_confidence
670,Mesh.669,plates_discs_shapes,0.22792579233646393,joints_clamps_structural_connectors,0.2147446870803833,irregular,0.04000002145767212,0.007500007748603821,0.019000008702278137,0.003465040819719434,0.013181105256080627,low_confidence
671,Mesh.670,plates_discs_shapes,0.36386579275131226,joints_clamps_structural_connectors,0.11975608021020889,irregular,0.010999977588653564,0.027000010013580322,0.019500017166137695,0.0022277049720287323,0.24410971254110336,low_confidence
672,Mesh.671,plates_discs_shapes,0.24255496263504028,bearings_bushings_guides,0.1302112340927124,irregular,0.01100003719329834,0.027000010013580322,0.0195000022649765,0.002225132193416357,0.11234372854232788,low_confidence
673,Mesh.672,joints_clamps_structural_connectors,0.300969660282135,plates_discs_shapes,0.24432843923568726,compact_block,0.023000001907348633,0.01750001311302185,0.019500017166137695,0.0023792653810232878,0.056641221046447754,low_confidence
675,Mesh.674,plates_discs_shapes,0.21303272247314453,joints_clamps_structural_connectors,0.14814099669456482,flat_plate,0.023000061511993408,0.018000006675720215,0.0020000115036964417,0.0006609868723899126,0.06489172577857971,low_confidence
680,Mesh.679,joints_clamps_structural_connectors,0.32946985960006714,plates_discs_shapes,0.23777218163013458,irregular,0.015200018882751465,0.024700015783309937,0.008900009095668793,0.0012063425965607166,0.09169767796993256,low_confidence
682,Mesh.681,handles_controls,0.1814020425081253,joints_clamps_structural_connectors,0.15915147960186005,long_slender,0.015200018882751465,0.05490003526210785,0.009000010788440704,0.0031673386693000793,0.02225056290626526,low_confidence
684,Mesh.683,handles_controls,0.14355319738388062,joints_clamps_structural_connectors,0.13354520499706268,long_slender,0.017000019550323486,0.036000028252601624,0.11330004036426544,0.013987618498504162,0.010007992386817932,low_confidence
689,Mesh.688,pins_rivets_keys,0.3619193732738495,screws_bolts_studs,0.11818850040435791,flat_plate,0.004242658615112305,0.004242628812789917,0.07000002264976501,0.0008580009452998638,0.24373087286949158,low_confidence
690,Mesh.689,pins_rivets_keys,0.333921879529953,springs,0.14208351075649261,flat_plate,0.004242658615112305,0.004242658615112305,0.0700000524520874,0.000858002807945013,0.1918383687734604,low_confidence
695,Mesh.694,handles_controls,0.2606837749481201,pipe_fittings_valves_nozzles,0.17263829708099365,irregular,0.023000001907348633,0.01295560598373413,0.013000011444091797,0.0008234204724431038,0.08804547786712646,low_confidence
699,Mesh.698,joints_clamps_structural_connectors,0.2905835211277008,nuts,0.14469462633132935,compact_block,0.027000010013580322,0.025100000202655792,0.031000010669231415,0.005864113103598356,0.14588889479637146,low_confidence
703,Mesh.702,wheels_castors,0.28469717502593994,washers_rings_spacers,0.12932951748371124,irregular,0.00950002670288086,0.03000001609325409,0.029897540807724,0.0026073954068124294,0.1553676575422287,low_confidence
705,Mesh.704,washers_rings_spacers,0.2906019687652588,gears_pulleys_chains,0.1406632363796234,irregular,0.010600030422210693,0.04484632611274719,0.04500001668930054,0.004159978590905666,0.14993873238563538,low_confidence
710,Mesh.709,wheels_castors,0.24083730578422546,washers_rings_spacers,0.19089046120643616,irregular,0.006999969482421875,0.03537875413894653,0.04399999976158142,0.002622931730002165,0.04994684457778931,low_confidence
712,Mesh.711,wheels_castors,0.2507225275039673,bearings_bushings_guides,0.17709575593471527,irregular,0.006999969482421875,0.03537875413894653,0.04399999976158142,0.002622931497171521,0.07362677156925201,low_confidence
718,Mesh.717,washers_rings_spacers,0.27264657616615295,joints_clamps_structural_connectors,0.14508460462093353,irregular,0.006999969482421875,0.03537875413894653,0.04399999976158142,0.002622931497171521,0.12756197154521942,low_confidence
719,Mesh.718,wheels_castors,0.2682061493396759,washers_rings_spacers,0.16653300821781158,irregular,0.006999969482421875,0.037537574768066406,0.037537574768066406,0.002622931730002165,0.10167314112186432,low_confidence
723,Mesh.722,pipe_fittings_valves_nozzles,0.33183595538139343,pins_rivets_keys,0.276043564081192,long_slender,0.19849997758865356,0.030894115567207336,0.03100001811981201,0.015566034242510796,0.055792391300201416,low_confidence
724,Mesh.723,pins_rivets_keys,0.2881969213485718,handles_controls,0.173101544380188,flat_plate,0.017000019550323486,0.02600233256816864,0.19634491205215454,0.014426077716052532,0.11509537696838379,low_confidence
725,Mesh.724,handles_controls,0.3629249334335327,screws_bolts_studs,0.2037813514471054,irregular,0.023000001907348633,0.012983083724975586,0.012993492186069489,0.0008234207052737474,0.1591435819864273,low_confidence
737,Mesh.736,plates_discs_shapes,0.3790772259235382,handles_controls,0.09912992268800735,irregular,0.06700000166893005,0.0559999942779541,0.01199999451637268,0.01098431646823883,0.27994730323553085,low_confidence
738,Mesh.737,joints_clamps_structural_connectors,0.28418615460395813,handles_controls,0.14234067499637604,irregular,0.04399999976158142,0.02000001072883606,0.0625000149011612,0.008784543722867966,0.1418454796075821,low_confidence
739,Mesh.738,joints_clamps_structural_connectors,0.33714374899864197,plates_discs_shapes,0.24331030249595642,irregular,0.02399998903274536,0.005250006914138794,0.025341883301734924,0.0017382410587742925,0.09383344650268555,low_confidence
742,Mesh.741,handles_controls,0.2683296203613281,plates_discs_shapes,0.1840602159500122,irregular,0.03999999165534973,0.014000028371810913,0.07000000029802322,0.007867800071835518,0.08426940441131592,low_confidence
743,Mesh.742,pipe_fittings_valves_nozzles,0.44739532470703125,bearings_bushings_guides,0.3908926248550415,irregular,0.03600001335144043,0.06399999558925629,0.008000016212463379,0.006740973796695471,0.056502699851989746,low_margin
744,Mesh.743,gears_pulleys_chains,0.23480159044265747,washers_rings_spacers,0.1480875015258789,compact_block,0.01900002360343933,0.018935158848762512,0.019999995827674866,0.0021419445984065533,0.08671408891677856,low_confidence
745,Mesh.744,handles_controls,0.3215741217136383,joints_clamps_structural_connectors,0.20874202251434326,irregular,0.06599694490432739,0.04399999976158142,0.01199999451637268,0.006639987230300903,0.11283209919929504,low_confidence
747,Mesh.746,joints_clamps_structural_connectors,0.2841684818267822,handles_controls,0.10132339596748352,irregular,0.029000014066696167,0.026500001549720764,0.006999999284744263,0.002651485614478588,0.1828450858592987,low_confidence
748,Mesh.747,pipe_fittings_valves_nozzles,0.20471003651618958,nuts,0.1885877251625061,irregular,0.006999999284744263,0.012686952948570251,0.006200000643730164,0.0005124307936057448,0.01612231135368347,low_confidence
752,Mesh.751,handles_controls,0.26406165957450867,joints_clamps_structural_connectors,0.08357897400856018,irregular,0.014541000127792358,0.01655767858028412,0.005218401551246643,0.0008094267104752362,0.1804826855659485,low_confidence
757,Mesh.756,plates_discs_shapes,0.37410810589790344,bearings_bushings_guides,0.19033078849315643,irregular,0.034000009298324585,0.011829998344182968,0.040000006556510925,0.00499612046405673,0.183777317404747,low_confidence
760,Mesh.759,nuts,0.3733241856098175,plates_discs_shapes,0.2741318941116333,irregular,0.02000001072883606,0.02300000935792923,0.008000001311302185,0.0016926745884120464,0.0991922914981842,low_confidence
761,Mesh.760,handles_controls,0.3743739426136017,joints_clamps_structural_connectors,0.22834791243076324,long_slender,0.046000003814697266,0.18150001019239426,0.03200000524520874,0.040258098393678665,0.14602603018283844,low_confidence
763,Mesh.762,pins_rivets_keys,0.30090704560279846,handles_controls,0.21854177117347717,flat_plate,0.085999995470047,0.008000001311302185,0.03999999165534973,0.005677178967744112,0.08236527442932129,low_confidence
766,Mesh.765,plates_discs_shapes,0.2917025089263916,joints_clamps_structural_connectors,0.2897152304649353,flat_plate,0.09600001573562622,0.01599999889731407,0.2280000001192093,0.06330668181180954,0.001987278461456299,low_confidence
774,Mesh.773,plates_discs_shapes,0.39931246638298035,handles_controls,0.09761711210012436,irregular,0.021999984979629517,0.06000000238418579,0.03999999165534973,0.011517751961946487,0.301695354282856,low_confidence
775,Mesh.774,pins_rivets_keys,0.3850550651550293,plates_discs_shapes,0.08860144019126892,flat_plate,0.009999990463256836,0.09600000269711018,0.02000001072883606,0.006437473464757204,0.2964536249637604,low_confidence
778,Mesh.777,plates_discs_shapes,0.3906761407852173,pipe_fittings_valves_nozzles,0.12689590454101562,flat_plate,0.004999995231628418,0.05999999959021807,0.04000002145767212,0.005747175309807062,0.26378023624420166,low_confidence
781,Mesh.780,pins_rivets_keys,0.3144890069961548,joints_clamps_structural_connectors,0.09260034561157227,flat_plate,0.020000040531158447,0.01600000262260437,0.1600000262260437,0.012574064545333385,0.22188866138458252,low_confidence
786,Mesh.785,rotating_fluid_machinery,0.26597294211387634,handles_controls,0.2299557328224182,irregular,0.013399988412857056,0.012800008058547974,0.028400003910064697,0.0015337468357756734,0.03601720929145813,low_confidence
787,Mesh.786,screws_bolts_studs,0.33272573351860046,pins_rivets_keys,0.2013719528913498,long_slender,0.030000001192092896,0.004999995231628418,0.004999995231628418,0.0006189087871462107,0.13135378062725067,low_confidence
797,Mesh.796,handles_controls,0.2790973484516144,plates_discs_shapes,0.12979233264923096,irregular,0.03400003910064697,0.019400008022785187,0.07600003480911255,0.009684804826974869,0.14930501580238342,low_confidence
798,Mesh.797,plates_discs_shapes,0.22583860158920288,joints_clamps_structural_connectors,0.15430964529514313,irregular,0.0339999794960022,0.019400015473365784,0.07600000500679016,0.009684793651103973,0.07152895629405975,low_confidence
799,Mesh.798,joints_clamps_structural_connectors,0.19413292407989502,handles_controls,0.1428653448820114,irregular,0.0339999794960022,0.019400015473365784,0.07600000500679016,0.009684793651103973,0.051267579197883606,low_confidence
812,Mesh.811,plates_discs_shapes,0.20424029231071472,bearings_bushings_guides,0.12255440652370453,irregular,0.007499992847442627,0.009900003671646118,0.0260000079870224,0.001224046340212226,0.08168588578701019,low_confidence
813,Mesh.812,handles_controls,0.18372315168380737,joints_clamps_structural_connectors,0.14224781095981598,flat_plate,0.007298678159713745,0.0057801902294158936,0.06599999964237213,0.0009143601637333632,0.041475340723991394,low_confidence
820,Mesh.819,handles_controls,0.2298833429813385,pins_rivets_keys,0.21406570076942444,compact_block,0.0119590163230896,0.011999998241662979,0.015905946493148804,0.000889492395799607,0.015817642211914062,low_confidence
821,Mesh.820,rotating_fluid_machinery,0.34065499901771545,handles_controls,0.15072251856327057,irregular,0.013399988412857056,0.012800008058547974,0.028400003910064697,0.0015337468357756734,0.18993248045444489,low_confidence
822,Mesh.821,rotating_fluid_machinery,0.1852995753288269,handles_controls,0.175095796585083,irregular,0.013399988412857056,0.012800008058547974,0.028400003910064697,0.0015337468357756734,0.010203778743743896,low_confidence
827,Mesh.826,joints_clamps_structural_connectors,0.26067811250686646,plates_discs_shapes,0.14780642092227936,irregular,0.018000006675720215,0.09600000269711018,0.09999999403953552,0.022470176219940186,0.1128716915845871,low_confidence
828,Mesh.827,pipe_fittings_valves_nozzles,0.34073564410209656,joints_clamps_structural_connectors,0.13922445476055145,irregular,0.006999999284744263,0.012686967849731445,0.006200000643730164,0.0005124311428517103,0.2015111893415451,low_confidence
830,Mesh.829,joints_clamps_structural_connectors,0.1706833392381668,rotating_fluid_machinery,0.1161688044667244,irregular,0.029000014066696167,0.026500001549720764,0.00700000673532486,0.00265148701146245,0.05451453477144241,low_confidence
832,Mesh.831,handles_controls,0.3936183750629425,joints_clamps_structural_connectors,0.28425177931785583,round_or_cubic,0.012481003999710083,0.012500002980232239,0.007449999451637268,0.00042335077887400985,0.10936659574508667,low_confidence
836,Mesh.835,washers_rings_spacers,0.21933208405971527,plates_discs_shapes,0.18833893537521362,flat_plate,0.19200003147125244,0.0029589086771011353,0.008097372949123383,0.002368513261899352,0.030993148684501648,low_confidence
837,Mesh.836,joints_clamps_structural_connectors,0.16310635209083557,rotating_fluid_machinery,0.13951227068901062,irregular,0.014541000127792358,0.01655767858028412,0.005218401551246643,0.0008094267686828971,0.02359408140182495,low_confidence
843,Mesh.842,pipe_fittings_valves_nozzles,0.2495977282524109,plates_discs_shapes,0.23851695656776428,irregular,0.01600000262260437,0.009500011801719666,0.008400008082389832,0.0009880517609417439,0.011080771684646606,low_confidence
847,Mesh.846,plates_discs_shapes,0.34286588430404663,joints_clamps_structural_connectors,0.304356187582016,flat_plate,0.027000010013580322,0.0015000104904174805,0.01320001482963562,0.0007816131692379713,0.03850969672203064,low_confidence
852,Mesh.851,plates_discs_shapes,0.2667330205440521,joints_clamps_structural_connectors,0.16099372506141663,irregular,0.01850000023841858,0.008000016212463379,0.026530012488365173,0.0019144617253914475,0.1057392954826355,low_confidence
859,Mesh.858,handles_controls,0.28365659713745117,joints_clamps_structural_connectors,0.16838952898979187,irregular,0.006999999284744263,0.027000010013580322,0.017000019550323486,0.0012173156719654799,0.1152670681476593,low_confidence
861,Mesh.860,pipe_fittings_valves_nozzles,0.2369680404663086,pins_rivets_keys,0.09555692970752716,long_slender,0.006999850273132324,0.006999999284744263,0.02610001713037491,0.0007019591866992414,0.14141111075878143,low_confidence
862,Mesh.861,plates_discs_shapes,0.27720940113067627,joints_clamps_structural_connectors,0.13938963413238525,flat_plate,0.020748287439346313,0.016500011086463928,0.001999996602535248,0.0006250830483622849,0.13781976699829102,low_confidence
866,Mesh.865,bearings_bushings_guides,0.3951958119869232,joints_clamps_structural_connectors,0.12477964162826538,flat_plate,0.0014948844909667969,0.03840097784996033,0.003956161439418793,0.00014356229803524911,0.27041617035865784,low_confidence
868,Mesh.867,bearings_bushings_guides,0.18961860239505768,pipe_fittings_valves_nozzles,0.1668483167886734,long_slender,0.01900002360343933,0.06770001351833344,0.015000008046627045,0.004259197507053614,0.022770285606384277,low_confidence
869,Mesh.868,screws_bolts_studs,0.1541062593460083,handles_controls,0.13181407749652863,flat_plate,0.004999995231628418,0.047500014305114746,0.0049829185009002686,0.0004689930647145957,0.022292181849479675,low_confidence
870,Mesh.869,screws_bolts_studs,0.23816879093647003,handles_controls,0.12477289140224457,flat_plate,0.004999995231628418,0.047500014305114746,0.0049829185009002686,0.0004689930647145957,0.11339589953422546,low_confidence
872,Mesh.871,bearings_bushings_guides,0.28037893772125244,plates_discs_shapes,0.2223401516675949,irregular,0.022000014781951904,0.01000000536441803,0.013199999928474426,0.0016519936034455895,0.05803878605365753,low_confidence
876,Mesh.875,handles_controls,0.3645380139350891,screws_bolts_studs,0.2889370918273926,long_slender,0.003997921943664551,0.003999993205070496,0.020000003278255463,0.000313625845592469,0.07560092210769653,low_confidence
879,Mesh.878,springs,0.3244365453720093,screws_bolts_studs,0.14215169847011566,flat_plate,0.0029897689819335938,0.008931487798690796,0.04289752244949341,0.00036781036760658026,0.18228484690189362,low_confidence
882,Mesh.881,bearings_bushings_guides,0.2614641785621643,handles_controls,0.14566892385482788,irregular,0.05900004506111145,0.03300001472234726,0.014500007033348083,0.00713733583688736,0.11579525470733643,low_confidence
883,Mesh.882,bearings_bushings_guides,0.30300435423851013,plates_discs_shapes,0.18040288984775543,irregular,0.04400002956390381,0.03200001269578934,0.013000011444091797,0.005404850002378225,0.1226014643907547,low_confidence
885,Mesh.884,joints_clamps_structural_connectors,0.3229016661643982,plates_discs_shapes,0.13833685219287872,irregular,0.011500000953674316,0.03200001269578934,0.021500006318092346,0.002769674640148878,0.18456481397151947,low_confidence
886,Mesh.885,plates_discs_shapes,0.32115861773490906,bearings_bushings_guides,0.2304200530052185,irregular,0.011500030755996704,0.032000020146369934,0.021500006318092346,0.002767089521512389,0.09073856472969055,low_confidence
887,Mesh.886,bearings_bushings_guides,0.21689696609973907,plates_discs_shapes,0.21166574954986572,compact_block,0.029000043869018555,0.022000014781951904,0.019500017166137695,0.003107566386461258,0.005231216549873352,low_confidence
889,Mesh.888,joints_clamps_structural_connectors,0.25629913806915283,plates_discs_shapes,0.24648047983646393,flat_plate,0.023000001907348633,0.018000006675720215,0.0020000040531158447,0.000660985941067338,0.009818658232688904,low_confidence
894,Mesh.893,plates_discs_shapes,0.3552413582801819,joints_clamps_structural_connectors,0.21337087452411652,irregular,0.015200018882751465,0.024700000882148743,0.012500002980232239,0.0013652464840561152,0.14187048375606537,low_confidence
898,Mesh.897,handles_controls,0.2954062521457672,motors_gearmotors,0.20663000643253326,long_slender,0.017000049352645874,0.036000028252601624,0.11330004036426544,0.013987616635859013,0.08877624571323395,low_confidence
904,Mesh.903,springs,0.23215332627296448,pins_rivets_keys,0.2091194987297058,flat_plate,0.004242658615112305,0.004242658615112305,0.0700000524520874,0.000858002807945013,0.023033827543258667,low_confidence
909,Mesh.908,pipe_fittings_valves_nozzles,0.28945162892341614,handles_controls,0.2086879014968872,irregular,0.02300003170967102,0.01295560598373413,0.013000011444091797,0.0008234209381043911,0.08076372742652893,low_confidence
913,Mesh.912,plates_discs_shapes,0.3278101086616516,joints_clamps_structural_connectors,0.13257667422294617,compact_block,0.027000010013580322,0.02510000765323639,0.03100001811981201,0.00586411589756608,0.19523343443870544,low_confidence
919,Mesh.918,washers_rings_spacers,0.28737613558769226,gears_pulleys_chains,0.20861269533634186,irregular,0.010600000619888306,0.04484632611274719,0.04500001668930054,0.004159979522228241,0.0787634402513504,low_confidence
924,Mesh.923,washers_rings_spacers,0.2630075216293335,joints_clamps_structural_connectors,0.16235101222991943,irregular,0.00700002908706665,0.03537875413894653,0.04399999976158142,0.002622937085106969,0.10065650939941406,low_confidence
925,Mesh.924,wheels_castors,0.2761557996273041,washers_rings_spacers,0.18522126972675323,irregular,0.00700002908706665,0.03753755986690521,0.037537574768066406,0.002622938482090831,0.09093452990055084,low_confidence
926,Mesh.925,washers_rings_spacers,0.26041698455810547,joints_clamps_structural_connectors,0.1585690975189209,irregular,0.006999999284744263,0.03537875413894653,0.04399999976158142,0.0026229345239698887,0.10184788703918457,low_confidence
932,Mesh.931,bearings_bushings_guides,0.25084173679351807,wheels_castors,0.18495909869670868,irregular,0.00700002908706665,0.03537875413894653,0.04399999976158142,0.002622937085106969,0.06588263809680939,low_confidence
933,Mesh.932,wheels_castors,0.3912189304828644,washers_rings_spacers,0.15829844772815704,irregular,0.006999999284744263,0.03753755986690521,0.037537574768066406,0.002622936386615038,0.23292048275470734,low_confidence
938,Mesh.937,handles_controls,0.18389350175857544,joints_clamps_structural_connectors,0.16776429116725922,flat_plate,0.017000019550323486,0.026002317667007446,0.19634489715099335,0.01442606933414936,0.016129210591316223,low_confidence
946,Mesh.945,screws_bolts_studs,0.33042624592781067,handles_controls,0.1860777884721756,irregular,0.02300003170967102,0.01295723021030426,0.012999989092350006,0.000823420996312052,0.14434845745563507,low_confidence
948,Mesh.947,handles_controls,0.28126317262649536,pipe_fittings_valves_nozzles,0.17126242816448212,irregular,0.023000001907348633,0.012957245111465454,0.01299998164176941,0.0008234204142354429,0.11000074446201324,low_confidence
950,Mesh.949,handles_controls,0.3267689347267151,joints_clamps_structural_connectors,0.24241942167282104,irregular,0.06599695235490799,0.04399999976158142,0.012000009417533875,0.006639992818236351,0.08434951305389404,low_confidence
951,Mesh.950,handles_controls,0.16479606926441193,screws_bolts_studs,0.12294535338878632,irregular,0.04399999976158142,0.02000001072883606,0.0625000074505806,0.008784545585513115,0.04185071587562561,low_confidence
952,Mesh.951,gears_pulleys_chains,0.29538217186927795,bearings_bushings_guides,0.11443738639354706,compact_block,0.018999993801116943,0.018935158848762512,0.019999995827674866,0.0022177444770932198,0.1809447854757309,low_confidence
953,Mesh.952,pipe_fittings_valves_nozzles,0.4188426434993744,bearings_bushings_guides,0.3934662342071533,irregular,0.03600001335144043,0.06399999558925629,0.008000016212463379,0.006830219179391861,0.02537640929222107,low_margin
958,Mesh.957,plates_discs_shapes,0.3428384065628052,pipe_fittings_valves_nozzles,0.14001525938510895,irregular,0.06700000166893005,0.0559999942779541,0.01199999451637268,0.010984317399561405,0.20282314717769623,low_confidence
960,Mesh.959,joints_clamps_structural_connectors,0.23555271327495575,pipe_fittings_valves_nozzles,0.18166586756706238,irregular,0.006999999284744263,0.012686952948570251,0.006200000643730164,0.0005124310264363885,0.05388684570789337,low_confidence
962,Mesh.961,joints_clamps_structural_connectors,0.33017483353614807,rotating_fluid_machinery,0.14594298601150513,irregular,0.028999999165534973,0.026500001549720764,0.00700000673532486,0.0026514860801398754,0.18423184752464294,low_confidence
965,Mesh.964,nuts,0.3716132938861847,joints_clamps_structural_connectors,0.15206363797187805,irregular,0.01369999349117279,0.009913042187690735,0.0054000020027160645,0.0004070125287398696,0.21954965591430664,low_confidence
968,Mesh.967,handles_controls,0.3093254566192627,joints_clamps_structural_connectors,0.09638766944408417,irregular,0.014541029930114746,0.01655767858028412,0.005218401551246643,0.0008094270015135407,0.21293778717517853,low_confidence
969,Mesh.968,pipe_fittings_valves_nozzles,0.29115036129951477,joints_clamps_structural_connectors,0.20484986901283264,irregular,0.006999999284744263,0.012686952948570251,0.006200000643730164,0.0005124309100210667,0.08630049228668213,low_confidence
971,Mesh.970,bearings_bushings_guides,0.23841629922389984,joints_clamps_structural_connectors,0.09746439009904861,irregular,0.028999999165534973,0.026500001549720764,0.00700000673532486,0.0026514858473092318,0.14095190912485123,low_confidence
976,Mesh.975,rotating_fluid_machinery,0.1400155872106552,gears_pulleys_chains,0.138114333152771,irregular,0.014541015028953552,0.01655767858028412,0.005218401551246643,0.0008094269433058798,0.0019012540578842163,low_confidence
979,Mesh.978,plates_discs_shapes,0.1686754822731018,bearings_bushings_guides,0.14011026918888092,irregular,0.026500016450881958,0.038000017404556274,0.02294999361038208,0.006440277677029371,0.028565213084220886,low_confidence
980,Mesh.979,bearings_bushings_guides,0.17356161773204803,pipe_fittings_valves_nozzles,0.13024578988552094,long_slender,0.019000019878149033,0.06770001351833344,0.015000008046627045,0.004245531279593706,0.0433158278465271,low_confidence
981,Mesh.980,screws_bolts_studs,0.38386836647987366,handles_controls,0.11673075705766678,flat_plate,0.005000002682209015,0.047500014305114746,0.0049829185009002686,0.00046899309381842613,0.2671376094222069,low_confidence
982,Mesh.981,handles_controls,0.34040066599845886,screws_bolts_studs,0.21721868216991425,flat_plate,0.005000002682209015,0.047500014305114746,0.0049829185009002686,0.00046899309381842613,0.12318198382854462,low_confidence
984,Mesh.983,plates_discs_shapes,0.3110099136829376,pipe_fittings_valves_nozzles,0.2112634778022766,irregular,0.022000011056661606,0.01000000536441803,0.013199999928474426,0.0016519934870302677,0.09974643588066101,low_confidence
991,Mesh.990,springs,0.3459559381008148,joints_clamps_structural_connectors,0.13869108259677887,flat_plate,0.0029897540807724,0.008931487798690796,0.04289752244949341,0.00036781025119125843,0.20726485550403595,low_confidence
995,Mesh.994,pipe_fittings_valves_nozzles,0.371254563331604,pins_rivets_keys,0.08895912766456604,long_slender,0.006999853387242183,0.006999999284744263,0.02610001713037491,0.0007019592449069023,0.28229543566703796,low_confidence
996,Mesh.995,plates_discs_shapes,0.2671089172363281,joints_clamps_structural_connectors,0.14409445226192474,flat_plate,0.02074829814955592,0.016500011086463928,0.001999996602535248,0.0006250829319469631,0.12301446497440338,low_confidence
1003,Mesh.1002,plates_discs_shapes,0.39917007088661194,bearings_bushings_guides,0.12168056517839432,irregular,0.044000012800097466,0.032000020146369934,0.013000011444091797,0.005404849071055651,0.2774895057082176,low_confidence
1004,Mesh.1003,joints_clamps_structural_connectors,0.3825697600841522,plates_discs_shapes,0.21179154515266418,irregular,0.04800001438707113,0.007500007748603821,0.021000012755393982,0.004326940979808569,0.17077821493148804,low_confidence
1006,Mesh.1005,plates_discs_shapes,0.32087022066116333,bearings_bushings_guides,0.1338239312171936,irregular,0.01150001585483551,0.032000020146369934,0.021500006318092346,0.00276709022000432,0.18704628944396973,low_confidence
1007,Mesh.1006,plates_discs_shapes,0.24700598418712616,joints_clamps_structural_connectors,0.2141837775707245,compact_block,0.02900002109095645,0.022000014781951904,0.019500017166137695,0.0031075666192919016,0.03282220661640167,low_confidence
1009,Mesh.1008,joints_clamps_structural_connectors,0.28848108649253845,plates_discs_shapes,0.20657122135162354,flat_plate,0.02300000563263893,0.018000006675720215,0.0020000040531158447,0.0006609860574826598,0.08190986514091492,low_confidence
1029,Mesh.1028,handles_controls,0.2023862898349762,plates_discs_shapes,0.1957767754793167,irregular,0.018500011414289474,0.008000016212463379,0.026530012488365173,0.0019144624238833785,0.006609514355659485,low_confidence
1041,Mesh.1040,plates_discs_shapes,0.39200517535209656,joints_clamps_structural_connectors,0.3076132833957672,flat_plate,0.0640000100247562,0.006000027060508728,0.07700003683567047,0.010681482963263988,0.08439189195632935,low_confidence
1044,Mesh.1043,plates_discs_shapes,0.3863084018230438,bearings_bushings_guides,0.15231822431087494,flat_plate,0.03399999439716339,0.004050001502037048,0.040000006556510925,0.003312641754746437,0.23399017751216888,low_confidence
1045,Mesh.1044,plates_discs_shapes,0.39756932854652405,joints_clamps_structural_connectors,0.09591807425022125,flat_plate,0.09600001201033592,0.01599999889731407,0.2280000001192093,0.06330668181180954,0.3016512542963028,low_confidence
1057,Mesh.1056,plates_discs_shapes,0.35939764976501465,pipe_fittings_valves_nozzles,0.14742450416088104,flat_plate,0.004999995231628418,0.06000000052154064,0.04000002145767212,0.005747174844145775,0.2119731456041336,low_confidence
1066,Mesh.1065,handles_controls,0.23970668017864227,pins_rivets_keys,0.20785440504550934,long_slender,0.030000001192092896,0.005000002682209015,0.004999995231628418,0.0006189091363921762,0.031852275133132935,low_confidence
1067,Mesh.1066,pins_rivets_keys,0.3156834840774536,handles_controls,0.19240893423557281,long_slender,0.030000001192092896,0.004999995231628418,0.004999995231628418,0.0006189089035615325,0.1232745498418808,low_confidence
1068,Mesh.1067,screws_bolts_studs,0.2822337746620178,pipe_fittings_valves_nozzles,0.23489578068256378,long_slender,0.005000002682209015,0.004999995231628418,0.019999995827674866,0.0004091442096978426,0.04733799397945404,low_confidence
1076,Mesh.1075,joints_clamps_structural_connectors,0.18585523962974548,handles_controls,0.125510573387146,irregular,0.03400001674890518,0.019400008022785187,0.07600003480911255,0.009684803895652294,0.06034466624259949,low_confidence
1077,Mesh.1076,handles_controls,0.3331993818283081,plates_discs_shapes,0.10221724957227707,irregular,0.03400000184774399,0.019400015473365784,0.07600000500679016,0.009684798307716846,0.23098213225603104,low_confidence
1078,Mesh.1077,joints_clamps_structural_connectors,0.22062154114246368,plates_discs_shapes,0.12893900275230408,irregular,0.03400000184774399,0.019400015473365784,0.07600000500679016,0.009684797376394272,0.0916825383901596,low_confidence
1079,Mesh.1078,handles_controls,0.2876514196395874,nuts,0.1052028089761734,irregular,0.03400001674890518,0.019400008022785187,0.07600001990795135,0.00968480296432972,0.182448610663414,low_confidence
1091,Mesh.1090,joints_clamps_structural_connectors,0.24318578839302063,plates_discs_shapes,0.14692458510398865,irregular,0.007500004023313522,0.009900003671646118,0.0260000079870224,0.0012240470387041569,0.09626120328903198,low_confidence
1092,Mesh.1091,gears_pulleys_chains,0.20835590362548828,handles_controls,0.13089610636234283,flat_plate,0.007295634597539902,0.0057801902294158936,0.06599999964237213,0.0009143601055257022,0.07745979726314545,low_confidence
1099,Mesh.1098,handles_controls,0.23088042438030243,screws_bolts_studs,0.14965103566646576,compact_block,0.0119590163230896,0.011999998241662979,0.015905946493148804,0.0008894923375919461,0.08122938871383667,low_confidence
1101,Mesh.1100,rotating_fluid_machinery,0.27328604459762573,handles_controls,0.16414552927017212,irregular,0.013400007039308548,0.012800008058547974,0.028400003910064697,0.0015337485820055008,0.10914051532745361,low_confidence
1105,Mesh.1104,pins_rivets_keys,0.30330997705459595,pipe_fittings_valves_nozzles,0.2084617167711258,irregular,0.03200000524520874,0.012000003596767783,0.0119590163230896,0.0016181825194507837,0.09484826028347015,low_confidence
1106,Mesh.1105,pipe_fittings_valves_nozzles,0.2178257703781128,bearings_bushings_guides,0.16898152232170105,irregular,0.017999999225139618,0.09600000455975533,0.09999999403953552,0.022500578314065933,0.04884424805641174,low_confidence
1117,Mesh.1116,joints_clamps_structural_connectors,0.3442309498786926,handles_controls,0.13612566888332367,long_slender,0.015200026333332062,0.05490003526210785,0.009000010788440704,0.0031673372723162174,0.20810528099536896,low_confidence
1120,Mesh.1119,pins_rivets_keys,0.22148069739341736,bearings_bushings_guides,0.20324210822582245,flat_plate,0.004242658615112305,0.004242658615112305,0.0700000524520874,0.0008580012945458293,0.01823858916759491,low_confidence
1125,Mesh.1124,handles_controls,0.21641527116298676,pipe_fittings_valves_nozzles,0.21264433860778809,irregular,0.023000013083219528,0.01295560598373413,0.013000011444091797,0.0008234207052737474,0.0037709325551986694,low_confidence
1129,Mesh.1128,plates_discs_shapes,0.23397856950759888,joints_clamps_structural_connectors,0.15862733125686646,compact_block,0.02700001373887062,0.02510000765323639,0.03100001811981201,0.005864115431904793,0.07535123825073242,low_confidence
1134,Mesh.1133,pins_rivets_keys,0.37811076641082764,joints_clamps_structural_connectors,0.08768592774868011,long_slender,0.21000001579523087,0.030894115567207336,0.030999988317489624,0.016090093180537224,0.2904248386621475,low_confidence
1139,Mesh.1138,wheels_castors,0.19364167749881744,washers_rings_spacers,0.18084676563739777,irregular,0.00700000673532486,0.03537875413894653,0.04399999976158142,0.0026229361537843943,0.012794911861419678,low_confidence
1140,Mesh.1139,wheels_castors,0.3173448145389557,washers_rings_spacers,0.15078400075435638,irregular,0.007000001147389412,0.03753755986690521,0.037537574768066406,0.002622936386615038,0.1665608137845993,low_confidence
1141,Mesh.1140,bearings_bushings_guides,0.27453336119651794,wheels_castors,0.19146808981895447,irregular,0.00700000487267971,0.03537875413894653,0.04399999976158142,0.0026229359209537506,0.08306527137756348,low_confidence
1142,Mesh.1141,wheels_castors,0.3815968930721283,bearings_bushings_guides,0.1118127629160881,irregular,0.006999999284744263,0.037537574768066406,0.037537574768066406,0.002622935688123107,0.2697841301560402,low_confidence
1147,Mesh.1146,wheels_castors,0.38708239793777466,washers_rings_spacers,0.10727917402982712,irregular,0.007000003010034561,0.037537574768066406,0.037537574768066406,0.0026229359209537506,0.27980322390794754,low_confidence
1151,Mesh.1150,washers_rings_spacers,0.30596616864204407,gears_pulleys_chains,0.14867977797985077,irregular,0.010600000619888306,0.04484632611274719,0.04500001668930054,0.004159978590905666,0.1572863906621933,low_confidence
1152,Mesh.1151,handles_controls,0.25165092945098877,joints_clamps_structural_connectors,0.23273907601833344,flat_plate,0.017000019550323486,0.02600233256816864,0.19634490460157394,0.014426073059439659,0.018911853432655334,low_confidence
1153,Mesh.1152,handles_controls,0.3901783525943756,screws_bolts_studs,0.16650767624378204,irregular,0.023000001907348633,0.012983083724975586,0.012993492186069489,0.0008234205888584256,0.22367067635059357,low_confidence
1162,Mesh.1161,handles_controls,0.35127177834510803,screws_bolts_studs,0.16463777422904968,irregular,0.023000001907348633,0.012957245111465454,0.01299998164176941,0.0008234202396124601,0.18663400411605835,low_confidence
1167,Mesh.1166,washers_rings_spacers,0.28517553210258484,handles_controls,0.18647554516792297,round_or_cubic,0.011998027563095093,0.006000012159347534,0.011989597231149673,0.0005186870694160461,0.09869998693466187,low_confidence
1168,Mesh.1167,handles_controls,0.1696157157421112,nuts,0.1428307592868805,round_or_cubic,0.012000024318695068,0.006000012159347534,0.011979509145021439,0.0005186869530007243,0.026784956455230713,low_confidence
1171,Mesh.1170,pins_rivets_keys,0.30574655532836914,screws_bolts_studs,0.27343451976776123,flat_plate,0.03200000524520874,0.0029897689819335938,0.00299999862909317,0.00025883817579597235,0.03231203556060791,low_confidence
1172,Mesh.1171,pins_rivets_keys,0.3509206473827362,handles_controls,0.17825086414813995,flat_plate,0.03200000524520874,0.0029897689819335938,0.00299999862909317,0.00025883811758831143,0.17266978323459625,low_confidence
1180,Mesh.1179,handles_controls,0.2299991399049759,springs,0.15336215496063232,long_slender,0.003993213176727295,0.0040000081062316895,0.03300000727176666,0.00038575741928070784,0.07663698494434357,low_confidence
1182,Mesh.1181,joints_clamps_structural_connectors,0.38585472106933594,nuts,0.13172993063926697,long_slender,0.005527198314666748,0.007999986410140991,0.024000003933906555,0.0009704285766929388,0.25412479043006897,low_confidence
1183,Mesh.1182,pins_rivets_keys,0.1898346245288849,springs,0.18417377769947052,long_slender,0.003993213176727295,0.0040000081062316895,0.03300000727176666,0.00038575753569602966,0.005660846829414368,low_confidence
1185,Mesh.1184,pipe_fittings_valves_nozzles,0.3342106342315674,bearings_bushings_guides,0.3201541602611542,compact_block,0.029000014066696167,0.02899998426437378,0.01900000497698784,0.00413493113592267,0.014056473970413208,low_confidence
1186,Mesh.1185,nuts,0.2799847722053528,pins_rivets_keys,0.17555253207683563,long_slender,0.005527198314666748,0.007999986410140991,0.024000003933906555,0.0009704285766929388,0.10443224012851715,low_confidence
1187,Mesh.1186,plates_discs_shapes,0.302083283662796,washers_rings_spacers,0.13404864072799683,flat_plate,0.09850001335144043,0.09650002419948578,0.008000001311302185,0.013923865742981434,0.1680346429347992,low_confidence
1190,Mesh.1189,handles_controls,0.20495299994945526,plates_discs_shapes,0.2011852115392685,irregular,0.05149999260902405,0.02500002086162567,0.030236952006816864,0.008765898644924164,0.0037677884101867676,low_confidence
1195,Mesh.1194,joints_clamps_structural_connectors,0.3815635144710541,plates_discs_shapes,0.14404939115047455,irregular,0.059999942779541016,0.1445511355996132,0.19513139128684998,0.05548727884888649,0.23751412332057953,low_confidence
1199,Mesh.1198,pipe_fittings_valves_nozzles,0.20374822616577148,plates_discs_shapes,0.14761675894260406,flat_plate,0.012000083923339844,0.08800000697374344,0.2620000094175339,0.04228845238685608,0.05613146722316742,low_confidence
1200,Mesh.1199,handles_controls,0.2925966680049896,pins_rivets_keys,0.09762550890445709,irregular,0.021000146865844727,0.01199999451637268,0.062000006437301636,0.005592344328761101,0.19497115910053253,low_confidence
1201,Mesh.1200,joints_clamps_structural_connectors,0.21521933376789093,pipe_fittings_valves_nozzles,0.1147494837641716,flat_plate,0.0045931339263916016,0.0040000081062316895,0.03700000047683716,0.0004557681968435645,0.10046985000371933,low_confidence
1202,Mesh.1201,handles_controls,0.13430988788604736,plates_discs_shapes,0.13145509362220764,irregular,0.019999980926513672,0.03800000250339508,0.05500000715255737,0.013101122342050076,0.0028547942638397217,low_confidence
1203,Mesh.1202,joints_clamps_structural_connectors,0.21270084381103516,handles_controls,0.1830018162727356,irregular,0.01900005340576172,0.04599999636411667,0.059000007808208466,0.0069512357003986835,0.02969902753829956,low_confidence
1204,Mesh.1203,handles_controls,0.31373170018196106,joints_clamps_structural_connectors,0.11252185702323914,flat_plate,0.0045931339263916016,0.003999993205070496,0.03700000047683716,0.00045576822594739497,0.20120984315872192,low_confidence
1209,Mesh.1208,joints_clamps_structural_connectors,0.17186030745506287,washers_rings_spacers,0.16050459444522858,flat_plate,0.012000083923339844,0.08800000697374344,0.2620000094175339,0.04228845238685608,0.01135571300983429,low_confidence
1210,Mesh.1209,handles_controls,0.2019217312335968,motors_gearmotors,0.12960880994796753,irregular,0.021000146865844727,0.01199999451637268,0.062000006437301636,0.005592344328761101,0.07231292128562927,low_confidence
1211,Mesh.1210,joints_clamps_structural_connectors,0.24269266426563263,pipe_fittings_valves_nozzles,0.1638936549425125,flat_plate,0.0045931339263916016,0.0040000081062316895,0.03700000047683716,0.0004557681968435645,0.07879900932312012,low_confidence
1212,Mesh.1211,joints_clamps_structural_connectors,0.2473781257867813,handles_controls,0.11414625495672226,irregular,0.019999980926513672,0.03800000250339508,0.05500000715255737,0.013101122342050076,0.13323187083005905,low_confidence
1213,Mesh.1212,handles_controls,0.20850874483585358,screws_bolts_studs,0.15225060284137726,irregular,0.01900005340576172,0.04599999636411667,0.059000007808208466,0.0069512357003986835,0.05625814199447632,low_confidence
1214,Mesh.1213,handles_controls,0.19849468767642975,joints_clamps_structural_connectors,0.14550572633743286,flat_plate,0.0045931339263916016,0.003999993205070496,0.03700000047683716,0.00045576822594739497,0.05298896133899689,low_confidence
1215,Mesh.1214,pins_rivets_keys,0.2637699544429779,handles_controls,0.24803104996681213,irregular,0.02000001072883606,0.034999966621398926,0.019931763410568237,0.003049935447052121,0.01573890447616577,low_confidence
1228,Mesh.1227,handles_controls,0.2171538919210434,gears_pulleys_chains,0.11487993597984314,irregular,0.014504730701446533,0.00485818088054657,0.016207683831453323,0.000775026623159647,0.10227395594120026,low_confidence
1229,Mesh.1228,handles_controls,0.23138268291950226,pipe_fittings_valves_nozzles,0.17949849367141724,irregular,0.014504730701446533,0.00485818088054657,0.016207683831453323,0.000775026623159647,0.05188418924808502,low_confidence
1231,Mesh.1230,pins_rivets_keys,0.15135470032691956,bearings_bushings_guides,0.12377361953258514,flat_plate,0.06370000541210175,0.007500007748603821,0.011950001120567322,0.0027398099191486835,0.02758108079433441,low_confidence
1232,Mesh.1231,plates_discs_shapes,0.18142995238304138,joints_clamps_structural_connectors,0.13170401751995087,flat_plate,0.08400002121925354,0.008000001311302185,0.020000001415610313,0.006037317216396332,0.049725934863090515,low_confidence
1235,Mesh.1234,handles_controls,0.3320974111557007,pins_rivets_keys,0.14227648079395294,irregular,0.08900003135204315,0.04600003361701965,0.019000006839632988,0.009192729368805885,0.18982093036174774,low_confidence
1236,Mesh.1235,joints_clamps_structural_connectors,0.18225738406181335,motors_gearmotors,0.1508018523454666,irregular,0.08900003135204315,0.04600003361701965,0.019000006839632988,0.009192729368805885,0.03145553171634674,low_confidence
1238,Mesh.1237,joints_clamps_structural_connectors,0.25728753209114075,handles_controls,0.20795124769210815,irregular,0.08500000834465027,0.038000017404556274,0.02000000700354576,0.01869913749396801,0.04933628439903259,low_confidence
1240,Mesh.1239,joints_clamps_structural_connectors,0.22176285088062286,springs,0.16805054247379303,flat_plate,0.03700001537799835,0.003995060920715332,0.004610003903508186,0.0004642609565053135,0.053712308406829834,low_confidence
1241,Mesh.1240,joints_clamps_structural_connectors,0.20095385611057281,bearings_bushings_guides,0.17357173562049866,irregular,0.008000001311302185,0.023000001907348633,0.021000001579523087,0.0018767209257930517,0.027382120490074158,low_confidence
1247,Mesh.1246,joints_clamps_structural_connectors,0.3184365928173065,plates_discs_shapes,0.10307879000902176,irregular,0.030100002884864807,0.013500005006790161,0.021377671509981155,0.0025048900861293077,0.21535780280828476,low_confidence
1248,Mesh.1247,pins_rivets_keys,0.38658320903778076,handles_controls,0.13858284056186676,flat_plate,0.004610002040863037,0.03700000047683716,0.003995068371295929,0.00046426098560914397,0.248000368475914,low_confidence
1249,Mesh.1248,joints_clamps_structural_connectors,0.16336114704608917,pins_rivets_keys,0.13126437366008759,flat_plate,0.004610002040863037,0.03700001537799835,0.003995068371295929,0.00046426098560914397,0.03209677338600159,low_confidence
1257,Mesh.1256,handles_controls,0.20653605461120605,pipe_fittings_valves_nozzles,0.11608272045850754,flat_plate,0.09610000252723694,0.008000001311302185,0.08200000273063779,0.01080066803842783,0.09045333415269852,low_confidence
1258,Mesh.1257,handles_controls,0.17948420345783234,rotating_fluid_machinery,0.14563490450382233,irregular,0.014504730701446533,0.00485818088054657,0.016207681968808174,0.0007750265067443252,0.03384929895401001,low_confidence
1259,Mesh.1258,handles_controls,0.3726975619792938,pipe_fittings_valves_nozzles,0.11807891726493835,irregular,0.014504730701446533,0.00485818088054657,0.016207681968808174,0.0007750265067443252,0.25461864471435547,low_confidence
1260,Mesh.1259,pipe_fittings_valves_nozzles,0.2799638509750366,handles_controls,0.2449052482843399,irregular,0.014504730701446533,0.00485818088054657,0.016207683831453323,0.0007750265649519861,0.035058602690696716,low_confidence
1261,Mesh.1260,handles_controls,0.252810537815094,gears_pulleys_chains,0.13013572990894318,irregular,0.014541029930114746,0.005218282341957092,0.016207687556743622,0.0007774911937303841,0.12267480790615082,low_confidence
1265,Mesh.1264,screws_bolts_studs,0.25904586911201477,handles_controls,0.16889390349388123,irregular,0.10000002384185791,0.17799997329711914,0.09965845942497253,0.02992466278374195,0.09015196561813354,low_confidence
1272,Mesh.1271,wheels_castors,0.2983258366584778,bearings_bushings_guides,0.27834194898605347,compact_block,0.11490491032600403,0.10493624210357666,0.11490491032600403,0.0464351512491703,0.019983887672424316,low_confidence
1293,Mesh.1292,plates_discs_shapes,0.29706674814224243,pins_rivets_keys,0.24471867084503174,irregular,0.031999990344047546,0.1550000049173832,0.15400000661611557,0.057383835315704346,0.05234807729721069,low_confidence
1295,Mesh.1294,motors_gearmotors,0.27316534519195557,screws_bolts_studs,0.15255995094776154,compact_block,0.2900000214576721,0.22200001031160355,0.28999999165534973,0.36889511346817017,0.12060539424419403,low_confidence
1298,Mesh.1297,joints_clamps_structural_connectors,0.3988727331161499,bearings_bushings_guides,0.30255869030952454,irregular,0.029999971389770508,0.0356999933719635,0.05300000309944153,0.01171235553920269,0.09631404280662537,low_confidence
1299,Mesh.1298,joints_clamps_structural_connectors,0.362424373626709,bearings_bushings_guides,0.27706748247146606,irregular,0.029999971389770508,0.0356999933719635,0.05300000309944153,0.01171235553920269,0.08535689115524292,low_confidence
1300,Mesh.1299,joints_clamps_structural_connectors,0.36170339584350586,bearings_bushings_guides,0.2678779661655426,irregular,0.029999971389770508,0.0356999933719635,0.05300000309944153,0.011712356470525265,0.09382542967796326,low_confidence
1301,Mesh.1300,joints_clamps_structural_connectors,0.3451513648033142,bearings_bushings_guides,0.3331466317176819,irregular,0.030000001192092896,0.0356999933719635,0.05300000309944153,0.011712364852428436,0.012004733085632324,low_confidence
1316,Mesh.1315,bearings_bushings_guides,0.3145392835140228,pipe_fittings_valves_nozzles,0.3104197382926941,irregular,0.030000001192092896,0.22500000894069672,0.14300000667572021,0.08756528049707413,0.004119545221328735,low_confidence
1318,Mesh.1317,bearings_bushings_guides,0.19717295467853546,pipe_fittings_valves_nozzles,0.18924938142299652,irregular,0.030000030994415283,0.22500000894069672,0.14300000667572021,0.08756530284881592,0.00792357325553894,low_confidence
1320,Mesh.1319,pipe_fittings_valves_nozzles,0.20789280533790588,bearings_bushings_guides,0.18910379707813263,irregular,0.029999971389770508,0.22500000894069672,0.14300000667572021,0.08756524324417114,0.018789008259773254,low_confidence
1322,Mesh.1321,pipe_fittings_valves_nozzles,0.3343164324760437,bearings_bushings_guides,0.3090035021305084,irregular,0.029999971389770508,0.22500000894069672,0.14300000667572021,0.08756527304649353,0.02531293034553528,low_confidence
1324,Mesh.1323,pins_rivets_keys,0.20752650499343872,rotating_fluid_machinery,0.1574159860610962,irregular,0.07999999821186066,0.2915000170469284,0.12000000849366188,0.17553944885730743,0.05011051893234253,low_confidence
1325,Mesh.1324,pins_rivets_keys,0.3142426908016205,screws_bolts_studs,0.2896353006362915,irregular,0.03200000524520874,0.01900000125169754,0.019000001484528184,0.0020684991031885147,0.02460739016532898,low_confidence
1326,Mesh.1325,joints_clamps_structural_connectors,0.2666379511356354,nuts,0.22985628247261047,irregular,0.009999990463256836,0.017999999225139618,0.04500000178813934,0.0030884991865605116,0.0367816686630249,low_confidence
1327,Mesh.1326,rotating_fluid_machinery,0.2243989259004593,handles_controls,0.21792009472846985,irregular,0.014541029930114746,0.016207680106163025,0.005218274891376495,0.0007774905534461141,0.006478831171989441,low_confidence
1333,Mesh.1332,pins_rivets_keys,0.24888035655021667,bearings_bushings_guides,0.21194520592689514,long_slender,0.015000000596046448,0.11749695986509323,0.028000001795589924,0.010880373418331146,0.03693515062332153,low_confidence
1336,Mesh.1335,bearings_bushings_guides,0.3080868721008301,pipe_fittings_valves_nozzles,0.2263938933610916,irregular,0.021000005304813385,0.010499998927116394,0.00415000319480896,0.000722443510312587,0.08169297873973846,low_confidence
1337,Mesh.1336,bearings_bushings_guides,0.3259637951850891,pipe_fittings_valves_nozzles,0.2805185616016388,irregular,0.020999997854232788,0.009500011801719666,0.004149995744228363,0.0006751986802555621,0.04544523358345032,low_confidence
1338,Mesh.1337,bearings_bushings_guides,0.36233964562416077,motors_gearmotors,0.11137407273054123,irregular,0.021000005304813385,0.043400004506111145,0.025499999523162842,0.006495588459074497,0.25096557289361954,low_confidence
1341,Mesh.1340,pins_rivets_keys,0.3270774483680725,handles_controls,0.22700285911560059,long_slender,0.012000009417533875,0.053999997675418854,0.00899999588727951,0.0026301690377295017,0.10007458925247192,low_confidence
1345,Mesh.1344,plates_discs_shapes,0.37839528918266296,pipe_fittings_valves_nozzles,0.12248758226633072,irregular,0.06000000238418579,0.09800000488758087,0.16450001299381256,0.05777384340763092,0.25590770691633224,low_confidence
1347,Mesh.1346,nuts,0.16578425467014313,joints_clamps_structural_connectors,0.14431744813919067,irregular,0.014200001955032349,0.006200000643730164,0.009913049638271332,0.0004254867963027209,0.021466806530952454,low_confidence
1358,Mesh.1357,handles_controls,0.29447466135025024,bearings_bushings_guides,0.23987427353858948,irregular,0.013400018215179443,0.01279999315738678,0.0386000107973814,0.0018886737525463104,0.05460038781166077,low_confidence
1362,Mesh.1361,washers_rings_spacers,0.24169275164604187,pins_rivets_keys,0.2013510763645172,flat_plate,0.009999990463256836,0.2193947210907936,0.04373936913907528,0.011470934376120567,0.04034167528152466,low_confidence
1366,Mesh.1365,pipe_fittings_valves_nozzles,0.35311567783355713,bearings_bushings_guides,0.2763865888118744,flat_plate,0.01000000536441803,0.06400000303983688,0.08500000555068254,0.01233504619449377,0.07672908902168274,low_confidence
1368,Mesh.1367,pipe_fittings_valves_nozzles,0.3889462351799011,motors_gearmotors,0.1690903753042221,irregular,0.10850000381469727,0.060000001452863216,0.06000000890344381,0.023353513330221176,0.21985585987567902,low_confidence
1369,Mesh.1368,screws_bolts_studs,0.19516633450984955,pins_rivets_keys,0.17857077717781067,irregular,0.008349999785423279,0.004982922226190567,0.005000002682209015,0.00013632922491524369,0.01659555733203888,low_confidence
1371,Mesh.1370,pins_rivets_keys,0.2205243855714798,screws_bolts_studs,0.14349794387817383,irregular,0.008500002324581146,0.004000004380941391,0.003986336290836334,0.00011082165292464197,0.07702644169330597,low_confidence
1375,Mesh.1374,pipe_fittings_valves_nozzles,0.21092437207698822,plates_discs_shapes,0.16816356778144836,round_or_cubic,0.01600000262260437,0.014399990439414978,0.007500008679926395,0.0010782497702166438,0.042760804295539856,low_confidence
1376,Mesh.1375,bearings_bushings_guides,0.27948474884033203,pins_rivets_keys,0.11160646378993988,irregular,0.030600011348724365,0.004800006747245789,0.010500002652406693,0.0010828290833160281,0.16787828505039215,low_confidence
1379,Mesh.1378,bearings_bushings_guides,0.2858518064022064,plates_discs_shapes,0.17320866882801056,irregular,0.031000003218650818,0.014650017023086548,0.04340000078082085,0.006319196429103613,0.11264313757419586,low_confidence
1383,Mesh.1382,plates_discs_shapes,0.32108235359191895,handles_controls,0.10797005891799927,round_or_cubic,0.01600000262260437,0.007500007748603821,0.014399999752640724,0.0010782501194626093,0.21311229467391968,low_confidence
1391,Mesh.1390,joints_clamps_structural_connectors,0.31300511956214905,plates_discs_shapes,0.17302672564983368,round_or_cubic,0.01600000262260437,0.014400005340576172,0.007500007748603821,0.0010782500030472875,0.13997839391231537,low_confidence
1392,Mesh.1391,bearings_bushings_guides,0.38199642300605774,washers_rings_spacers,0.09051086753606796,irregular,0.030600011348724365,0.004799999296665192,0.010500002652406693,0.0010828280355781317,0.2914855554699898,low_confidence
1395,Mesh.1394,plates_discs_shapes,0.2409515529870987,bearings_bushings_guides,0.19285522401332855,irregular,0.031000003218650818,0.014650017023086548,0.0433999989181757,0.0063191968947649,0.04809632897377014,low_confidence
1396,Mesh.1395,bearings_bushings_guides,0.3772914707660675,pipe_fittings_valves_nozzles,0.09972851723432541,long_slender,0.030600011348724365,0.004800006747245789,0.00950000062584877,0.0010144510306417942,0.2775629535317421,low_confidence
1399,Mesh.1398,joints_clamps_structural_connectors,0.20035837590694427,pipe_fittings_valves_nozzles,0.19571708142757416,round_or_cubic,0.01600000262260437,0.007500007748603821,0.014399997889995575,0.0010782501194626093,0.004641294479370117,low_confidence
1405,Mesh.1404,pins_rivets_keys,0.17264358699321747,motors_gearmotors,0.11070768535137177,long_slender,0.014999866485595703,0.11756695806980133,0.028000001795589924,0.010889831930398941,0.0619359016418457,low_confidence
1406,Mesh.1405,pins_rivets_keys,0.3263162672519684,screws_bolts_studs,0.32623663544654846,irregular,0.031999826431274414,0.01900000125169754,0.01900000125169754,0.0020684758201241493,7.963180541992188e-05,low_confidence
1409,Mesh.1408,handles_controls,0.13253553211688995,pipe_fittings_valves_nozzles,0.1320188343524933,round_or_cubic,0.030499935150146484,0.07999999821186066,0.08000000100582838,0.028254985809326172,0.0005166977643966675,low_confidence
1414,Mesh.1413,screws_bolts_studs,0.38165199756622314,pins_rivets_keys,0.15773293375968933,flat_plate,0.031999826431274414,0.002989739179611206,0.003000006079673767,0.0002588361967355013,0.2239190638065338,low_confidence
1417,Mesh.1416,handles_controls,0.1722516417503357,joints_clamps_structural_connectors,0.16244877874851227,flat_plate,0.012000083923339844,0.017999999225139618,0.10500000603497028,0.006236699875444174,0.009802863001823425,low_confidence
1419,Mesh.1418,plates_discs_shapes,0.22880913317203522,joints_clamps_structural_connectors,0.1804734319448471,round_or_cubic,0.016000032424926758,0.014400005340576172,0.007500005885958672,0.0010795264970511198,0.04833570122718811,low_confidence
1423,Mesh.1422,plates_discs_shapes,0.2990342080593109,bearings_bushings_guides,0.20592480897903442,irregular,0.03099989891052246,0.014650017023086548,0.043400002643465996,0.006309674121439457,0.09310939908027649,low_confidence
1425,Mesh.1424,joints_clamps_structural_connectors,0.2927913963794708,bearings_bushings_guides,0.25977903604507446,irregular,0.03059983253479004,0.004800006747245789,0.010499998927116394,0.0010500806383788586,0.03301236033439636,low_confidence
1426,Mesh.1425,washers_rings_spacers,0.2587745487689972,pins_rivets_keys,0.20074814558029175,flat_plate,0.010000228881835938,0.2193947210907936,0.04373936913907528,0.011471162550151348,0.058026403188705444,low_confidence
1429,Mesh.1428,plates_discs_shapes,0.2970721423625946,joints_clamps_structural_connectors,0.25187578797340393,irregular,0.059999942779541016,0.09799999743700027,0.16450001299381256,0.05775929242372513,0.045196354389190674,low_confidence
1431,Mesh.1430,joints_clamps_structural_connectors,0.2742137014865875,pins_rivets_keys,0.22424423694610596,long_slender,0.009999990463256836,0.0020000040531158447,0.0019931644201278687,7.134627230698243e-05,0.04996946454048157,low_confidence
1432,Mesh.1431,handles_controls,0.38565999269485474,nuts,0.08299856632947922,irregular,0.016700029373168945,0.009913042187690735,0.006239995360374451,0.00044389773393049836,0.3026614263653755,low_confidence
1442,Mesh.1441,handles_controls,0.15821027755737305,rotating_fluid_machinery,0.13244807720184326,irregular,0.016700029373168945,0.006239995360374451,0.009913049638271332,0.0004438982286956161,0.025762200355529785,low_confidence
1448,Mesh.1447,joints_clamps_structural_connectors,0.3237340748310089,pipe_fittings_valves_nozzles,0.166318878531456,irregular,0.0074999332427978516,0.006040006875991821,0.011686958372592926,0.0005104835145175457,0.15741519629955292,low_confidence
1453,Mesh.1452,plates_discs_shapes,0.31453070044517517,pins_rivets_keys,0.22086818516254425,flat_plate,0.04900002479553223,0.01000000536441803,0.2510000132024288,0.03191402554512024,0.09366251528263092,low_confidence
1462,Mesh.1461,screws_bolts_studs,0.2083381861448288,pins_rivets_keys,0.15406964719295502,irregular,0.008350133895874023,0.004982922226190567,0.005000002682209015,0.0001363313349429518,0.05426853895187378,low_confidence
1464,Mesh.1463,bearings_bushings_guides,0.26434972882270813,pins_rivets_keys,0.13396592438220978,irregular,0.008500099182128906,0.004000002518296242,0.003986339084804058,0.00011082286073360592,0.13038380444049835,low_confidence
1470,Mesh.1469,plates_discs_shapes,0.37720274925231934,pipe_fittings_valves_nozzles,0.144716277718544,round_or_cubic,0.016000032424926758,0.007500007748603821,0.014399999286979437,0.0011047160951420665,0.23248647153377533,low_confidence
1473,Mesh.1472,joints_clamps_structural_connectors,0.36986082792282104,plates_discs_shapes,0.2767425775527954,compact_block,0.013299942016601562,0.015000000596046448,0.013000000268220901,0.0009503539185971022,0.09311825037002563,low_confidence
1477,Mesh.1476,plates_discs_shapes,0.25648602843284607,pipe_fittings_valves_nozzles,0.1834813803434372,irregular,0.03099989891052246,0.043400004506111145,0.014650002587586641,0.0063695115968585014,0.07300464808940887,low_confidence
1483,Mesh.1482,bearings_bushings_guides,0.24249762296676636,plates_discs_shapes,0.12605208158493042,irregular,0.03060007095336914,0.004800006747245789,0.010500000789761543,0.0010892966529354453,0.11644554138183594,low_confidence
1487,Mesh.1486,bearings_bushings_guides,0.21262714266777039,pins_rivets_keys,0.14757046103477478,long_slender,0.03060007095336914,0.004799999296665192,0.00950000062584877,0.001014452544040978,0.0650566816329956,low_confidence
1491,Mesh.1490,plates_discs_shapes,0.3091333508491516,joints_clamps_structural_connectors,0.22905637323856354,compact_block,0.013299942016601562,0.015000000596046448,0.012999996542930603,0.0009503538021817803,0.08007697761058807,low_confidence
1492,Mesh.1491,bearings_bushings_guides,0.36164751648902893,plates_discs_shapes,0.10032785683870316,irregular,0.03060007095336914,0.010499998927116394,0.004800006747245789,0.0010892966529354453,0.2613196596503258,low_confidence
1495,Mesh.1494,plates_discs_shapes,0.2925877273082733,bearings_bushings_guides,0.22887113690376282,irregular,0.03099989891052246,0.043400004506111145,0.014650002121925354,0.0063695115968585014,0.0637165904045105,low_confidence
1506,Mesh.1505,screws_bolts_studs,0.2454984039068222,handles_controls,0.18013745546340942,flat_plate,0.007972687482833862,0.008000001311302185,0.06800000462681055,0.0019367344211786985,0.06536094844341278,low_confidence
1509,Mesh.1508,bearings_bushings_guides,0.26715219020843506,plates_discs_shapes,0.26611068844795227,irregular,0.01499999687075615,0.031000003218650818,0.055400002747774124,0.007836639881134033,0.001041501760482788,low_confidence
1518,Mesh.1517,pins_rivets_keys,0.3073854148387909,plates_discs_shapes,0.270605206489563,flat_plate,0.20000000298023224,0.0020000040531158447,0.012500006705522537,0.005828895606100559,0.036780208349227905,low_confidence
1519,Mesh.1518,screws_bolts_studs,0.3661268949508667,handles_controls,0.22833459079265594,flat_plate,0.0029938817024230957,0.0029994845390319824,0.03200000524520874,0.00025883837952278554,0.13779230415821075,low_confidence
1531,Mesh.1530,screws_bolts_studs,0.18654821813106537,gears_pulleys_chains,0.11811498552560806,round_or_cubic,0.026708930730819702,0.026708930730819702,0.009900005534291267,0.002284051850438118,0.0684332326054573,low_confidence
1532,Mesh.1531,joints_clamps_structural_connectors,0.38149985671043396,nuts,0.13911786675453186,compact_block,0.02999074012041092,0.030000001192092896,0.02250000461935997,0.003896129783242941,0.2423819899559021,low_confidence
1538,Mesh.1537,screws_bolts_studs,0.4017487168312073,bearings_bushings_guides,0.3763957917690277,flat_plate,0.0700000524520874,0.0020000040531158447,0.0019931718707084656,0.0004455764719750732,0.025352925062179565,low_margin
1552,Mesh.1551,bearings_bushings_guides,0.2407177984714508,handles_controls,0.12998439371585846,flat_plate,0.8000000566244125,0.03200000524520874,0.010000009089708328,0.049084894359111786,0.11073340475559235,low_confidence
1553,Mesh.1552,bearings_bushings_guides,0.2274703085422516,plates_discs_shapes,0.177500382065773,flat_plate,0.800000011920929,0.031999990344047546,0.010000001639127731,0.0710725337266922,0.04996992647647858,low_confidence
1565,Mesh.1564,pins_rivets_keys,0.3963809013366699,screws_bolts_studs,0.2335328906774521,long_slender,0.008000016212463379,0.008000001311302185,0.06150000588968396,0.001764743821695447,0.16284801065921783,low_confidence
1566,Mesh.1565,handles_controls,0.30110135674476624,pins_rivets_keys,0.18906955420970917,flat_plate,0.007972657680511475,0.008000001311302185,0.06800000462681055,0.0019367332570254803,0.11203180253505707,low_confidence
1569,Mesh.1568,bearings_bushings_guides,0.35393595695495605,plates_discs_shapes,0.1807728111743927,irregular,0.014999985694885254,0.031000003218650818,0.055400002747774124,0.007836639881134033,0.17316314578056335,low_confidence
1570,Mesh.1569,pipe_fittings_valves_nozzles,0.3976295590400696,bearings_bushings_guides,0.2087191492319107,irregular,0.06999999284744263,0.07000000774860382,0.009999997913837433,0.013419393450021744,0.18891040980815887,low_confidence
1582,Mesh.1581,plates_discs_shapes,0.35617172718048096,handles_controls,0.12912288308143616,compact_block,0.034999966621398926,0.031999990344047546,0.047700000926852226,0.007375925779342651,0.2270488440990448,low_confidence
1587,Mesh.1586,plates_discs_shapes,0.34514230489730835,pins_rivets_keys,0.17253455519676208,flat_plate,0.19999992847442627,0.0020000040531158447,0.01249999925494194,0.005828890483826399,0.17260774970054626,low_confidence
1591,Mesh.1590,handles_controls,0.14856286346912384,gears_pulleys_chains,0.14455562829971313,round_or_cubic,0.02670896053314209,0.026708930730819702,0.009900005534291267,0.0022840527817606926,0.004007235169410706,low_confidence
1612,Mesh.1611,handles_controls,0.17131264507770538,bearings_bushings_guides,0.15751266479492188,flat_plate,0.8000000715255737,0.03200000524520874,0.010000009089708328,0.049084898084402084,0.013799980282783508,low_confidence
1613,Mesh.1612,bearings_bushings_guides,0.32177743315696716,pins_rivets_keys,0.14746437966823578,flat_plate,0.800000011920929,0.031999990344047546,0.010000001639127731,0.0710725411772728,0.17431305348873138,low_confidence
1614,Mesh.1613,plates_discs_shapes,0.3588087260723114,bearings_bushings_guides,0.18944856524467468,irregular,0.041999995708465576,0.010500013828277588,0.02759999968111515,0.004359873943030834,0.16936016082763672,low_confidence
1626,Mesh.1625,screws_bolts_studs,0.2321384698152542,handles_controls,0.14218083024024963,flat_plate,0.00797271728515625,0.008000001311302185,0.06800000462681055,0.001936732092872262,0.08995763957500458,low_confidence
1638,Mesh.1637,plates_discs_shapes,0.3896820843219757,joints_clamps_structural_connectors,0.10155542194843292,flat_plate,0.20000004768371582,0.0020000040531158447,0.012500006705522537,0.005828896537423134,0.2881266623735428,low_confidence
1643,Mesh.1642,plates_discs_shapes,0.3240264356136322,handles_controls,0.13646648824214935,compact_block,0.03500008583068848,0.031999990344047546,0.047700000926852226,0.007375951856374741,0.18755994737148285,low_confidence
1651,Mesh.1650,pins_rivets_keys,0.2051178514957428,screws_bolts_studs,0.19119086861610413,round_or_cubic,0.02670884132385254,0.026708930730819702,0.009900005534291267,0.002284048357978463,0.013926982879638672,low_confidence
1654,Mesh.1653,nuts,0.31672367453575134,joints_clamps_structural_connectors,0.1937984824180603,compact_block,0.029999971389770508,0.029991671442985535,0.022500005550682545,0.0038689165376126766,0.12292519211769104,low_confidence
1657,Mesh.1656,bearings_bushings_guides,0.39271965622901917,screws_bolts_studs,0.38918811082839966,flat_plate,0.07000017166137695,0.0020000040531158447,0.0019931718707084656,0.00044557719957083464,0.003531545400619507,low_confidence
1672,Mesh.1671,bearings_bushings_guides,0.2398194968700409,springs,0.15712395310401917,flat_plate,0.7999999523162842,0.03200000524520874,0.010000009089708328,0.04908489063382149,0.08269554376602173,low_confidence
1673,Mesh.1672,bearings_bushings_guides,0.274903267621994,pins_rivets_keys,0.17593775689601898,flat_plate,0.8000000715255737,0.031999990344047546,0.010000001639127731,0.0710725262761116,0.09896551072597504,low_confidence
1674,Mesh.1673,bearings_bushings_guides,0.2976863384246826,joints_clamps_structural_connectors,0.15671655535697937,irregular,0.0419999361038208,0.010500013828277588,0.02759999968111515,0.004359870683401823,0.14096978306770325,low_confidence
1682,Mesh.1681,gears_pulleys_chains,0.1267755627632141,handles_controls,0.1235971748828888,irregular,0.014504671096801758,0.016207680106163025,0.00485827773809433,0.0007529117283411324,0.0031783878803253174,low_confidence
1683,Mesh.1682,washers_rings_spacers,0.2475210726261139,bearings_bushings_guides,0.11749297380447388,round_or_cubic,0.01199999451637268,0.006000012159347534,0.011979509145021439,0.0005186870694160461,0.13002809882164001,low_confidence
1688,Mesh.1687,handles_controls,0.26805856823921204,bearings_bushings_guides,0.1468839794397354,irregular,0.015000008046627045,0.050999999046325684,0.0240000169724226,0.008065152913331985,0.12117458879947662,low_confidence
1689,Mesh.1688,joints_clamps_structural_connectors,0.17503876984119415,handles_controls,0.11018016189336777,flat_plate,0.004610002040863037,0.03700000047683716,0.003995072096586227,0.0004642608982976526,0.06485860794782639,low_confidence
1699,Mesh.1698,handles_controls,0.24250811338424683,washers_rings_spacers,0.21506020426750183,round_or_cubic,0.011998042464256287,0.006000012159347534,0.011989597231149673,0.0005186870112083852,0.027447909116744995,low_confidence
1701,Mesh.1700,pins_rivets_keys,0.16199202835559845,pipe_fittings_valves_nozzles,0.12468971312046051,flat_plate,0.004610002040863037,0.03700000047683716,0.003995072096586227,0.0004642611602321267,0.03730231523513794,low_confidence
1703,Mesh.1702,handles_controls,0.2515946328639984,bearings_bushings_guides,0.16891264915466309,irregular,0.015000000596046448,0.050999999046325684,0.0240000169724226,0.008065152913331985,0.08268198370933533,low_confidence
1704,Mesh.1703,joints_clamps_structural_connectors,0.20382629334926605,springs,0.16345946490764618,flat_plate,0.004610002040863037,0.03700000047683716,0.003995072096586227,0.0004642611602321267,0.04036682844161987,low_confidence
1705,Mesh.1704,washers_rings_spacers,0.22877344489097595,joints_clamps_structural_connectors,0.1934950053691864,flat_plate,0.09850000962615013,0.09650002419948578,0.008000001311302185,0.01392386294901371,0.03527843952178955,low_confidence
1708,Mesh.1707,joints_clamps_structural_connectors,0.3938632309436798,plates_discs_shapes,0.15674449503421783,irregular,0.05150000751018524,0.025000005960464478,0.030236952006816864,0.008923539891839027,0.23711873590946198,low_confidence
1715,Mesh.1714,screws_bolts_studs,0.20928184688091278,handles_controls,0.20087166130542755,irregular,0.09999990463256836,0.17799997329711914,0.09965848922729492,0.029924672096967697,0.00841018557548523,low_confidence
1719,Mesh.1718,screws_bolts_studs,0.3414611518383026,handles_controls,0.2056957185268402,irregular,0.09965848922729492,0.17799997329711914,0.10000002384185791,0.029924696311354637,0.1357654333114624,low_confidence
1723,Mesh.1722,screws_bolts_studs,0.23412923514842987,handles_controls,0.10348917543888092,irregular,0.10000000335276127,0.17799997329711914,0.09965848922729492,0.0299246646463871,0.13064005970954895,low_confidence
1727,Mesh.1726,screws_bolts_studs,0.36457762122154236,handles_controls,0.14744660258293152,irregular,0.09999990463256836,0.17799997329711914,0.09965845942497253,0.029924653470516205,0.21713101863861084,low_confidence
1731,Mesh.1730,screws_bolts_studs,0.317057341337204,gears_pulleys_chains,0.10273260623216629,irregular,0.09965848922729492,0.17799997329711914,0.10000000149011612,0.0299246683716774,0.2143247351050377,low_confidence
1734,Mesh.1733,wheels_castors,0.39082759618759155,bearings_bushings_guides,0.2756537199020386,compact_block,0.11490486422553658,0.10493624210357666,0.11490487866103649,0.04643513262271881,0.11517387628555298,low_confidence
1735,Mesh.1734,screws_bolts_studs,0.32958438992500305,handles_controls,0.10857930779457092,irregular,0.09965845290571451,0.17799997329711914,0.10000000149011612,0.0299246646463871,0.22100508213043213,low_confidence
1741,Mesh.1740,joints_clamps_structural_connectors,0.17712070047855377,springs,0.1117086261510849,flat_plate,0.07999992370605469,0.07999999821186066,0.8400000631809235,0.903573751449585,0.06541207432746887,low_confidence
1744,Mesh.1743,joints_clamps_structural_connectors,0.1883445382118225,springs,0.15767541527748108,flat_plate,0.08000000473111868,0.08000004291534424,0.6900000125169754,0.7428476810455322,0.03066912293434143,low_confidence
1745,Mesh.1744,springs,0.18491564691066742,joints_clamps_structural_connectors,0.15240482985973358,long_slender,0.07999992370605469,0.5700000822544098,0.08000016212463379,0.6142657399177551,0.03251081705093384,low_confidence
1746,Mesh.1745,springs,0.20062698423862457,motors_gearmotors,0.13654875755310059,long_slender,0.08000000473111868,0.5700000822544098,0.08000016212463379,0.6142660975456238,0.06407822668552399,low_confidence
1747,Mesh.1746,rotating_fluid_machinery,0.13707320392131805,joints_clamps_structural_connectors,0.1295250803232193,long_slender,0.08000000473111868,0.5700000822544098,0.08000020682811737,0.6142662167549133,0.007548123598098755,low_confidence
1748,Mesh.1747,motors_gearmotors,0.21882696449756622,springs,0.13272525370121002,long_slender,0.07999992370605469,0.5700000822544098,0.08000020682811737,0.6142657995223999,0.0861017107963562,low_confidence
1749,Mesh.1748,springs,0.3355582654476166,gears_pulleys_chains,0.104664146900177,long_slender,0.07999992370605469,0.49000005424022675,0.08000017143785954,0.5285448431968689,0.23089411854743958,low_confidence
1750,Mesh.1749,springs,0.15391117334365845,motors_gearmotors,0.13267971575260162,long_slender,0.08000004291534424,0.49000003933906555,0.08000004291534424,0.5285452008247375,0.021231457591056824,low_confidence
1751,Mesh.1750,joints_clamps_structural_connectors,0.3678089678287506,handles_controls,0.12477460503578186,long_slender,0.07999992370605469,0.08000004291534424,0.36000002920627594,0.3892481327056885,0.24303436279296875,low_confidence
1752,Mesh.1751,springs,0.23924152553081512,joints_clamps_structural_connectors,0.19526325166225433,long_slender,0.07999992370605469,0.07999999821186066,0.25000001303851604,0.2713817059993744,0.04397827386856079,low_confidence
1754,Mesh.1753,joints_clamps_structural_connectors,0.3770303726196289,springs,0.08645892888307571,long_slender,0.07999992370605469,0.07999999821186066,0.28999999165534973,0.3142421841621399,0.2905714437365532,low_confidence
1759,Mesh.1758,joints_clamps_structural_connectors,0.18213795125484467,rotating_fluid_machinery,0.10939867794513702,flat_plate,0.07999992370605469,0.49000003933906555,0.03999999165534973,0.2577711343765259,0.07273927330970764,low_confidence
1760,Mesh.1759,springs,0.21419841051101685,joints_clamps_structural_connectors,0.14808140695095062,flat_plate,0.07999992370605469,0.49000003933906555,0.03999999165534973,0.2577710747718811,0.06611700356006622,low_confidence
1767,Mesh.1766,joints_clamps_structural_connectors,0.2501019835472107,pins_rivets_keys,0.14832529425621033,flat_plate,0.02500009536743164,0.025000035762786865,0.4700000435113907,0.045834731310606,0.10177668929100037,low_confidence
1769,Mesh.1768,pins_rivets_keys,0.3013265132904053,joints_clamps_structural_connectors,0.29825252294540405,flat_plate,0.02500009536743164,0.025000035762786865,0.4700000286102295,0.045834731310606,0.0030739903450012207,low_confidence
1771,Mesh.1770,rotating_fluid_machinery,0.23131385445594788,washers_rings_spacers,0.11044500768184662,flat_plate,2.3000005930662155,0.001999974250793457,0.8500004410743713,3.4572277069091797,0.12086884677410126,low_confidence
1772,Mesh.1771,joints_clamps_structural_connectors,0.3571443557739258,plates_discs_shapes,0.16722680628299713,flat_plate,1.03000009059906,0.49000002443790436,0.0015000104904174805,0.8892925381660461,0.18991754949092865,low_confidence
1773,Mesh.1772,joints_clamps_structural_connectors,0.32300713658332825,pins_rivets_keys,0.2650505602359772,flat_plate,0.02500009536743164,0.025000035762786865,0.4700000286102295,0.04583469778299332,0.057956576347351074,low_confidence
1775,Mesh.1774,joints_clamps_structural_connectors,0.34262263774871826,pins_rivets_keys,0.19512519240379333,flat_plate,0.02500009536743164,0.025000035762786865,0.4700000435113907,0.04583469778299332,0.14749744534492493,low_confidence
1777,Mesh.1776,pipe_fittings_valves_nozzles,0.3744705617427826,screws_bolts_studs,0.18161343038082123,flat_plate,0.01385641098022461,0.26900002360343933,0.012000000104308128,0.011423280462622643,0.19285713136196136,low_confidence
1782,Mesh.1781,handles_controls,0.3799471855163574,joints_clamps_structural_connectors,0.11978942155838013,flat_plate,0.16200000047683716,0.011959075927734375,0.052000001072883606,0.009941833093762398,0.2601577639579773,low_confidence
1783,Mesh.1782,joints_clamps_structural_connectors,0.31230178475379944,plates_discs_shapes,0.1198166087269783,irregular,0.2800000309944153,0.2500000298023224,0.44300001859664917,0.8374663591384888,0.19248517602682114,low_confidence
1785,Mesh.1784,joints_clamps_structural_connectors,0.24803321063518524,pins_rivets_keys,0.18396297097206116,irregular,0.2799999713897705,0.2500000298023224,0.44300001859664917,0.8374662399291992,0.06407023966312408,low_confidence
1786,Mesh.1785,pipe_fittings_valves_nozzles,0.17574292421340942,screws_bolts_studs,0.13409043848514557,flat_plate,0.01385641098022461,0.26900002360343933,0.01199999451637268,0.011423278599977493,0.041652485728263855,low_confidence
1788,Mesh.1787,bearings_bushings_guides,0.2796688973903656,plates_discs_shapes,0.21172453463077545,flat_plate,0.9280000329017639,0.006000012159347534,0.03999999165534973,0.08539193123579025,0.06794436275959015,low_confidence
1790,Mesh.1789,nuts,0.2616768777370453,joints_clamps_structural_connectors,0.207408145070076,round_or_cubic,0.039999961853027344,0.03987714648246765,0.015000000596046448,0.003733706194907427,0.0542687326669693,low_confidence
1795,Mesh.1794,screws_bolts_studs,0.3631848394870758,motors_gearmotors,0.13439339399337769,compact_block,0.031546950340270996,0.03750000149011612,0.03143925219774246,0.004874551668763161,0.22879144549369812,low_confidence
1796,Mesh.1795,screws_bolts_studs,0.16858413815498352,motors_gearmotors,0.15200591087341309,compact_block,0.03154700994491577,0.03749999403953552,0.03143925219774246,0.004874551668763161,0.016578227281570435,low_confidence
1799,Mesh.1798,motors_gearmotors,0.3494572341442108,handles_controls,0.20623935759067535,irregular,0.024000048637390137,0.054899998009204865,0.018000006675720215,0.00461719511076808,0.14321787655353546,low_confidence
1800,Mesh.1799,handles_controls,0.34031033515930176,motors_gearmotors,0.29696890711784363,irregular,0.02399998903274536,0.054899998009204865,0.018000006675720215,0.0046171871945261955,0.04334142804145813,low_confidence
1803,Mesh.1802,motors_gearmotors,0.32685452699661255,handles_controls,0.28536611795425415,long_slender,0.018000006675720215,0.05490000545978546,0.018000006675720215,0.003983033820986748,0.0414884090423584,low_confidence
1807,Mesh.1806,motors_gearmotors,0.3655014932155609,handles_controls,0.25791695713996887,long_slender,0.018000006675720215,0.05490000545978546,0.018000006675720215,0.003983029164373875,0.10758453607559204,low_confidence
1813,Mesh.1812,washers_rings_spacers,0.32280924916267395,bearings_bushings_guides,0.18429075181484222,irregular,0.05000000074505806,0.015000000596046448,0.04982922226190567,0.007339724339544773,0.13851849734783173,low_confidence
1818,Mesh.1817,washers_rings_spacers,0.2245754897594452,pins_rivets_keys,0.1468493491411209,irregular,0.03999948501586914,0.010500013828277588,0.03999745845794678,0.003507984569296241,0.07772614061832428,low_confidence
1826,Mesh.1825,handles_controls,0.3753502368927002,motors_gearmotors,0.2689064145088196,long_slender,0.017999887466430664,0.018000006675720215,0.054900020360946655,0.003983041737228632,0.10644382238388062,low_confidence
1833,Mesh.1832,joints_clamps_structural_connectors,0.3719679117202759,washers_rings_spacers,0.19929459691047668,flat_plate,0.23640000820159912,0.21639999747276306,0.0011999905109405518,0.06289990246295929,0.1726733148097992,low_confidence
1835,Mesh.1834,washers_rings_spacers,0.2416149228811264,plates_discs_shapes,0.19566573202610016,flat_plate,0.23640000820159912,0.0011999905109405518,0.14639999717473984,0.06510362029075623,0.045949190855026245,low_confidence
1839,Mesh.1838,plates_discs_shapes,0.3023500144481659,pins_rivets_keys,0.10675854980945587,flat_plate,0.7930000275373459,0.006000012159347534,0.03999999165534973,0.07301165163516998,0.19559146463871002,low_confidence
1840,Mesh.1839,joints_clamps_structural_connectors,0.2986598312854767,plates_discs_shapes,0.20566700398921967,flat_plate,0.9290000796318054,0.001999996602535248,0.15000000968575478,0.280889630317688,0.09299282729625702,low_confidence
1841,Mesh.1840,plates_discs_shapes,0.3252386152744293,rotating_fluid_machinery,0.09651663899421692,flat_plate,0.7930000275373459,0.006000012159347534,0.04000000283122063,0.07301165163516998,0.2287219762802124,low_confidence
1842,Mesh.1841,joints_clamps_structural_connectors,0.3616379201412201,plates_discs_shapes,0.17867442965507507,flat_plate,0.794000044465065,0.0020000040531158447,0.15000001341104507,0.23991502821445465,0.18296349048614502,low_confidence
1843,Mesh.1842,bearings_bushings_guides,0.2448868304491043,plates_discs_shapes,0.19165156781673431,flat_plate,0.9280000329017639,0.006000012159347534,0.04000000283122063,0.08539193868637085,0.053235262632369995,low_confidence
1946,Mesh.1945,bearings_bushings_guides,0.2481440007686615,nuts,0.18804201483726501,irregular,0.013000011444091797,0.006999999284744263,0.022800005972385406,0.001024972298182547,0.060101985931396484,low_confidence
1947,Mesh.1946,handles_controls,0.2928549349308014,pipe_fittings_valves_nozzles,0.190378338098526,long_slender,0.0279998779296875,0.004999995231628418,0.0049829185009002686,0.00028999935602769256,0.10247659683227539,low_confidence
1951,Mesh.1950,joints_clamps_structural_connectors,0.19507823884487152,handles_controls,0.13303180038928986,flat_plate,0.03699994087219238,0.0040000081062316895,0.004593178629875183,0.0004557631618808955,0.062046438455581665,low_confidence
1956,Mesh.1955,handles_controls,0.14454276859760284,motors_gearmotors,0.11820299923419952,irregular,0.14499998092651367,0.030000001192092896,0.058000028133392334,0.04349563270807266,0.02633976936340332,low_confidence
1957,Mesh.1956,pins_rivets_keys,0.37849152088165283,joints_clamps_structural_connectors,0.09144919365644455,flat_plate,0.03699994087219238,0.0040000006556510925,0.004593178629875183,0.00045576304546557367,0.2870423272252083,low_confidence
1958,Mesh.1957,joints_clamps_structural_connectors,0.2376902997493744,handles_controls,0.1513805240392685,flat_plate,0.004000186920166016,0.004593178629875183,0.03700000047683716,0.00045576386037282646,0.0863097757101059,low_confidence
1959,Mesh.1958,joints_clamps_structural_connectors,0.27517086267471313,plates_discs_shapes,0.25103574991226196,irregular,0.03800010681152344,0.02000001072883606,0.05500000715255737,0.013101110234856606,0.024135112762451172,low_confidence
1960,Mesh.1959,handles_controls,0.32079797983169556,pins_rivets_keys,0.14744685590267181,irregular,0.046000003814697266,0.019000008702278137,0.059000007808208466,0.0069512370973825455,0.17335112392902374,low_confidence
1961,Mesh.1960,handles_controls,0.297296941280365,pipe_fittings_valves_nozzles,0.10395417362451553,flat_plate,0.004000186920166016,0.004593178629875183,0.03700000047683716,0.00045576386037282646,0.19334276765584946,low_confidence
1962,Mesh.1961,plates_discs_shapes,0.32657432556152344,pins_rivets_keys,0.12108224630355835,irregular,0.008000001311302185,0.05600001662969589,0.028000004589557648,0.0035892054438591003,0.2054920792579651,low_confidence
1966,Mesh.1965,handles_controls,0.36531513929367065,motors_gearmotors,0.20313002169132233,long_slender,0.04300001263618469,0.006200015544891357,0.010996416211128235,0.0012408348266035318,0.16218511760234833,low_confidence
1967,Mesh.1966,plates_discs_shapes,0.2866940498352051,pins_rivets_keys,0.17203079164028168,irregular,0.008000001311302185,0.05600001662969589,0.028000004589557648,0.003525144187733531,0.1146632581949234,low_confidence
1968,Mesh.1967,plates_discs_shapes,0.21370390057563782,handles_controls,0.2039176970720291,flat_plate,0.16900008916854858,0.0832500234246254,0.009999997913837433,0.023994741961359978,0.009786203503608704,low_confidence
1970,Mesh.1969,handles_controls,0.2066480666399002,plates_discs_shapes,0.19603297114372253,irregular,0.14400005340576172,0.019999995827674866,0.058000052347779274,0.033284224569797516,0.010615095496177673,low_confidence
1971,Mesh.1970,pins_rivets_keys,0.3515920639038086,screws_bolts_studs,0.2213677018880844,irregular,0.10500001907348633,0.018000006675720215,0.05600001709535718,0.009298959746956825,0.13022436201572418,low_confidence
1973,Mesh.1972,handles_controls,0.3994549512863159,motors_gearmotors,0.21152830123901367,long_slender,0.042999982833862305,0.010996431112289429,0.0062000080943107605,0.0012408358743414283,0.18792665004730225,low_confidence
1974,Mesh.1973,plates_discs_shapes,0.3821197748184204,handles_controls,0.12029804289340973,flat_plate,0.006000041961669922,0.04300001263618469,0.05600000033155084,0.003941285889595747,0.2618217319250107,low_confidence
1975,Mesh.1974,joints_clamps_structural_connectors,0.13389815390110016,motors_gearmotors,0.11319485306739807,flat_plate,0.05800000578165054,0.038499996066093445,0.004999998956918716,0.003330099629238248,0.020703300833702087,low_confidence
1976,Mesh.1975,plates_discs_shapes,0.3890536427497864,joints_clamps_structural_connectors,0.21433191001415253,irregular,0.05500000715255737,0.01199999451637268,0.034800002234987915,0.007212026510387659,0.17472173273563385,low_confidence
1981,Mesh.1980,joints_clamps_structural_connectors,0.2244071066379547,handles_controls,0.15635572373867035,flat_plate,0.03700001537799835,0.004593178629875183,0.004000002518296242,0.00045576278353109956,0.06805138289928436,low_confidence
1983,Mesh.1982,pipe_fittings_valves_nozzles,0.28094762563705444,bearings_bushings_guides,0.23132701218128204,irregular,0.01600000634789467,0.017000019550323486,0.03600000555161387,0.003268145490437746,0.0496206134557724,low_confidence
1987,Mesh.1986,joints_clamps_structural_connectors,0.1944090574979782,springs,0.11185800284147263,flat_plate,0.037000007927417755,0.004593178629875183,0.0040000006556510925,0.00045576278353109956,0.08255105465650558,low_confidence
1989,Mesh.1988,joints_clamps_structural_connectors,0.1353725790977478,motors_gearmotors,0.12791810929775238,flat_plate,0.06258876994252205,0.036371007561683655,0.004999998956918716,0.0033300998620688915,0.007454469799995422,low_confidence
1991,Mesh.1990,plates_discs_shapes,0.37916329503059387,pins_rivets_keys,0.1762412190437317,round_or_cubic,0.16769981384277344,0.09000000357627869,0.14740000665187836,0.16022026538848877,0.20292207598686218,low_confidence
1993,Mesh.1992,bearings_bushings_guides,0.2734065353870392,plates_discs_shapes,0.21819168329238892,long_slender,0.040000081062316895,0.012000000104308128,0.004999995231628418,0.0015429055783897638,0.05521485209465027,low_confidence
1994,Mesh.1993,bearings_bushings_guides,0.3583028018474579,plates_discs_shapes,0.12888462841510773,long_slender,0.040000081062316895,0.012000000104308128,0.004999995231628418,0.0015429055783897638,0.22941817343235016,low_confidence
1996,Mesh.1995,handles_controls,0.30640509724617004,joints_clamps_structural_connectors,0.1081903800368309,irregular,0.08799993991851807,0.04999999701976776,0.14400000125169754,0.06301751732826233,0.19821471720933914,low_confidence
2002,Mesh.2001,motors_gearmotors,0.264702171087265,joints_clamps_structural_connectors,0.13692393898963928,irregular,0.19700002670288086,0.32500000298023224,0.08749999850988388,0.1659734547138214,0.12777823209762573,low_confidence
2003,Mesh.2002,nuts,0.22566796839237213,plates_discs_shapes,0.21872487664222717,irregular,0.015200018882751465,0.0032000094652175903,0.009999997913837433,0.00045583638711832464,0.0069430917501449585,low_confidence
2004,Mesh.2003,bearings_bushings_guides,0.3178784251213074,nuts,0.1947426199913025,irregular,0.017580747604370117,0.011620000004768372,0.011099986732006073,0.0010447758249938488,0.12313580513000488,low_confidence
2005,Mesh.2004,joints_clamps_structural_connectors,0.2542523145675659,pins_rivets_keys,0.2095511257648468,flat_plate,0.03599989414215088,0.0040000081062316895,0.015400014817714691,0.001171942800283432,0.044701188802719116,low_confidence
2006,Mesh.2005,joints_clamps_structural_connectors,0.3367258608341217,plates_discs_shapes,0.15303932130336761,irregular,0.005273342132568359,0.013100013136863708,0.018999993801116943,0.0005886490689590573,0.1836865395307541,low_confidence
2009,Mesh.2008,joints_clamps_structural_connectors,0.31152915954589844,plates_discs_shapes,0.1879398375749588,irregular,0.03100001811981201,0.020999997854232788,0.011199995875358582,0.0031344713643193245,0.12358932197093964,low_confidence
2012,Mesh.2011,screws_bolts_studs,0.3068326711654663,bearings_bushings_guides,0.14310909807682037,flat_plate,0.0014386177062988281,0.001438915729522705,0.0244000107049942,8.728779357625172e-05,0.16372357308864594,low_confidence
2014,Mesh.2013,springs,0.18886883556842804,screws_bolts_studs,0.1141081377863884,flat_plate,0.0014386177062988281,0.001438915729522705,0.0244000107049942,8.728750253794715e-05,0.07476069778203964,low_confidence
2016,Mesh.2015,springs,0.1783987283706665,screws_bolts_studs,0.1568225473165512,flat_plate,0.0014386177062988281,0.001438915729522705,0.0244000107049942,8.728750253794715e-05,0.021576181054115295,low_confidence
2018,Mesh.2017,screws_bolts_studs,0.27709269523620605,handles_controls,0.1220022514462471,flat_plate,0.0014386177062988281,0.001438915729522705,0.0244000107049942,8.728750253794715e-05,0.15509044378995895,low_confidence
2020,Mesh.2019,screws_bolts_studs,0.3514404594898224,bearings_bushings_guides,0.09542393684387207,flat_plate,0.0014386177062988281,0.001438915729522705,0.0244000107049942,8.728750253794715e-05,0.2560165226459503,low_confidence
2024,Mesh.2023,screws_bolts_studs,0.19752639532089233,springs,0.13081221282482147,flat_plate,0.0014386177062988281,0.001438915729522705,0.024399995803833008,8.728775719646364e-05,0.06671418249607086,low_confidence
2026,Mesh.2025,screws_bolts_studs,0.3722357451915741,springs,0.10896336287260056,flat_plate,0.0014386177062988281,0.001438915729522705,0.024399995803833008,8.728746615815908e-05,0.26327238231897354,low_confidence
2030,Mesh.2029,screws_bolts_studs,0.26845934987068176,springs,0.16235247254371643,flat_plate,0.0014386177062988281,0.001438915729522705,0.024399995803833008,8.728746615815908e-05,0.10610687732696533,low_confidence
2034,Mesh.2033,screws_bolts_studs,0.19199290871620178,springs,0.13351011276245117,flat_plate,0.0014386177062988281,0.001438915729522705,0.024399995803833008,8.728746615815908e-05,0.05848279595375061,low_confidence
2040,Mesh.2039,joints_clamps_structural_connectors,0.20630280673503876,handles_controls,0.14614780247211456,flat_plate,0.0045931339263916016,0.0040000081062316895,0.03700000047683716,0.00045576822594739497,0.060155004262924194,low_confidence
2048,Mesh.2047,screws_bolts_studs,0.35805395245552063,handles_controls,0.13301332294940948,long_slender,0.05299997329711914,0.2485000193119049,0.05300000309944153,0.0463942252099514,0.22504062950611115,low_confidence
2057,Mesh.2056,motors_gearmotors,0.2603403329849243,handles_controls,0.22159622609615326,compact_block,0.0409998893737793,0.03687363862991333,0.03700000047683716,0.005688907578587532,0.03874410688877106,low_confidence
2060,Mesh.2059,handles_controls,0.27174684405326843,joints_clamps_structural_connectors,0.1932627558708191,irregular,0.015600025653839111,0.04399999976158142,0.09530000761151314,0.011372949928045273,0.07848408818244934,low_confidence
2061,Mesh.2060,handles_controls,0.3548204302787781,motors_gearmotors,0.20605741441249847,irregular,0.015600025653839111,0.04399999976158142,0.09530000761151314,0.011372949928045273,0.1487630158662796,low_confidence
2063,Mesh.2062,motors_gearmotors,0.3307691216468811,handles_controls,0.24773462116718292,irregular,0.015600025653839111,0.04399999976158142,0.09530000761151314,0.011372949928045273,0.08303450047969818,low_confidence
2064,Mesh.2063,handles_controls,0.2740338444709778,joints_clamps_structural_connectors,0.17606772482395172,irregular,0.015600025653839111,0.04399999976158142,0.09530000761151314,0.011372949928045273,0.09796611964702606,low_confidence
2065,Mesh.2064,handles_controls,0.32427456974983215,motors_gearmotors,0.23660805821418762,irregular,0.015600025653839111,0.04399999976158142,0.09530000761151314,0.011372949928045273,0.08766651153564453,low_confidence
2067,Mesh.2066,pipe_fittings_valves_nozzles,0.2583458125591278,screws_bolts_studs,0.12456240504980087,irregular,0.03819996118545532,0.01749993860721588,0.017484947573393583,0.002740694209933281,0.13378340750932693,low_confidence
2068,Mesh.2067,screws_bolts_studs,0.27703598141670227,pipe_fittings_valves_nozzles,0.15165501832962036,irregular,0.03819996118545532,0.01749993860721588,0.01748494803905487,0.002740694209933281,0.1253809630870819,low_confidence
2072,Mesh.2071,handles_controls,0.38005825877189636,motors_gearmotors,0.1297510415315628,irregular,0.015600010752677917,0.04399999976158142,0.09530000761151314,0.011372959241271019,0.25030721724033356,low_confidence
2073,Mesh.2072,handles_controls,0.344419002532959,motors_gearmotors,0.17166928946971893,irregular,0.015600010752677917,0.04399999976158142,0.09530000761151314,0.011372958309948444,0.17274971306324005,low_confidence
2075,Mesh.2074,handles_controls,0.3202320635318756,motors_gearmotors,0.21891307830810547,irregular,0.015600010752677917,0.04399999976158142,0.09530000761151314,0.011372959241271019,0.10131898522377014,low_confidence
2077,Mesh.2076,handles_controls,0.27099013328552246,motors_gearmotors,0.2288661003112793,irregular,0.015600010752677917,0.04399999976158142,0.09530000761151314,0.011372959241271019,0.042124032974243164,low_confidence
2078,Mesh.2077,plates_discs_shapes,0.3412378430366516,joints_clamps_structural_connectors,0.12310633808374405,irregular,0.13999998569488525,0.026000000536441803,0.06000000238418579,0.04373384267091751,0.21813150495290756,low_confidence
2080,Mesh.2079,nuts,0.2031894475221634,pipe_fittings_valves_nozzles,0.15886344015598297,irregular,0.0382000207901001,0.01749993860721588,0.01748494803905487,0.0027406958397477865,0.04432600736618042,low_confidence
2083,Mesh.2082,pipe_fittings_valves_nozzles,0.26320573687553406,nuts,0.16136649250984192,irregular,0.0382000207901001,0.01749993860721588,0.01748494803905487,0.0027406930457800627,0.10183924436569214,low_confidence
2087,Mesh.2086,motors_gearmotors,0.2788780927658081,handles_controls,0.19621524214744568,irregular,0.015600085258483887,0.04399999976158142,0.09530000761151314,0.011372964829206467,0.08266285061836243,low_confidence
2089,Mesh.2088,motors_gearmotors,0.38730359077453613,handles_controls,0.1563320755958557,irregular,0.015600085258483887,0.04399999976158142,0.09530000761151314,0.011372964829206467,0.23097151517868042,low_confidence
2091,Mesh.2090,pipe_fittings_valves_nozzles,0.33884280920028687,screws_bolts_studs,0.16659660637378693,irregular,0.0382000207901001,0.01749993860721588,0.017484947573393583,0.002740692812949419,0.17224620282649994,low_confidence
2092,Mesh.2091,handles_controls,0.37641194462776184,motors_gearmotors,0.1834261268377304,irregular,0.015600085258483887,0.04399999976158142,0.09530000761151314,0.011372964829206467,0.19298581779003143,low_confidence
2094,Mesh.2093,pipe_fittings_valves_nozzles,0.3372914791107178,nuts,0.16390186548233032,irregular,0.0382000207901001,0.01749993860721588,0.01748494803905487,0.0027406932786107063,0.17338961362838745,low_confidence
2095,Mesh.2094,motors_gearmotors,0.23215579986572266,joints_clamps_structural_connectors,0.20973528921604156,irregular,0.015600085258483887,0.04399999976158142,0.09530000761151314,0.011372964829206467,0.02242051064968109,low_confidence
2096,Mesh.2095,motors_gearmotors,0.36951515078544617,handles_controls,0.23310717940330505,irregular,0.015600085258483887,0.04399999976158142,0.09530000761151314,0.011372964829206467,0.1364079713821411,low_confidence
2097,Mesh.2096,motors_gearmotors,0.3866424858570099,handles_controls,0.22674116492271423,irregular,0.015600085258483887,0.04399999976158142,0.09530000761151314,0.011372964829206467,0.15990132093429565,low_confidence
2099,Mesh.2098,handles_controls,0.34874227643013,motors_gearmotors,0.17323103547096252,irregular,0.015600085258483887,0.04399999976158142,0.09530000761151314,0.011372964829206467,0.17551124095916748,low_confidence
2103,Mesh.2102,handles_controls,0.27705255150794983,motors_gearmotors,0.249929741024971,irregular,0.015600085258483887,0.04399999976158142,0.09530000761151314,0.011372964829206467,0.02712281048297882,low_confidence
2107,Mesh.2106,handles_controls,0.3156816363334656,motors_gearmotors,0.2953993082046509,flat_plate,0.009799957275390625,0.041700586676597595,0.08310011774301529,0.006520028226077557,0.020282328128814697,low_confidence
2109,Mesh.2108,motors_gearmotors,0.31343045830726624,handles_controls,0.2920066714286804,flat_plate,0.009799957275390625,0.041700586676597595,0.08310011774301529,0.006520028226077557,0.021423786878585815,low_confidence
2110,Mesh.2109,motors_gearmotors,0.3355943560600281,handles_controls,0.2805365324020386,flat_plate,0.009799957275390625,0.041700586676597595,0.08310011774301529,0.00652000866830349,0.0550578236579895,low_confidence
2111,Mesh.2110,motors_gearmotors,0.33082228899002075,handles_controls,0.23504677414894104,flat_plate,0.009799957275390625,0.041700586676597595,0.08310011774301529,0.00652000866830349,0.09577551484107971,low_confidence
2112,Mesh.2111,handles_controls,0.38831761479377747,motors_gearmotors,0.228335902094841,flat_plate,0.009799957275390625,0.041700586676597595,0.08310011774301529,0.006520028226077557,0.15998171269893646,low_confidence
2115,Mesh.2114,handles_controls,0.3300212323665619,motors_gearmotors,0.2731967568397522,flat_plate,0.0098000168800354,0.041700586676597595,0.08310011774301529,0.006520052440464497,0.05682447552680969,low_confidence
2119,Mesh.2118,handles_controls,0.33681681752204895,motors_gearmotors,0.26566457748413086,flat_plate,0.0098000168800354,0.041700586676597595,0.08310011774301529,0.006520052440464497,0.07115224003791809,low_confidence
2121,Mesh.2120,wheels_castors,0.3221290707588196,bearings_bushings_guides,0.1365313082933426,irregular,0.04400002956390381,0.007000013254582882,0.035378750413656235,0.0027550775557756424,0.185597762465477,low_confidence
2123,Mesh.2122,motors_gearmotors,0.31078657507896423,handles_controls,0.10835310816764832,compact_block,0.05500006675720215,0.04749999940395355,0.04500000178813934,0.018133526667952538,0.20243346691131592,low_confidence
2124,Mesh.2123,motors_gearmotors,0.37467527389526367,bearings_bushings_guides,0.08134635537862778,compact_block,0.05500006675720215,0.04749999940395355,0.04500000551342964,0.018133528530597687,0.2933289185166359,low_confidence
2125,Mesh.2124,plates_discs_shapes,0.37819188833236694,bearings_bushings_guides,0.1763915866613388,flat_plate,0.18799996376037598,0.015000000596046448,0.1080000028014183,0.052266355603933334,0.20180030167102814,low_confidence
2128,Mesh.2127,handles_controls,0.3870037794113159,bearings_bushings_guides,0.17341716587543488,compact_block,0.022225022315979004,0.022205352783203125,0.016000001167412847,0.0018401629058644176,0.21358661353588104,low_confidence
2129,Mesh.2128,nuts,0.2434776872396469,joints_clamps_structural_connectors,0.19852674007415771,irregular,0.06499993801116943,0.029988333582878113,0.019000000203959644,0.005770084448158741,0.0449509471654892,low_confidence
2130,Mesh.2129,handles_controls,0.24790115654468536,bearings_bushings_guides,0.11859631538391113,compact_block,0.001399993896484375,0.0013987571001052856,0.001394086517393589,6.122594186308561e-06,0.12930484116077423,low_confidence
2132,Mesh.2131,handles_controls,0.21831539273262024,joints_clamps_structural_connectors,0.15755410492420197,irregular,0.06500005722045898,0.019000008702278137,0.029977332800626755,0.0057700034230947495,0.060761287808418274,low_confidence
2133,Mesh.2132,bearings_bushings_guides,0.34892141819000244,handles_controls,0.1884128898382187,compact_block,0.022225022315979004,0.01600000262260437,0.022205359302461147,0.0018401702400296926,0.16050852835178375,low_confidence
2134,Mesh.2133,nuts,0.2520333528518677,handles_controls,0.10465353727340698,irregular,0.06500005722045898,0.019000008702278137,0.02997733186930418,0.0057701668702065945,0.1473798155784607,low_confidence
2135,Mesh.2134,handles_controls,0.2793964147567749,bearings_bushings_guides,0.11135349422693253,compact_block,0.001399993896484375,0.0013940930366516113,0.0013987645506858826,6.122594641055912e-06,0.16804292052984238,low_confidence
2139,Mesh.2138,screws_bolts_studs,0.37581780552864075,pipe_fittings_valves_nozzles,0.14036428928375244,long_slender,0.08000004291534424,0.02193930745124817,0.019000003347173333,0.004147964529693127,0.2354535162448883,low_confidence
2140,Mesh.2139,plates_discs_shapes,0.24852792918682098,bearings_bushings_guides,0.15582886338233948,round_or_cubic,0.048599958419799805,0.022000212222337723,0.04200000315904617,0.009372660890221596,0.0926990658044815,low_confidence
2141,Mesh.2140,joints_clamps_structural_connectors,0.15227918326854706,handles_controls,0.15079930424690247,irregular,0.0076999664306640625,0.021750006824731827,0.041999995708465576,0.002987719140946865,0.0014798790216445923,low_confidence
2142,Mesh.2141,plates_discs_shapes,0.26902154088020325,bearings_bushings_guides,0.13021741807460785,flat_plate,0.0022499561309814453,0.021600011736154556,0.04200000315904617,0.001910628518089652,0.1388041228055954,low_confidence
2143,Mesh.2142,joints_clamps_structural_connectors,0.3712247908115387,plates_discs_shapes,0.12241695076227188,flat_plate,0.002250075340270996,0.021600008010864258,0.04200001060962677,0.0019106547115370631,0.24880784004926682,low_confidence
2144,Mesh.2143,handles_controls,0.27168476581573486,joints_clamps_structural_connectors,0.24785540997982025,irregular,0.0076999664306640625,0.021750006824731827,0.041999995708465576,0.002987719140946865,0.023829355835914612,low_confidence
2145,Mesh.2144,springs,0.3443789780139923,pins_rivets_keys,0.23461681604385376,flat_plate,0.2200000286102295,0.015500005334615707,0.02000001072883606,0.018238993361592293,0.10976216197013855,low_confidence
2146,Mesh.2145,plates_discs_shapes,0.3514575660228729,bearings_bushings_guides,0.12223391979932785,round_or_cubic,0.048599958419799805,0.022000212222337723,0.04200000315904617,0.009372668340802193,0.22922364622354507,low_confidence
2148,Mesh.2147,plates_discs_shapes,0.2795218825340271,joints_clamps_structural_connectors,0.17457900941371918,flat_plate,0.0022499561309814453,0.021600011736154556,0.04200000315904617,0.0019106282852590084,0.10494287312030792,low_confidence
2149,Mesh.2148,plates_discs_shapes,0.3074294626712799,joints_clamps_structural_connectors,0.20801718533039093,flat_plate,0.002250075340270996,0.021600011736154556,0.04200000315904617,0.0019106545951217413,0.09941227734088898,low_confidence
2151,Mesh.2150,plates_discs_shapes,0.3251350522041321,bearings_bushings_guides,0.17781168222427368,round_or_cubic,0.048599958419799805,0.022000212222337723,0.04200001060962677,0.009372660890221596,0.1473233699798584,low_confidence
2152,Mesh.2151,joints_clamps_structural_connectors,0.2859462797641754,pipe_fittings_valves_nozzles,0.19537964463233948,irregular,0.0076999664306640625,0.021750006824731827,0.04199999198317528,0.002987719140946865,0.09056663513183594,low_confidence
2154,Mesh.2153,bearings_bushings_guides,0.21495550870895386,joints_clamps_structural_connectors,0.190812349319458,flat_plate,0.002250075340270996,0.021600011736154556,0.04200000315904617,0.001910654827952385,0.02414315938949585,low_confidence
2156,Mesh.2155,springs,0.27754509449005127,pins_rivets_keys,0.24302659928798676,flat_plate,0.2200000286102295,0.015500005334615707,0.02000000700354576,0.018238993361592293,0.034518495202064514,low_confidence
2157,Mesh.2156,bearings_bushings_guides,0.2732527554035187,plates_discs_shapes,0.19566674530506134,round_or_cubic,0.048599958419799805,0.022000212222337723,0.04200000688433647,0.009372659958899021,0.07758601009845734,low_confidence
2159,Mesh.2158,joints_clamps_structural_connectors,0.18566763401031494,plates_discs_shapes,0.18243247270584106,flat_plate,0.0022499561309814453,0.021600011736154556,0.04200000315904617,0.0019106282852590084,0.003235161304473877,low_confidence
2161,Mesh.2160,joints_clamps_structural_connectors,0.2146461308002472,plates_discs_shapes,0.17986975610256195,irregular,0.0076999664306640625,0.021750006824731827,0.04199999198317528,0.002987719140946865,0.03477637469768524,low_confidence
2172,Mesh.2171,plates_discs_shapes,0.34047257900238037,bearings_bushings_guides,0.18367117643356323,flat_plate,0.2220001220703125,0.015000001527369022,0.18200000375509262,0.07778533548116684,0.15680140256881714,low_confidence
2173,Mesh.2172,joints_clamps_structural_connectors,0.3429916203022003,bearings_bushings_guides,0.26712214946746826,irregular,0.0755000114440918,0.019999999552965164,0.04000000283122063,0.009948422200977802,0.07586947083473206,low_confidence
2181,Mesh.2180,wheels_castors,0.26644062995910645,washers_rings_spacers,0.25127744674682617,irregular,0.037537574768066406,0.00700000487267971,0.037537561263889074,0.0027550787199288607,0.015163183212280273,low_confidence
2183,Mesh.2182,wheels_castors,0.19727803766727448,washers_rings_spacers,0.16775502264499664,irregular,0.04400002956390381,0.007000016048550606,0.03537876205518842,0.002755078487098217,0.029523015022277832,low_confidence
2184,Mesh.2183,wheels_castors,0.24395281076431274,washers_rings_spacers,0.15781569480895996,irregular,0.04400002956390381,0.0070000141859054565,0.03537876205518842,0.002755078487098217,0.08613711595535278,low_confidence
2189,Mesh.2188,pipe_fittings_valves_nozzles,0.33133795857429504,motors_gearmotors,0.2646821141242981,irregular,0.059999942779541016,0.10850001126527786,0.060000013560056686,0.02335338294506073,0.06665584444999695,low_confidence
2190,Mesh.2189,pins_rivets_keys,0.25261765718460083,bearings_bushings_guides,0.14916031062602997,irregular,0.004999995231628418,0.008349999785423279,0.004982925020158291,0.00013632906484417617,0.10345734655857086,low_confidence
2193,Mesh.2192,handles_controls,0.25866445899009705,plates_discs_shapes,0.16578762233257294,irregular,0.03550000116229057,0.009999990463256836,0.0357000008225441,0.004624390974640846,0.09287683665752411,low_confidence
2195,Mesh.2194,plates_discs_shapes,0.22932633757591248,bearings_bushings_guides,0.17285120487213135,flat_plate,0.03450000286102295,0.0020000040531158447,0.02160000056028366,0.0011878819204866886,0.05647513270378113,low_confidence
2196,Mesh.2195,washers_rings_spacers,0.30062755942344666,pipe_fittings_valves_nozzles,0.11228147149085999,flat_plate,0.030000008642673492,0.0020000040531158447,0.0315789058804512,0.0010945508256554604,0.18834608793258667,low_confidence
2199,Mesh.2198,plates_discs_shapes,0.3528355658054352,pins_rivets_keys,0.16937504708766937,irregular,0.02195000648498535,0.008000001311302185,0.003380000591278076,0.0005042213597334921,0.1834605187177658,low_confidence
2200,Mesh.2199,handles_controls,0.36869367957115173,washers_rings_spacers,0.1022326722741127,flat_plate,0.07899999991059303,0.007200002670288086,0.017400003969669342,0.004597417078912258,0.26646100729703903,low_confidence
2204,Mesh.2203,joints_clamps_structural_connectors,0.3613567650318146,handles_controls,0.14415951073169708,irregular,0.026000000536441803,0.007500007748603821,0.02239999920129776,0.0020424574613571167,0.2171972543001175,low_confidence
2210,Mesh.2209,pins_rivets_keys,0.3968808948993683,screws_bolts_studs,0.25027909874916077,irregular,0.003000020980834961,0.007499992847442627,0.00299999862909317,8.027008880162612e-05,0.14660179615020752,low_confidence
2212,Mesh.2211,handles_controls,0.2462032288312912,pins_rivets_keys,0.14615577459335327,flat_plate,0.0794999897480011,0.007200002670288086,0.017399996519088745,0.004625558853149414,0.10004745423793793,low_confidence
2214,Mesh.2213,plates_discs_shapes,0.3124522864818573,joints_clamps_structural_connectors,0.16971154510974884,irregular,0.025999993085861206,0.007500007748603821,0.02239999920129776,0.0020482814870774746,0.14274074137210846,low_confidence
2221,Mesh.2220,handles_controls,0.2509196400642395,pins_rivets_keys,0.12193072587251663,flat_plate,0.07950000464916229,0.007200002670288086,0.017399996519088745,0.004625559784471989,0.12898891419172287,low_confidence
2223,Mesh.2222,plates_discs_shapes,0.3294185996055603,handles_controls,0.1540941447019577,irregular,0.0260000079870224,0.007500007748603821,0.02239999920129776,0.0020482814870774746,0.1753244549036026,low_confidence
2231,Mesh.2230,plates_discs_shapes,0.20311883091926575,pins_rivets_keys,0.15543273091316223,flat_plate,0.07950007915496826,0.007200002670288086,0.017399996519088745,0.004625561647117138,0.047686100006103516,low_confidence
2232,Mesh.2231,pins_rivets_keys,0.37767601013183594,plates_discs_shapes,0.14927855134010315,irregular,0.02200007438659668,0.008000001311302185,0.0033999979496002197,0.0005314934533089399,0.2283974587917328,low_confidence
2233,Mesh.2232,joints_clamps_structural_connectors,0.2124481350183487,plates_discs_shapes,0.2079324871301651,irregular,0.026000022888183594,0.007500007748603821,0.02239999920129776,0.0020482828840613365,0.004515647888183594,low_confidence
2238,Mesh.2237,pins_rivets_keys,0.3376936912536621,screws_bolts_studs,0.20184314250946045,irregular,0.003000020980834961,0.007499992847442627,0.00299999862909317,8.027031435631216e-05,0.13585054874420166,low_confidence
2240,Mesh.2239,joints_clamps_structural_connectors,0.1983288675546646,handles_controls,0.18486282229423523,flat_plate,0.07950007915496826,0.007200002670288086,0.017399996519088745,0.004625561647117138,0.013466045260429382,low_confidence
2243,Mesh.2242,pins_rivets_keys,0.18246258795261383,motors_gearmotors,0.1486310511827469,flat_plate,0.15974998474121094,0.021499991416931152,0.01600000262260437,0.013313991017639637,0.03383153676986694,low_confidence
2248,Mesh.2247,pins_rivets_keys,0.28082796931266785,screws_bolts_studs,0.16900525987148285,irregular,0.003000020980834961,0.007499992847442627,0.00299999862909317,8.027031435631216e-05,0.111822709441185,low_confidence
2250,Mesh.2249,pins_rivets_keys,0.2607695758342743,plates_discs_shapes,0.12548570334911346,flat_plate,0.07950007915496826,0.007200002670288086,0.017399996519088745,0.004625561647117138,0.13528387248516083,low_confidence
2251,Mesh.2250,pins_rivets_keys,0.2600497603416443,plates_discs_shapes,0.22859840095043182,irregular,0.02200007438659668,0.008000001311302185,0.0033999979496002197,0.0005314934533089399,0.03145135939121246,low_confidence
2252,Mesh.2251,joints_clamps_structural_connectors,0.2866900563240051,plates_discs_shapes,0.1794060468673706,irregular,0.026000022888183594,0.007500007748603821,0.02239999920129776,0.0020482828840613365,0.10728400945663452,low_confidence
2259,Mesh.2258,handles_controls,0.1875021904706955,plates_discs_shapes,0.1605358123779297,flat_plate,0.07950007915496826,0.007200002670288086,0.017399996519088745,0.004625561647117138,0.026966378092765808,low_confidence
2260,Mesh.2259,pins_rivets_keys,0.31864094734191895,plates_discs_shapes,0.1864069253206253,irregular,0.02200007438659668,0.008000001311302185,0.0033999979496002197,0.0005314934533089399,0.13223402202129364,low_confidence
2261,Mesh.2260,plates_discs_shapes,0.39051735401153564,handles_controls,0.1343018114566803,irregular,0.026000022888183594,0.007500007748603821,0.02239999920129776,0.0020482828840613365,0.25621554255485535,low_confidence
2268,Mesh.2267,screws_bolts_studs,0.35702651739120483,pins_rivets_keys,0.25646689534187317,irregular,0.003000020980834961,0.007499992847442627,0.00299999862909317,8.027030708035454e-05,0.10055962204933167,low_confidence
2269,Mesh.2268,handles_controls,0.29949718713760376,joints_clamps_structural_connectors,0.11971487104892731,flat_plate,0.07950001955032349,0.007200002670288086,0.017399996519088745,0.004625560715794563,0.17978231608867645,low_confidence
2270,Mesh.2269,pins_rivets_keys,0.34805792570114136,plates_discs_shapes,0.16651147603988647,irregular,0.022000014781951904,0.008000001311302185,0.0033999979496002197,0.0005314921145327389,0.18154644966125488,low_confidence
2271,Mesh.2270,plates_discs_shapes,0.2922634184360504,joints_clamps_structural_connectors,0.28507524728775024,irregular,0.026000022888183594,0.007500007748603821,0.02239999920129776,0.0020482828840613365,0.007188171148300171,low_confidence
2278,Mesh.2277,handles_controls,0.16712935268878937,plates_discs_shapes,0.1466294527053833,flat_plate,0.07950001955032349,0.007200002670288086,0.017399996519088745,0.004625560715794563,0.020499899983406067,low_confidence
2281,Mesh.2280,pins_rivets_keys,0.29520753026008606,motors_gearmotors,0.16462896764278412,flat_plate,0.1597500443458557,0.021499991416931152,0.01600000262260437,0.013313994742929935,0.13057856261730194,low_confidence
2287,Mesh.2286,pins_rivets_keys,0.30860549211502075,screws_bolts_studs,0.28849589824676514,irregular,0.003000020980834961,0.007499992847442627,0.00299999862909317,8.027030708035454e-05,0.020109593868255615,low_confidence
2288,Mesh.2287,handles_controls,0.2720217704772949,plates_discs_shapes,0.11918618530035019,flat_plate,0.07950001955032349,0.007200002670288086,0.017399996519088745,0.004625560715794563,0.15283558517694473,low_confidence
2295,Mesh.2294,pins_rivets_keys,0.3810928761959076,screws_bolts_studs,0.22425183653831482,irregular,0.003000020980834961,0.007499992847442627,0.00299999862909317,8.027030708035454e-05,0.15684103965759277,low_confidence
2296,Mesh.2295,pins_rivets_keys,0.38184329867362976,screws_bolts_studs,0.18437708914279938,irregular,0.003000020980834961,0.007499992847442627,0.00299999862909317,8.027030708035454e-05,0.19746620953083038,low_confidence
2298,Mesh.2297,pins_rivets_keys,0.31835460662841797,plates_discs_shapes,0.18542277812957764,irregular,0.022000014781951904,0.008000001311302185,0.0033999979496002197,0.0005314921145327389,0.13293182849884033,low_confidence
2305,Mesh.2304,screws_bolts_studs,0.3149704039096832,pins_rivets_keys,0.30290406942367554,irregular,0.003000020980834961,0.007499992847442627,0.00299999862909317,8.027030708035454e-05,0.01206633448600769,low_confidence
2307,Mesh.2306,handles_controls,0.25167766213417053,pins_rivets_keys,0.12630456686019897,flat_plate,0.07950001955032349,0.007200002670288086,0.017399996519088745,0.004625560715794563,0.12537309527397156,low_confidence
2309,Mesh.2308,plates_discs_shapes,0.3054963946342468,handles_controls,0.18100062012672424,irregular,0.026000022888183594,0.007500007748603821,0.02239999920129776,0.0020482828840613365,0.12449577450752258,low_confidence
2314,Mesh.2313,screws_bolts_studs,0.331697940826416,pins_rivets_keys,0.19942449033260345,irregular,0.003000020980834961,0.007499992847442627,0.00299999862909317,8.027030708035454e-05,0.13227345049381256,low_confidence
2316,Mesh.2315,handles_controls,0.18952295184135437,pins_rivets_keys,0.17926158010959625,flat_plate,0.07950001955032349,0.007200002670288086,0.017399996519088745,0.004625560715794563,0.010261371731758118,low_confidence
2318,Mesh.2317,plates_discs_shapes,0.31891384720802307,joints_clamps_structural_connectors,0.23838940262794495,irregular,0.026000022888183594,0.007500007748603821,0.02239999920129776,0.0020482828840613365,0.08052444458007812,low_confidence
2319,Mesh.2318,pins_rivets_keys,0.23378096520900726,bearings_bushings_guides,0.12772664427757263,flat_plate,0.1597500443458557,0.021499991416931152,0.01600000262260437,0.013313994742929935,0.10605432093143463,low_confidence
2324,Mesh.2323,pins_rivets_keys,0.3715631663799286,screws_bolts_studs,0.20142441987991333,irregular,0.003000020980834961,0.007499992847442627,0.00299999862909317,8.027030708035454e-05,0.17013874650001526,low_confidence
2326,Mesh.2325,handles_controls,0.18766824901103973,pins_rivets_keys,0.1493302285671234,flat_plate,0.07950001955032349,0.007200002670288086,0.017399996519088745,0.004625560250133276,0.03833802044391632,low_confidence
2328,Mesh.2327,plates_discs_shapes,0.23874379694461823,handles_controls,0.15467235445976257,irregular,0.025999993085861206,0.007500007748603821,0.02239999920129776,0.0020482814870774746,0.08407144248485565,low_confidence
2333,Mesh.2332,pins_rivets_keys,0.377700537443161,screws_bolts_studs,0.19017493724822998,irregular,0.003000020980834961,0.007499992847442627,0.00299999862909317,8.027008880162612e-05,0.18752560019493103,low_confidence
2334,Mesh.2333,screws_bolts_studs,0.30363932251930237,pins_rivets_keys,0.29329314827919006,irregular,0.003000020980834961,0.007499992847442627,0.00299999862909317,8.027008880162612e-05,0.010346174240112305,low_confidence
2335,Mesh.2334,handles_controls,0.36964499950408936,pins_rivets_keys,0.1432783454656601,flat_plate,0.0794999897480011,0.007200002670288086,0.017399996519088745,0.004625558853149414,0.22636665403842926,low_confidence
2336,Mesh.2335,pins_rivets_keys,0.33291128277778625,plates_discs_shapes,0.18922460079193115,irregular,0.021999984979629517,0.008000001311302185,0.0033999979496002197,0.0005314914742484689,0.1436866819858551,low_confidence
2337,Mesh.2336,joints_clamps_structural_connectors,0.3835505247116089,plates_discs_shapes,0.13870945572853088,irregular,0.025999993085861206,0.007500007748603821,0.02239999920129776,0.0020482814870774746,0.244841068983078,low_confidence
2343,Mesh.2342,pins_rivets_keys,0.26813244819641113,screws_bolts_studs,0.26604580879211426,irregular,0.0029999911785125732,0.007499992847442627,0.00299999862909317,8.027008880162612e-05,0.002086639404296875,low_confidence
2345,Mesh.2344,handles_controls,0.26951926946640015,plates_discs_shapes,0.11959844827651978,flat_plate,0.07950000464916229,0.007200002670288086,0.017399996519088745,0.004625559318810701,0.14992082118988037,low_confidence
2346,Mesh.2345,pins_rivets_keys,0.357970267534256,handles_controls,0.16663429141044617,irregular,0.02199999988079071,0.008000001311302185,0.0033999979496002197,0.0005314917652867734,0.19133597612380981,low_confidence
2347,Mesh.2346,handles_controls,0.2551373541355133,plates_discs_shapes,0.18162758648395538,irregular,0.0260000079870224,0.007500007748603821,0.02239999920129776,0.0020482817199081182,0.07350976765155792,low_confidence
2352,Mesh.2351,screws_bolts_studs,0.32402849197387695,pins_rivets_keys,0.25733089447021484,irregular,0.003000006079673767,0.007499992847442627,0.00299999862909317,8.027009607758373e-05,0.06669759750366211,low_confidence
2354,Mesh.2353,handles_controls,0.3652835786342621,pins_rivets_keys,0.09376678615808487,flat_plate,0.07950000464916229,0.007200002670288086,0.017399996519088745,0.004625559784471989,0.2715167924761772,low_confidence
2356,Mesh.2355,joints_clamps_structural_connectors,0.35851234197616577,plates_discs_shapes,0.29620301723480225,irregular,0.026000000536441803,0.007500007748603821,0.02239999920129776,0.0020482817199081182,0.062309324741363525,low_confidence
2364,Mesh.2363,handles_controls,0.18824373185634613,plates_discs_shapes,0.1856876015663147,flat_plate,0.07949995994567871,0.007200002670288086,0.017399996519088745,0.004625558853149414,0.002556130290031433,low_confidence
2365,Mesh.2364,pins_rivets_keys,0.27038371562957764,handles_controls,0.14686158299446106,irregular,0.021999835968017578,0.008000001311302185,0.0033999979496002197,0.0005314879817888141,0.12352213263511658,low_confidence
2366,Mesh.2365,plates_discs_shapes,0.2143101841211319,joints_clamps_structural_connectors,0.18583260476589203,irregular,0.026000022888183594,0.007500007748603821,0.02239999920129776,0.0020482810214161873,0.028477579355239868,low_confidence
2372,Mesh.2371,pins_rivets_keys,0.36733514070510864,screws_bolts_studs,0.2158924639225006,irregular,0.0029997825622558594,0.007499992847442627,0.00299999862909317,8.026995055843145e-05,0.15144267678260803,low_confidence
2373,Mesh.2372,handles_controls,0.27674537897109985,bearings_bushings_guides,0.12066520750522614,flat_plate,0.07949995994567871,0.007200002670288086,0.017399996519088745,0.004625558853149414,0.15608017146587372,low_confidence
2374,Mesh.2373,plates_discs_shapes,0.2835371494293213,pins_rivets_keys,0.24610091745853424,irregular,0.021999835968017578,0.008000001311302185,0.0033999979496002197,0.0005314879817888141,0.03743623197078705,low_confidence
2375,Mesh.2374,handles_controls,0.19799616932868958,pipe_fittings_valves_nozzles,0.13971643149852753,irregular,0.026000022888183594,0.007500007748603821,0.02239999920129776,0.0020482810214161873,0.05827973783016205,low_confidence
2376,Mesh.2375,handles_controls,0.19608791172504425,pins_rivets_keys,0.15108172595500946,flat_plate,0.15974998474121094,0.021499991416931152,0.01600000262260437,0.013313987292349339,0.04500618577003479,low_confidence
2383,Mesh.2382,handles_controls,0.24240198731422424,pins_rivets_keys,0.13000209629535675,flat_plate,0.07949995994567871,0.007200002670288086,0.017399996519088745,0.004625558853149414,0.11239989101886749,low_confidence
2384,Mesh.2383,pins_rivets_keys,0.3622533082962036,handles_controls,0.16488270461559296,irregular,0.021999835968017578,0.008000001311302185,0.0033999979496002197,0.0005314879817888141,0.19737060368061066,low_confidence
2385,Mesh.2384,plates_discs_shapes,0.38659054040908813,joints_clamps_structural_connectors,0.12022887915372849,irregular,0.026000022888183594,0.007500007748603821,0.02239999920129776,0.0020482810214161873,0.26636166125535965,low_confidence
2390,Mesh.2389,screws_bolts_studs,0.30869466066360474,pins_rivets_keys,0.2824454605579376,irregular,0.0029997825622558594,0.007499992847442627,0.00299999862909317,8.026995055843145e-05,0.026249200105667114,low_confidence
2391,Mesh.2390,screws_bolts_studs,0.36509913206100464,pins_rivets_keys,0.19371344149112701,irregular,0.003000020980834961,0.007499992847442627,0.00299999862909317,8.027031435631216e-05,0.17138569056987762,low_confidence
2392,Mesh.2391,handles_controls,0.2993614673614502,pins_rivets_keys,0.14307521283626556,flat_plate,0.07949995994567871,0.007200002670288086,0.017399996519088745,0.004625558387488127,0.15628625452518463,low_confidence
2393,Mesh.2392,pins_rivets_keys,0.37045806646347046,plates_discs_shapes,0.13010652363300323,irregular,0.02200007438659668,0.008000001311302185,0.0033999979496002197,0.0005314934533089399,0.24035154283046722,low_confidence
2394,Mesh.2393,plates_discs_shapes,0.19118185341358185,handles_controls,0.18224893510341644,irregular,0.026000022888183594,0.007500007748603821,0.02239999920129776,0.002048281254246831,0.008932918310165405,low_confidence
2395,Mesh.2394,pins_rivets_keys,0.16907444596290588,handles_controls,0.14732541143894196,flat_plate,0.1597501039505005,0.021499991416931152,0.01600000262260437,0.013313994742929935,0.021749034523963928,low_confidence
2400,Mesh.2399,screws_bolts_studs,0.3851442337036133,pins_rivets_keys,0.2506946325302124,irregular,0.003000020980834961,0.007499992847442627,0.00299999862909317,8.027031435631216e-05,0.13444960117340088,low_confidence
2401,Mesh.2400,pins_rivets_keys,0.33650872111320496,screws_bolts_studs,0.29874953627586365,irregular,0.003000020980834961,0.007499992847442627,0.00299999862909317,8.027031435631216e-05,0.03775918483734131,low_confidence
2402,Mesh.2401,plates_discs_shapes,0.21207791566848755,handles_controls,0.20295991003513336,flat_plate,0.07950007915496826,0.007200002670288086,0.017399996519088745,0.004625561647117138,0.009118005633354187,low_confidence
2403,Mesh.2402,pins_rivets_keys,0.2597457468509674,plates_discs_shapes,0.15831491351127625,irregular,0.02200007438659668,0.008000001311302185,0.0033999979496002197,0.0005314934533089399,0.10143083333969116,low_confidence
2404,Mesh.2403,handles_controls,0.25582629442214966,plates_discs_shapes,0.23168475925922394,irregular,0.026000022888183594,0.007500007748603821,0.02239999920129776,0.0020482828840613365,0.02414153516292572,low_confidence
2411,Mesh.2410,handles_controls,0.31826353073120117,pins_rivets_keys,0.12554998695850372,flat_plate,0.07950007915496826,0.007200002670288086,0.017399996519088745,0.004625561647117138,0.19271354377269745,low_confidence
2412,Mesh.2411,pins_rivets_keys,0.3915559649467468,plates_discs_shapes,0.17468766868114471,irregular,0.02200007438659668,0.008000001311302185,0.0033999979496002197,0.0005314934533089399,0.2168682962656021,low_confidence
2413,Mesh.2412,plates_discs_shapes,0.2517724335193634,handles_controls,0.15917904675006866,irregular,0.026000022888183594,0.007500007748603821,0.02239999920129776,0.0020482828840613365,0.09259338676929474,low_confidence
2414,Mesh.2413,pins_rivets_keys,0.2854245603084564,motors_gearmotors,0.13937677443027496,flat_plate,0.15974998474121094,0.021499991416931152,0.01600000262260437,0.013313991017639637,0.14604778587818146,low_confidence
2420,Mesh.2419,pins_rivets_keys,0.31964272260665894,screws_bolts_studs,0.2548414170742035,irregular,0.003000020980834961,0.007499992847442627,0.00299999862909317,8.027031435631216e-05,0.06480130553245544,low_confidence
2421,Mesh.2420,pins_rivets_keys,0.32371169328689575,handles_controls,0.12310731410980225,flat_plate,0.07950007915496826,0.007200002670288086,0.017399996519088745,0.004625561647117138,0.2006043791770935,low_confidence
2422,Mesh.2421,pins_rivets_keys,0.3896961212158203,handles_controls,0.14636729657649994,irregular,0.02200007438659668,0.008000001311302185,0.0033999979496002197,0.0005314934533089399,0.24332882463932037,low_confidence
2423,Mesh.2422,plates_discs_shapes,0.19710475206375122,handles_controls,0.1775483787059784,irregular,0.026000022888183594,0.007500007748603821,0.02239999920129776,0.0020482828840613365,0.019556373357772827,low_confidence
2430,Mesh.2429,handles_controls,0.22380951046943665,joints_clamps_structural_connectors,0.1243257001042366,flat_plate,0.07950007915496826,0.007200002670288086,0.017399996519088745,0.004625561647117138,0.09948381036520004,low_confidence
2432,Mesh.2431,handles_controls,0.3875974118709564,joints_clamps_structural_connectors,0.15171124041080475,irregular,0.026000022888183594,0.007500007748603821,0.02239999920129776,0.0020482828840613365,0.23588617146015167,low_confidence
2433,Mesh.2432,pins_rivets_keys,0.2740238904953003,bearings_bushings_guides,0.18014852702617645,flat_plate,0.15974998474121094,0.021499991416931152,0.01600000262260437,0.013313991017639637,0.09387536346912384,low_confidence
2440,Mesh.2439,pins_rivets_keys,0.21814268827438354,washers_rings_spacers,0.14208683371543884,flat_plate,0.07950007915496826,0.007200002670288086,0.017399996519088745,0.004625561647117138,0.0760558545589447,low_confidence
2441,Mesh.2440,pins_rivets_keys,0.34299230575561523,plates_discs_shapes,0.18969599902629852,irregular,0.02200007438659668,0.008000001311302185,0.0033999979496002197,0.0005314934533089399,0.1532963067293167,low_confidence
2442,Mesh.2441,joints_clamps_structural_connectors,0.2940067946910858,plates_discs_shapes,0.21052797138690948,irregular,0.026000022888183594,0.007500007748603821,0.02239999920129776,0.0020482828840613365,0.08347882330417633,low_confidence
2448,Mesh.2447,screws_bolts_studs,0.2893190383911133,pins_rivets_keys,0.2711273729801178,irregular,0.003000020980834961,0.007499992847442627,0.00299999862909317,8.027031435631216e-05,0.018191665410995483,low_confidence
2449,Mesh.2448,handles_controls,0.17120873928070068,pins_rivets_keys,0.1528722047805786,flat_plate,0.07950007915496826,0.007200002670288086,0.017399996519088745,0.004625561647117138,0.01833653450012207,low_confidence
2450,Mesh.2449,pins_rivets_keys,0.37907102704048157,plates_discs_shapes,0.19723644852638245,irregular,0.02200007438659668,0.008000001311302185,0.0033999979496002197,0.0005314934533089399,0.18183457851409912,low_confidence
2451,Mesh.2450,handles_controls,0.3280888795852661,joints_clamps_structural_connectors,0.19118574261665344,irregular,0.026000022888183594,0.007500007748603821,0.02239999920129776,0.0020482828840613365,0.13690313696861267,low_confidence
2459,Mesh.2458,handles_controls,0.20087681710720062,pins_rivets_keys,0.16172461211681366,flat_plate,0.07950007915496826,0.007200002670288086,0.017399996519088745,0.004625561647117138,0.03915220499038696,low_confidence
2460,Mesh.2459,pins_rivets_keys,0.38252580165863037,plates_discs_shapes,0.14921525120735168,irregular,0.02200007438659668,0.008000001311302185,0.0033999979496002197,0.0005314934533089399,0.2333105504512787,low_confidence
2468,Mesh.2467,handles_controls,0.261363685131073,joints_clamps_structural_connectors,0.20695769786834717,flat_plate,0.07950007915496826,0.007200002670288086,0.017399996519088745,0.004625561647117138,0.05440598726272583,low_confidence
2470,Mesh.2469,plates_discs_shapes,0.33357101678848267,handles_controls,0.15444472432136536,irregular,0.026000022888183594,0.007500007748603821,0.02239999920129776,0.0020482828840613365,0.1791262924671173,low_confidence
2471,Mesh.2470,pins_rivets_keys,0.3102627694606781,bearings_bushings_guides,0.12609417736530304,flat_plate,0.15974998474121094,0.021499991416931152,0.01600000262260437,0.013313991017639637,0.18416859209537506,low_confidence
2480,Mesh.2479,screws_bolts_studs,0.33767279982566833,pins_rivets_keys,0.23264619708061218,irregular,0.0030000004917383194,0.007499992847442627,0.00299999862909317,8.027010335354134e-05,0.10502660274505615,low_confidence
2481,Mesh.2480,bearings_bushings_guides,0.17184506356716156,handles_controls,0.14570066332817078,flat_plate,0.07900000363588333,0.007200002670288086,0.017399996519088745,0.004598458297550678,0.026144400238990784,low_confidence
2482,Mesh.2481,plates_discs_shapes,0.23136059939861298,handles_controls,0.1754949688911438,irregular,0.022000000812113285,0.00849999487400055,0.0033999979496002197,0.0005317250033840537,0.05586563050746918,low_confidence
2492,Mesh.2491,handles_controls,0.3079003393650055,motors_gearmotors,0.16937580704689026,irregular,0.04500007629394531,0.016900017857551575,0.027000002562999725,0.007033269852399826,0.13852453231811523,low_confidence
2495,Mesh.2494,handles_controls,0.36728960275650024,motors_gearmotors,0.13644427061080933,irregular,0.04500007629394531,0.016900017857551575,0.027000002562999725,0.007033269852399826,0.23084533214569092,low_confidence
2496,Mesh.2495,motors_gearmotors,0.2698342502117157,handles_controls,0.24164177477359772,irregular,0.04500007629394531,0.016900017857551575,0.027000002562999725,0.007033269852399826,0.02819247543811798,low_confidence
2499,Mesh.2498,motors_gearmotors,0.2874663472175598,handles_controls,0.17884086072444916,irregular,0.04500007629394531,0.016900017857551575,0.027000002562999725,0.007033269852399826,0.10862548649311066,low_confidence
2501,Mesh.2500,handles_controls,0.2574179470539093,motors_gearmotors,0.18999353051185608,irregular,0.04500007629394531,0.016900017857551575,0.027000002562999725,0.007033276837319136,0.06742441654205322,low_confidence
2502,Mesh.2501,motors_gearmotors,0.2901885211467743,handles_controls,0.26577234268188477,irregular,0.04500001668930054,0.016900017857551575,0.027000002562999725,0.007033257745206356,0.024416178464889526,low_confidence
2504,Mesh.2503,handles_controls,0.22290655970573425,motors_gearmotors,0.20555177330970764,irregular,0.04500001668930054,0.016900017857551575,0.027000002562999725,0.007033257745206356,0.01735478639602661,low_confidence
2514,Mesh.2513,plates_discs_shapes,0.3410118520259857,washers_rings_spacers,0.13845565915107727,flat_plate,0.0382491797208786,0.0020000040531158447,0.024105921387672424,0.0010945505928248167,0.20255619287490845,low_confidence
2518,Mesh.2517,washers_rings_spacers,0.2678733468055725,bearings_bushings_guides,0.1800173968076706,flat_plate,0.03922003507614136,0.0020000040531158447,0.0193818137049675,0.0012254387838765979,0.08785594999790192,low_confidence
2523,Mesh.2522,joints_clamps_structural_connectors,0.2325945943593979,handles_controls,0.15291212499141693,irregular,0.03550004959106445,0.01000000536441803,0.0357000008225441,0.004624123685061932,0.07968246936798096,low_confidence
2533,Mesh.2532,handles_controls,0.27334633469581604,plates_discs_shapes,0.1722290962934494,irregular,0.03550004959106445,0.01000000536441803,0.0357000008225441,0.004624123685061932,0.10111723840236664,low_confidence
2538,Mesh.2537,washers_rings_spacers,0.2837894856929779,plates_discs_shapes,0.20390747487545013,flat_plate,0.03922003507614136,0.0020000040531158447,0.0193818137049675,0.0012254387838765979,0.07988201081752777,low_confidence
2553,Mesh.2552,handles_controls,0.26026931405067444,plates_discs_shapes,0.23559342324733734,irregular,0.03549998998641968,0.01000000536441803,0.0357000008225441,0.004624123685061932,0.024675890803337097,low_confidence
2563,Mesh.2562,handles_controls,0.21310824155807495,joints_clamps_structural_connectors,0.2027544230222702,irregular,0.03549998998641968,0.01000000536441803,0.0357000008225441,0.004624123685061932,0.010353818535804749,low_confidence
2564,Mesh.2563,washers_rings_spacers,0.25575947761535645,plates_discs_shapes,0.15168051421642303,flat_plate,0.03450000286102295,0.0020000040531158447,0.02160000056028366,0.0012254404136911035,0.10407896339893341,low_confidence
2568,Mesh.2567,washers_rings_spacers,0.28377947211265564,bearings_bushings_guides,0.1588752567768097,flat_plate,0.03922000527381897,0.0020000040531158447,0.0193818137049675,0.0012254392495378852,0.12490421533584595,low_confidence
2573,Mesh.2572,plates_discs_shapes,0.36786359548568726,handles_controls,0.12467134743928909,irregular,0.03549998998641968,0.01000000536441803,0.0357000008225441,0.004624123685061932,0.24319224804639816,low_confidence
2574,Mesh.2573,washers_rings_spacers,0.35643330216407776,bearings_bushings_guides,0.11876516044139862,flat_plate,0.03450000286102295,0.0020000040531158447,0.02160000056028366,0.0012254404136911035,0.23766814172267914,low_confidence
2578,Mesh.2577,washers_rings_spacers,0.38202354311943054,bearings_bushings_guides,0.10226946324110031,flat_plate,0.03922003507614136,0.0020000040531158447,0.0193818137049675,0.001225440064445138,0.27975407987833023,low_confidence
2584,Mesh.2583,plates_discs_shapes,0.25272294878959656,washers_rings_spacers,0.2492912858724594,flat_plate,0.03450000286102295,0.0020000040531158447,0.02160000056028366,0.001225440064445138,0.003431662917137146,low_confidence
2593,Mesh.2592,plates_discs_shapes,0.26723265647888184,handles_controls,0.234225332736969,irregular,0.03550004959106445,0.01000000536441803,0.0357000008225441,0.004624123685061932,0.03300732374191284,low_confidence
2594,Mesh.2593,bearings_bushings_guides,0.2614040672779083,pipe_fittings_valves_nozzles,0.1923711895942688,flat_plate,0.0344998836517334,0.0020000040531158447,0.02160000056028366,0.0012254372704774141,0.06903287768363953,low_confidence
2603,Mesh.2602,plates_discs_shapes,0.22505412995815277,handles_controls,0.15634781122207642,irregular,0.03550004959106445,0.01000000536441803,0.0357000008225441,0.004624123685061932,0.06870631873607635,low_confidence
2604,Mesh.2603,plates_discs_shapes,0.2988816499710083,washers_rings_spacers,0.1525048017501831,flat_plate,0.0345001220703125,0.0020000040531158447,0.020033948123455048,0.001112219411879778,0.1463768482208252,low_confidence
2613,Mesh.2612,plates_discs_shapes,0.29811927676200867,bearings_bushings_guides,0.19878427684307098,irregular,0.0354999303817749,0.01000000536441803,0.0357000008225441,0.004624119959771633,0.09933499991893768,low_confidence
2618,Mesh.2617,washers_rings_spacers,0.26424354314804077,plates_discs_shapes,0.18820197880268097,flat_plate,0.03921997547149658,0.0020000040531158447,0.0193818137049675,0.0012254389002919197,0.0760415643453598,low_confidence
2623,Mesh.2622,handles_controls,0.3777124583721161,plates_discs_shapes,0.15737712383270264,irregular,0.0354999303817749,0.01000000536441803,0.0357000008225441,0.004624119959771633,0.22033533453941345,low_confidence
2632,Mesh.2631,pins_rivets_keys,0.3298931121826172,screws_bolts_studs,0.2354188859462738,long_slender,0.003999948501586914,0.013999998569488525,0.003986343741416931,0.00021824095165356994,0.09447422623634338,low_confidence
2633,Mesh.2632,handles_controls,0.2801220118999481,joints_clamps_structural_connectors,0.19130663573741913,irregular,0.0354999303817749,0.01000000536441803,0.0357000008225441,0.004624119959771633,0.08881537616252899,low_confidence
2634,Mesh.2633,plates_discs_shapes,0.2010549157857895,bearings_bushings_guides,0.20046675205230713,flat_plate,0.03450000286102295,0.0020000040531158447,0.02160000056028366,0.0012254384346306324,0.0005881637334823608,low_confidence
2643,Mesh.2642,plates_discs_shapes,0.2720072567462921,handles_controls,0.15528805553913116,irregular,0.0354999303817749,0.01000000536441803,0.0357000008225441,0.004624119959771633,0.11671920120716095,low_confidence
2644,Mesh.2643,washers_rings_spacers,0.2969745993614197,plates_discs_shapes,0.1735624074935913,flat_plate,0.03450000286102295,0.0020000040531158447,0.02160000056028366,0.0012254384346306324,0.12341219186782837,low_confidence
2653,Mesh.2652,plates_discs_shapes,0.2628353238105774,joints_clamps_structural_connectors,0.23377057909965515,irregular,0.0354999303817749,0.01000000536441803,0.0357000008225441,0.004624119959771633,0.02906474471092224,low_confidence
2658,Mesh.2657,washers_rings_spacers,0.37243399024009705,plates_discs_shapes,0.10960854589939117,flat_plate,0.03921997547149658,0.0020000040531158447,0.0193818137049675,0.0012254389002919197,0.26282544434070587,low_confidence
2663,Mesh.2662,plates_discs_shapes,0.29752829670906067,joints_clamps_structural_connectors,0.14109249413013458,irregular,0.0354999303817749,0.01000000536441803,0.0357000008225441,0.004624119959771633,0.1564358025789261,low_confidence
2664,Mesh.2663,washers_rings_spacers,0.3304629623889923,bearings_bushings_guides,0.15248361229896545,flat_plate,0.03450000286102295,0.0020000040531158447,0.02160000056028366,0.0012254384346306324,0.17797935009002686,low_confidence
2668,Mesh.2667,washers_rings_spacers,0.28346216678619385,bearings_bushings_guides,0.1914726197719574,flat_plate,0.039220020174980164,0.0020000040531158447,0.0193818137049675,0.0012254395987838507,0.09198954701423645,low_confidence
2673,Mesh.2672,bearings_bushings_guides,0.29359471797943115,joints_clamps_structural_connectors,0.13428626954555511,irregular,0.035499997437000275,0.01000000536441803,0.0357000008225441,0.004624122753739357,0.15930844843387604,low_confidence
2683,Mesh.2682,handles_controls,0.2278878390789032,plates_discs_shapes,0.20688724517822266,irregular,0.0354999303817749,0.01000000536441803,0.0357000008225441,0.004624119959771633,0.021000593900680542,low_confidence
2693,Mesh.2692,bearings_bushings_guides,0.2486543208360672,handles_controls,0.14195594191551208,irregular,0.0354999303817749,0.01000000536441803,0.0357000008225441,0.004624119959771633,0.10669837892055511,low_confidence
2698,Mesh.2697,washers_rings_spacers,0.243993878364563,bearings_bushings_guides,0.18571141362190247,flat_plate,0.03921997547149658,0.0020000040531158447,0.0193818137049675,0.0012254389002919197,0.05828246474266052,low_confidence
2703,Mesh.2702,handles_controls,0.3685781955718994,plates_discs_shapes,0.13129231333732605,irregular,0.0354999303817749,0.01000000536441803,0.0357000008225441,0.004624119959771633,0.23728588223457336,low_confidence
2704,Mesh.2703,washers_rings_spacers,0.2547648549079895,bearings_bushings_guides,0.21079538762569427,flat_plate,0.03450000286102295,0.0020000040531158447,0.02160000056028366,0.0012254384346306324,0.04396946728229523,low_confidence
2718,Mesh.2717,plates_discs_shapes,0.24874025583267212,washers_rings_spacers,0.16764990985393524,flat_plate,0.03921997547149658,0.0020000040531158447,0.0193818137049675,0.0012254389002919197,0.08109034597873688,low_confidence
2723,Mesh.2722,bearings_bushings_guides,0.20689313113689423,plates_discs_shapes,0.1834762543439865,irregular,0.0354999303817749,0.01000000536441803,0.0357000008225441,0.004624119959771633,0.023416876792907715,low_confidence
2724,Mesh.2723,washers_rings_spacers,0.20509161055088043,plates_discs_shapes,0.19646573066711426,flat_plate,0.03450000286102295,0.0020000040531158447,0.02160000056028366,0.0012254384346306324,0.008625879883766174,low_confidence
2738,Mesh.2737,washers_rings_spacers,0.33224648237228394,bearings_bushings_guides,0.16347312927246094,flat_plate,0.03922003507614136,0.0020000040531158447,0.0193818137049675,0.0012254395987838507,0.168773353099823,low_confidence
2753,Mesh.2752,bearings_bushings_guides,0.2546871602535248,plates_discs_shapes,0.17082197964191437,irregular,0.03550004959106445,0.01000000536441803,0.0357000008225441,0.004624123685061932,0.08386518061161041,low_confidence
2754,Mesh.2753,washers_rings_spacers,0.2552381455898285,bearings_bushings_guides,0.20220597088336945,flat_plate,0.03450000286102295,0.0020000040531158447,0.02160000056028366,0.001225440762937069,0.053032174706459045,low_confidence
2758,Mesh.2757,washers_rings_spacers,0.39052286744117737,plates_discs_shapes,0.11916092038154602,flat_plate,0.03922003507614136,0.0020000040531158447,0.0193818137049675,0.0012254387838765979,0.27136194705963135,low_confidence
2773,Mesh.2772,handles_controls,0.2482263296842575,plates_discs_shapes,0.2044847160577774,irregular,0.03550004959106445,0.01000000536441803,0.0357000008225441,0.004624123685061932,0.0437416136264801,low_confidence
2774,Mesh.2773,washers_rings_spacers,0.2421865016222,bearings_bushings_guides,0.15728625655174255,flat_plate,0.03450000286102295,0.0020000040531158447,0.02160000056028366,0.001225440762937069,0.08490024507045746,low_confidence
2792,Mesh.2791,motors_gearmotors,0.2824917435646057,handles_controls,0.11787513643503189,irregular,0.044999994337558746,0.016900017857551575,0.027000002562999725,0.007033251225948334,0.16461660712957382,low_confidence
2794,Mesh.2793,motors_gearmotors,0.3545757234096527,handles_controls,0.1819860190153122,irregular,0.04500000365078449,0.016900017857551575,0.027000002562999725,0.007033253088593483,0.17258970439434052,low_confidence
2795,Mesh.2794,screws_bolts_studs,0.3740757405757904,handles_controls,0.15127870440483093,flat_plate,0.032000064849853516,0.002989739179611206,0.0029999911785125732,0.00025883817579597235,0.22279703617095947,low_confidence
2796,Mesh.2795,plates_discs_shapes,0.31504911184310913,joints_clamps_structural_connectors,0.14048649370670319,irregular,0.03099989891052246,0.020999997854232788,0.011200003325939178,0.003100715344771743,0.17456261813640594,low_confidence
2797,Mesh.2796,joints_clamps_structural_connectors,0.39904096722602844,bearings_bushings_guides,0.13589948415756226,irregular,0.03099989891052246,0.020999997854232788,0.011199995875358582,0.0031344627495855093,0.2631414830684662,low_confidence
2798,Mesh.2797,pins_rivets_keys,0.3070519268512726,plates_discs_shapes,0.1457509994506836,flat_plate,0.03600001335144043,0.0040000081062316895,0.015400007367134094,0.001171944080851972,0.161300927400589,low_confidence
2800,Mesh.2799,screws_bolts_studs,0.24919934570789337,springs,0.13870032131671906,flat_plate,0.0014386177062988281,0.001438915729522705,0.024399995803833008,8.728775719646364e-05,0.11049902439117432,low_confidence
2802,Mesh.2801,screws_bolts_studs,0.22446170449256897,springs,0.13247068226337433,flat_plate,0.0014386177062988281,0.001438915729522705,0.024399995803833008,8.728775719646364e-05,0.09199102222919464,low_confidence
2804,Mesh.2803,screws_bolts_studs,0.38666418194770813,springs,0.08337736874818802,flat_plate,0.0014386177062988281,0.001438915729522705,0.024399995803833008,8.728775719646364e-05,0.3032868131995201,low_confidence
2806,Mesh.2805,screws_bolts_studs,0.18546481430530548,springs,0.147288978099823,flat_plate,0.0014386177062988281,0.001438915729522705,0.024399995803833008,8.728775719646364e-05,0.03817583620548248,low_confidence
2808,Mesh.2807,pins_rivets_keys,0.19737784564495087,handles_controls,0.14696551859378815,flat_plate,0.0014386177062988281,0.001438915729522705,0.024399995803833008,8.728775719646364e-05,0.05041232705116272,low_confidence
2810,Mesh.2809,screws_bolts_studs,0.21154126524925232,springs,0.10616208612918854,flat_plate,0.0014386177062988281,0.001438915729522705,0.024399995803833008,8.728775719646364e-05,0.10537917912006378,low_confidence
2812,Mesh.2811,springs,0.22851671278476715,screws_bolts_studs,0.12718869745731354,flat_plate,0.0014386177062988281,0.001438915729522705,0.024399995803833008,8.728776447242126e-05,0.10132801532745361,low_confidence
2814,Mesh.2813,pins_rivets_keys,0.27481257915496826,handles_controls,0.1786494255065918,flat_plate,0.0014386177062988281,0.001438915729522705,0.024399995803833008,8.728776447242126e-05,0.09616315364837646,low_confidence
2816,Mesh.2815,screws_bolts_studs,0.23311728239059448,springs,0.1317925602197647,flat_plate,0.0014386177062988281,0.001438915729522705,0.024399995803833008,8.728776447242126e-05,0.10132472217082977,low_confidence
2818,Mesh.2817,screws_bolts_studs,0.31738710403442383,handles_controls,0.12786084413528442,flat_plate,0.0014386177062988281,0.001438915729522705,0.024399995803833008,8.728776447242126e-05,0.1895262598991394,low_confidence
2820,Mesh.2819,handles_controls,0.1981501430273056,pins_rivets_keys,0.19393841922283173,flat_plate,0.0014386177062988281,0.001438915729522705,0.024399995803833008,8.728776447242126e-05,0.004211723804473877,low_confidence
2822,Mesh.2821,screws_bolts_studs,0.36838042736053467,springs,0.1150139793753624,flat_plate,0.0014386177062988281,0.001438915729522705,0.024399995803833008,8.728776447242126e-05,0.25336644798517227,low_confidence
2826,Mesh.2825,joints_clamps_structural_connectors,0.3102835714817047,handles_controls,0.0975397601723671,flat_plate,0.0045931339263916016,0.003999993205070496,0.03700000047683716,0.0004557681968435645,0.21274381130933762,low_confidence
2828,Mesh.2827,joints_clamps_structural_connectors,0.2619353234767914,handles_controls,0.14983037114143372,flat_plate,0.0045931339263916016,0.0040000081062316895,0.03700000047683716,0.00045576822594739497,0.11210495233535767,low_confidence
2832,Mesh.2831,plates_discs_shapes,0.3993130624294281,pins_rivets_keys,0.1596132218837738,flat_plate,0.03299999237060547,0.01000000536441803,0.10600000619888306,0.010708247311413288,0.2396998405456543,low_confidence
2835,Mesh.2834,pipe_fittings_valves_nozzles,0.28367501497268677,bearings_bushings_guides,0.21760739386081696,flat_plate,0.12893271446228027,0.0140000581741333,0.11078208684921265,0.02166616916656494,0.06606762111186981,low_confidence
2836,Mesh.2835,pipe_fittings_valves_nozzles,0.2487826645374298,bearings_bushings_guides,0.2095983326435089,irregular,0.10500001907348633,0.013999998569488525,0.07999998331069946,0.021666118875145912,0.0391843318939209,low_confidence
2840,Mesh.2839,bearings_bushings_guides,0.43057146668434143,pipe_fittings_valves_nozzles,0.37463533878326416,irregular,0.08000004291534424,0.0769999623298645,0.027000010013580322,0.024893322959542274,0.05593612790107727,low_margin
2844,Mesh.2843,screws_bolts_studs,0.23207132518291473,rotating_fluid_machinery,0.18629252910614014,irregular,0.08500003814697266,0.08500003814697266,0.17400004249066114,0.02782030962407589,0.0457787960767746,low_confidence
2846,Mesh.2845,bearings_bushings_guides,0.24491265416145325,pipe_fittings_valves_nozzles,0.21299169957637787,irregular,0.07964098453521729,0.018000006675720215,0.09794227033853531,0.013462338596582413,0.03192095458507538,low_confidence
2847,Mesh.2846,handles_controls,0.20270997285842896,bearings_bushings_guides,0.18793433904647827,round_or_cubic,0.06999993324279785,0.030000001192092896,0.07000000029802322,0.011370828375220299,0.014775633811950684,low_confidence
2849,Mesh.2848,handles_controls,0.2762277126312256,pipe_fittings_valves_nozzles,0.17834602296352386,long_slender,0.019999980926513672,0.019931793212890625,0.09700002521276474,0.006979881785809994,0.09788168966770172,low_confidence
2850,Mesh.2849,washers_rings_spacers,0.3132256269454956,bearings_bushings_guides,0.22135235369205475,irregular,0.0549999475479126,0.05490607023239136,0.009999997913837433,0.006171387154608965,0.09187327325344086,low_confidence
2855,Mesh.2854,bearings_bushings_guides,0.33028021454811096,screws_bolts_studs,0.22429867088794708,flat_plate,0.04778182506561279,1.06000005453825,0.04772752523422241,0.3019048571586609,0.10598154366016388,low_confidence
2856,Mesh.2855,bearings_bushings_guides,0.4344213604927063,pipe_fittings_valves_nozzles,0.43357375264167786,flat_plate,0.12000000476837158,0.012000001966953278,0.07500004768371582,0.02119842916727066,0.0008476078510284424,low_margin
2857,Mesh.2856,pins_rivets_keys,0.3337540626525879,plates_discs_shapes,0.1357075273990631,irregular,0.009000062942504883,0.07200002670288086,0.024999991059303284,0.005532752722501755,0.19804653525352478,low_confidence
2861,Mesh.2860,joints_clamps_structural_connectors,0.20213332772254944,gears_pulleys_chains,0.1947697550058365,compact_block,0.0359576940536499,0.04000002145767212,0.026227056980133057,0.004653628915548325,0.007363572716712952,low_confidence
2862,Mesh.2861,gears_pulleys_chains,0.22218520939350128,joints_clamps_structural_connectors,0.18636927008628845,irregular,0.040000081062316895,0.03999999165534973,0.009999990463256836,0.004653618671000004,0.03581593930721283,low_confidence
2873,Mesh.2872,joints_clamps_structural_connectors,0.2855997383594513,bearings_bushings_guides,0.1702897548675537,irregular,0.039999961853027344,0.017999976873397827,0.09000001847743988,0.013462319038808346,0.11530998349189758,low_confidence
2874,Mesh.2873,pipe_fittings_valves_nozzles,0.2359931766986847,washers_rings_spacers,0.18523316085338593,flat_plate,0.12893271446228027,0.0140000581741333,0.11078208684921265,0.02166616916656494,0.05076001584529877,low_confidence
2878,Mesh.2877,pipe_fittings_valves_nozzles,0.2560880184173584,bearings_bushings_guides,0.1651008427143097,flat_plate,0.12893271446228027,0.0140000581741333,0.11078208684921265,0.02166617289185524,0.0909871757030487,low_confidence
2879,Mesh.2878,pipe_fittings_valves_nozzles,0.3696857690811157,bearings_bushings_guides,0.21711494028568268,irregular,0.10500001907348633,0.013999998569488525,0.07999998331069946,0.021666117012500763,0.15257082879543304,low_confidence
2883,Mesh.2882,pipe_fittings_valves_nozzles,0.43750157952308655,bearings_bushings_guides,0.4127040505409241,irregular,0.08000004291534424,0.0769999623298645,0.027000010013580322,0.024893322959542274,0.024797528982162476,low_margin
2887,Mesh.2886,screws_bolts_studs,0.35836148262023926,rotating_fluid_machinery,0.14047348499298096,irregular,0.08500003814697266,0.08500003814697266,0.17400004249066114,0.02782030962407589,0.2178879976272583,low_confidence
2888,Mesh.2887,plates_discs_shapes,0.2644830048084259,bearings_bushings_guides,0.2350064516067505,round_or_cubic,0.08000004291534424,0.09700000286102295,0.03999999165534973,0.038022883236408234,0.029476553201675415,low_confidence
2890,Mesh.2889,screws_bolts_studs,0.27149084210395813,handles_controls,0.1636655181646347,round_or_cubic,0.06999999284744263,0.030000001192092896,0.07000000029802322,0.011370830237865448,0.10782532393932343,low_confidence
2892,Mesh.2891,handles_controls,0.2874869704246521,pipe_fittings_valves_nozzles,0.12583930790424347,long_slender,0.019999980926513672,0.019931793212890625,0.09700002521276474,0.006979878060519695,0.16164766252040863,low_confidence
2899,Mesh.2898,pipe_fittings_valves_nozzles,0.4320966303348541,bearings_bushings_guides,0.43167486786842346,flat_plate,0.12000000476837158,0.012000001966953278,0.07500004768371582,0.02119842730462551,0.00042176246643066406,low_margin
2900,Mesh.2899,pins_rivets_keys,0.27578821778297424,handles_controls,0.14161743223667145,irregular,0.009000062942504883,0.07200002670288086,0.024999991059303284,0.005532752722501755,0.1341707855463028,low_confidence
2907,Mesh.2906,pins_rivets_keys,0.20983107388019562,joints_clamps_structural_connectors,0.19750341773033142,flat_plate,0.040000081062316895,0.04000002145767212,0.6000000238418579,0.23975342512130737,0.012327656149864197,low_confidence
2916,Mesh.2915,bearings_bushings_guides,0.24271179735660553,pipe_fittings_valves_nozzles,0.21682308614253998,irregular,0.04000002145767212,0.017999976873397827,0.09000001847743988,0.013462336733937263,0.025888711214065552,low_confidence
2917,Mesh.2916,pipe_fittings_valves_nozzles,0.33322781324386597,bearings_bushings_guides,0.20883433520793915,flat_plate,0.12893271446228027,0.0140000581741333,0.11078208684921265,0.02166617289185524,0.12439347803592682,low_confidence
2921,Mesh.2920,joints_clamps_structural_connectors,0.2061099261045456,washers_rings_spacers,0.16822202503681183,flat_plate,0.12893271446228027,0.0140000581741333,0.11078208684921265,0.02166617289185524,0.037887901067733765,low_confidence
2922,Mesh.2921,pipe_fittings_valves_nozzles,0.2606435716152191,bearings_bushings_guides,0.15337416529655457,irregular,0.11660218238830566,0.013999998569488525,0.09319746494293213,0.021666130051016808,0.10726940631866455,low_confidence
2926,Mesh.2925,pipe_fittings_valves_nozzles,0.412522554397583,bearings_bushings_guides,0.39817455410957336,irregular,0.07999992370605469,0.0769999623298645,0.027000010013580322,0.024893298745155334,0.014348000288009644,low_margin
2929,Mesh.2928,washers_rings_spacers,0.38802117109298706,joints_clamps_structural_connectors,0.26811903715133667,round_or_cubic,0.059999942779541016,0.059894680976867676,0.03500000387430191,0.014145554974675179,0.11990213394165039,low_confidence
2930,Mesh.2929,rotating_fluid_machinery,0.2568434774875641,screws_bolts_studs,0.18535910546779633,irregular,0.08500003814697266,0.08500003814697266,0.17400004342198372,0.02782033011317253,0.07148437201976776,low_confidence
2931,Mesh.2930,bearings_bushings_guides,0.3888748288154602,pipe_fittings_valves_nozzles,0.1772591918706894,round_or_cubic,0.07999992370605469,0.09700000286102295,0.03999999165534973,0.03802284598350525,0.2116156369447708,low_confidence
2933,Mesh.2932,screws_bolts_studs,0.22403688728809357,handles_controls,0.18591457605361938,round_or_cubic,0.07000017166137695,0.030000001192092896,0.06999999284744263,0.011370827443897724,0.03812231123447418,low_confidence
2934,Mesh.2933,joints_clamps_structural_connectors,0.3482179641723633,rotating_fluid_machinery,0.09841141104698181,irregular,0.3724699020385742,0.1740054488182068,0.10000000149011612,0.18886563181877136,0.24980655312538147,low_confidence
2935,Mesh.2934,pins_rivets_keys,0.23779422044754028,handles_controls,0.18447233736515045,long_slender,0.019999980926513672,0.019931793212890625,0.09700002521276474,0.006979873403906822,0.05332188308238983,low_confidence
2942,Mesh.2941,pipe_fittings_valves_nozzles,0.42173823714256287,bearings_bushings_guides,0.41459202766418457,flat_plate,0.12000012397766113,0.012000001966953278,0.07500004768371582,0.021198436617851257,0.007146209478378296,low_margin
2943,Mesh.2942,pins_rivets_keys,0.26090148091316223,plates_discs_shapes,0.2339848130941391,irregular,0.008999824523925781,0.07200002670288086,0.024999991059303284,0.005532694049179554,0.026916667819023132,low_confidence
2959,Mesh.2958,bearings_bushings_guides,0.2928200960159302,pipe_fittings_valves_nozzles,0.1914743185043335,irregular,0.055020809173583984,0.017999976873397827,0.09557867050170898,0.013462348841130733,0.10134577751159668,low_confidence
2960,Mesh.2959,washers_rings_spacers,0.1803077906370163,plates_discs_shapes,0.1527266502380371,flat_plate,0.12893271446228027,0.0140000581741333,0.11078208684921265,0.02166617289185524,0.027581140398979187,low_confidence
2964,Mesh.2963,pipe_fittings_valves_nozzles,0.21116837859153748,joints_clamps_structural_connectors,0.17455260455608368,flat_plate,0.10758195072412491,0.01399993896484375,0.1272813081741333,0.021666090935468674,0.036615774035453796,low_confidence
2965,Mesh.2964,joints_clamps_structural_connectors,0.26548823714256287,pipe_fittings_valves_nozzles,0.1516404002904892,flat_plate,0.11771634966135025,0.013999998569488525,0.12620511651039124,0.02166612260043621,0.11384783685207367,low_confidence
2969,Mesh.2968,pipe_fittings_valves_nozzles,0.42459869384765625,bearings_bushings_guides,0.41506677865982056,irregular,0.07999998331069946,0.0769999623298645,0.027000010013580322,0.02489331364631653,0.009531915187835693,low_margin
2974,Mesh.2973,plates_discs_shapes,0.2471330463886261,bearings_bushings_guides,0.2254571169614792,round_or_cubic,0.07999998331069946,0.09700000286102295,0.03999999165534973,0.03802286833524704,0.02167592942714691,low_confidence
2976,Mesh.2975,bearings_bushings_guides,0.22498290240764618,screws_bolts_studs,0.17376844584941864,round_or_cubic,0.06999999284744263,0.030000001192092896,0.07000000029802322,0.011370831169188023,0.05121445655822754,low_confidence
2978,Mesh.2977,handles_controls,0.28904345631599426,pins_rivets_keys,0.18643832206726074,long_slender,0.019999995827674866,0.019931793212890625,0.09700001776218414,0.006979872472584248,0.10260513424873352,low_confidence
2980,Mesh.2979,bearings_bushings_guides,0.22429576516151428,washers_rings_spacers,0.2121516764163971,irregular,0.05500000715255737,0.05490607023239136,0.009999997913837433,0.006171385757625103,0.012144088745117188,low_confidence
2982,Mesh.2981,plates_discs_shapes,0.38128551840782166,pins_rivets_keys,0.3218594193458557,flat_plate,0.00599999725818634,0.15000000596046448,0.025000005960464478,0.009072619490325451,0.05942609906196594,low_confidence
2985,Mesh.2984,pipe_fittings_valves_nozzles,0.43088921904563904,bearings_bushings_guides,0.403993159532547,flat_plate,0.07499999552965164,0.012000001966953278,0.12000000476837158,0.021198425441980362,0.02689605951309204,low_margin
2986,Mesh.2985,handles_controls,0.29282861948013306,pins_rivets_keys,0.15719972550868988,irregular,0.009000003337860107,0.07200002670288086,0.02500002086162567,0.005532742012292147,0.13562889397144318,low_confidence
2990,Mesh.2989,plates_discs_shapes,0.23702390491962433,joints_clamps_structural_connectors,0.2313072681427002,round_or_cubic,0.023901522159576416,0.04000002145767212,0.037355661392211914,0.004653624724596739,0.005716636776924133,low_confidence
2991,Mesh.2990,joints_clamps_structural_connectors,0.2030569165945053,gears_pulleys_chains,0.16395945847034454,compact_block,0.03341787867248058,0.03999999165534973,0.030274808406829834,0.004653619602322578,0.03909745812416077,low_confidence
3002,Mesh.3001,pipe_fittings_valves_nozzles,0.30984970927238464,bearings_bushings_guides,0.2522137463092804,irregular,0.08849266171455383,0.017999976873397827,0.09465552866458893,0.01346233393996954,0.05763596296310425,low_confidence
3003,Mesh.3002,pipe_fittings_valves_nozzles,0.2812853157520294,joints_clamps_structural_connectors,0.1918199062347412,flat_plate,0.10758195072412491,0.01399993896484375,0.1272813081741333,0.021666090935468674,0.08946540951728821,low_confidence
3007,Mesh.3006,washers_rings_spacers,0.23393049836158752,pipe_fittings_valves_nozzles,0.20443670451641083,flat_plate,0.129286527633667,0.0140000581741333,0.1146349310874939,0.021666156128048897,0.029493793845176697,low_confidence
3008,Mesh.3007,pipe_fittings_valves_nozzles,0.2716422379016876,bearings_bushings_guides,0.17512868344783783,irregular,0.10500000417232513,0.013999998569488525,0.07999998331069946,0.021666113287210464,0.09651355445384979,low_confidence
3016,Mesh.3015,screws_bolts_studs,0.2740256190299988,pipe_fittings_valves_nozzles,0.1753760576248169,irregular,0.08499997854232788,0.08500003814697266,0.17400003969669342,0.027820315212011337,0.09864956140518188,low_confidence
3017,Mesh.3016,bearings_bushings_guides,0.29058557748794556,plates_discs_shapes,0.20981255173683167,round_or_cubic,0.07999998331069946,0.09700000286102295,0.03999999165534973,0.03802286833524704,0.08077302575111389,low_confidence
3018,Mesh.3017,joints_clamps_structural_connectors,0.23767656087875366,bearings_bushings_guides,0.18820133805274963,irregular,0.08466246724128723,0.018000006675720215,0.09144158661365509,0.0122305853292346,0.04947522282600403,low_confidence
3019,Mesh.3018,bearings_bushings_guides,0.2787948250770569,pipe_fittings_valves_nozzles,0.21150127053260803,round_or_cubic,0.06999999284744263,0.030000001192092896,0.07000000029802322,0.011370830237865448,0.06729355454444885,low_confidence
3021,Mesh.3020,handles_controls,0.20468905568122864,pins_rivets_keys,0.16903162002563477,long_slender,0.02000001072883606,0.019931793212890625,0.09700002521276474,0.006979878060519695,0.03565743565559387,low_confidence
3022,Mesh.3021,washers_rings_spacers,0.33023521304130554,bearings_bushings_guides,0.14834079146385193,irregular,0.05500000715255737,0.05490607023239136,0.009999997913837433,0.006171386688947678,0.1818944215774536,low_confidence
3023,Mesh.3022,washers_rings_spacers,0.3088926076889038,bearings_bushings_guides,0.23011060059070587,irregular,0.05500000715255737,0.05490607023239136,0.01000000536441803,0.006171386688947678,0.07878200709819794,low_confidence
3028,Mesh.3027,pipe_fittings_valves_nozzles,0.4284774363040924,bearings_bushings_guides,0.4208059012889862,flat_plate,0.12000003457069397,0.012000001966953278,0.07500004768371582,0.021198425441980362,0.007671535015106201,low_margin
3029,Mesh.3028,pins_rivets_keys,0.29037734866142273,handles_controls,0.22747506201267242,irregular,0.009000003337860107,0.07200002670288086,0.02500002086162567,0.005532742477953434,0.0629022866487503,low_confidence
3033,Mesh.3032,joints_clamps_structural_connectors,0.38709378242492676,gears_pulleys_chains,0.13849511742591858,compact_block,0.03341788053512573,0.04000002145767212,0.030274808406829834,0.004653623327612877,0.24859866499900818,low_confidence
3034,Mesh.3033,joints_clamps_structural_connectors,0.2898402214050293,gears_pulleys_chains,0.17511162161827087,irregular,0.040000006556510925,0.03999999165534973,0.009999990463256836,0.00465361587703228,0.11472859978675842,low_confidence
3046,Mesh.3045,pipe_fittings_valves_nozzles,0.28626060485839844,washers_rings_spacers,0.17887507379055023,flat_plate,0.129286527633667,0.0140000581741333,0.1146349310874939,0.021666156128048897,0.1073855310678482,low_confidence
