order,node_name,predicted_class,confidence,second_class,second_confidence,shape_hint,bbox_size_x,bbox_size_y,bbox_size_z,surface_area,margin,reason
10,Mesh.385,rotating_fluid_machinery,0.2012908160686493,gears_pulleys_chains,0.10774321854114532,long_slender,0.1980000138282776,0.04000002145767212,0.039999961853027344,0.08526013791561127,0.09354759752750397,low_confidence
13,Mesh.388,motors_gearmotors,0.20625212788581848,bearings_bushings_guides,0.11061463505029678,long_slender,0.04000000283122063,0.040000081062316895,0.3125,0.13368120789527893,0.0956374928355217,low_confidence
15,Mesh.390,rotating_fluid_machinery,0.1823362559080124,springs,0.10328510403633118,long_slender,0.039999961853027344,0.040000081062316895,0.23249998688697815,0.09984970092773438,0.07905115187168121,low_confidence
16,Mesh.391,rotating_fluid_machinery,0.16808046400547028,joints_clamps_structural_connectors,0.12249087542295456,long_slender,0.04000002145767212,0.040000081062316895,0.23249998688697815,0.09984978288412094,0.04558958858251572,low_confidence
17,Mesh.392,handles_controls,0.15221276879310608,joints_clamps_structural_connectors,0.13670940697193146,long_slender,0.04000002145767212,0.040000081062316895,0.2875000089406967,0.12310899049043655,0.015503361821174622,low_confidence
18,Mesh.393,pins_rivets_keys,0.3038801848888397,joints_clamps_structural_connectors,0.2406238615512848,flat_plate,0.039999961853027344,0.04000002145767212,0.6100000143051147,0.25949203968048096,0.06325632333755493,low_confidence
19,Mesh.394,joints_clamps_structural_connectors,0.3133341073989868,pins_rivets_keys,0.22067348659038544,flat_plate,0.039999961853027344,0.04000000283122063,0.6100000143051147,0.25949186086654663,0.09266062080860138,low_confidence
20,Mesh.395,pins_rivets_keys,0.32763075828552246,joints_clamps_structural_connectors,0.20856007933616638,flat_plate,0.03999999165534973,0.04000002145767212,0.6100000143051147,0.25949203968048096,0.11907067894935608,low_confidence
21,Mesh.396,joints_clamps_structural_connectors,0.30849143862724304,pins_rivets_keys,0.3003169894218445,flat_plate,0.039999961853027344,0.03999999165534973,0.6100000143051147,0.25949186086654663,0.00817444920539856,low_confidence
23,Mesh.398,joints_clamps_structural_connectors,0.2591018080711365,pins_rivets_keys,0.14378999173641205,flat_plate,0.04000002145767212,0.04000002145767212,0.4496222734451294,0.19166968762874603,0.11531181633472443,low_confidence
25,Mesh.400,joints_clamps_structural_connectors,0.26582369208335876,pins_rivets_keys,0.20885126292705536,flat_plate,0.04000000283122063,0.43999993801116943,0.04000002145767212,0.1876000016927719,0.056972429156303406,low_confidence
27,Mesh.402,pins_rivets_keys,0.2243194431066513,joints_clamps_structural_connectors,0.20970217883586884,flat_plate,0.039999961853027344,0.46000003814697266,0.04000002145767212,0.19605791568756104,0.01461726427078247,low_confidence
31,Mesh.406,motors_gearmotors,0.18201373517513275,springs,0.10554741322994232,long_slender,0.039999961853027344,0.302000030875206,0.039999961853027344,0.12924090027809143,0.07646632194519043,low_confidence
33,Mesh.408,rotating_fluid_machinery,0.18729427456855774,handles_controls,0.11249575018882751,long_slender,0.03999999165534973,0.2240000069141388,0.039999961853027344,0.09625503420829773,0.07479852437973022,low_confidence
35,Mesh.410,joints_clamps_structural_connectors,0.20249822735786438,pins_rivets_keys,0.1199762299656868,long_slender,0.03999999910593033,0.302000030875206,0.039999961853027344,0.12924093008041382,0.08252199739217758,low_confidence
37,Mesh.412,pins_rivets_keys,0.2866767942905426,joints_clamps_structural_connectors,0.22282849252223969,flat_plate,0.03999999910593033,0.03999999165534973,0.6100000143051147,0.259491890668869,0.06384830176830292,low_confidence
38,Mesh.413,joints_clamps_structural_connectors,0.2756352126598358,springs,0.10815132409334183,flat_plate,0.04000000283122063,0.03999999165534973,0.4496222734451294,0.19166921079158783,0.167483888566494,low_confidence
40,Mesh.415,pins_rivets_keys,0.32775062322616577,joints_clamps_structural_connectors,0.1836719810962677,flat_plate,0.03999999910593033,0.04000002145767212,0.6100000143051147,0.25949206948280334,0.14407864212989807,low_confidence
44,Mesh.419,springs,0.31177419424057007,pins_rivets_keys,0.18132425844669342,flat_plate,0.6100000143051147,0.03999999165534973,0.039999961853027344,0.2594919502735138,0.13044993579387665,low_confidence
45,Mesh.420,rotating_fluid_machinery,0.17624837160110474,joints_clamps_structural_connectors,0.1299574077129364,long_slender,0.17000001668930054,0.03999999165534973,0.039999961853027344,0.07341884821653366,0.046290963888168335,low_confidence
46,Mesh.421,joints_clamps_structural_connectors,0.25003987550735474,springs,0.17799878120422363,flat_plate,0.04000000283122063,0.040000081062316895,0.4496222734451294,0.19166933000087738,0.0720410943031311,low_confidence
48,Mesh.423,rotating_fluid_machinery,0.27728477120399475,plates_discs_shapes,0.09582705795764923,compact_block,0.06000000424683094,0.040000081062316895,0.040000081062316895,0.026900585740804672,0.18145771324634552,low_confidence
50,Mesh.425,rotating_fluid_machinery,0.3185386061668396,joints_clamps_structural_connectors,0.15970270335674286,irregular,0.04000000283122063,0.08000004291534424,0.1603776216506958,0.13100148737430573,0.15883590281009674,low_confidence
57,Mesh.432,joints_clamps_structural_connectors,0.3673020899295807,pins_rivets_keys,0.19450199604034424,flat_plate,0.04000000283122063,0.6540000140666962,0.07999992370605469,0.45681026577949524,0.17280009388923645,low_confidence
62,Mesh.437,rotating_fluid_machinery,0.18896611034870148,joints_clamps_structural_connectors,0.14460264146327972,long_slender,0.2200000286102295,0.03999999165534973,0.039999961853027344,0.09456352144479752,0.04436346888542175,low_confidence
63,Mesh.438,joints_clamps_structural_connectors,0.3619576692581177,pins_rivets_keys,0.20274263620376587,flat_plate,0.039999961853027344,0.03999999165534973,0.5700000524520874,0.24257616698741913,0.1592150330543518,low_confidence
64,Mesh.439,pins_rivets_keys,0.38467735052108765,joints_clamps_structural_connectors,0.16185197234153748,flat_plate,0.039999961853027344,0.7340000569820404,0.07999992370605469,0.5123727917671204,0.22282537817955017,low_confidence
69,Mesh.444,joints_clamps_structural_connectors,0.2156989425420761,bearings_bushings_guides,0.123382568359375,irregular,0.04000000283122063,0.03999999165534973,0.08037769794464111,0.03551815450191498,0.09231637418270111,low_confidence
71,Mesh.446,pins_rivets_keys,0.38287419080734253,joints_clamps_structural_connectors,0.14071406424045563,flat_plate,0.039999961853027344,0.03999999165534973,0.6000000238418579,0.25526297092437744,0.2421601265668869,low_confidence
72,Mesh.447,motors_gearmotors,0.36095020174980164,bearings_bushings_guides,0.07640174776315689,long_slender,0.039999961853027344,0.040000081062316895,0.2475000023841858,0.10619297623634338,0.28454845398664474,low_confidence
73,Mesh.448,bearings_bushings_guides,0.2514551281929016,pins_rivets_keys,0.22578845918178558,flat_plate,0.039999961853027344,0.040000081062316895,1.9000000953674316,0.8050240278244019,0.025666669011116028,low_confidence
77,Mesh.452,motors_gearmotors,0.2361278235912323,bearings_bushings_guides,0.09596492350101471,long_slender,0.04000000283122063,0.040000081062316895,0.2475000023841858,0.10619312524795532,0.1401629000902176,low_confidence
78,Mesh.453,joints_clamps_structural_connectors,0.24199408292770386,rotating_fluid_machinery,0.2037794589996338,compact_block,0.06000000424683094,0.03999999165534973,0.039999961853027344,0.02690057083964348,0.03821462392807007,low_confidence
79,Mesh.536,pins_rivets_keys,0.38708025217056274,screws_bolts_studs,0.10337048023939133,long_slender,0.04999999701976776,0.33500003814697266,0.05000007152557373,0.049397777765989304,0.2837097719311714,low_confidence
85,Mesh.312,bearings_bushings_guides,0.27838048338890076,joints_clamps_structural_connectors,0.13984186947345734,irregular,0.06000018119812012,0.09399998188018799,0.017000000923871994,0.015785658732056618,0.13853861391544342,low_confidence
93,Mesh.328,bearings_bushings_guides,0.3963112235069275,washers_rings_spacers,0.10951559990644455,irregular,0.059999942779541016,0.09399998188018799,0.017000000923871994,0.01578562706708908,0.28679562360048294,low_confidence
136,Mesh.703,pins_rivets_keys,0.2771243155002594,bearings_bushings_guides,0.2282904088497162,flat_plate,0.039999961853027344,0.040000081062316895,2.0000001192092896,0.8473134636878967,0.04883390665054321,low_confidence
138,Mesh.705,joints_clamps_structural_connectors,0.28432828187942505,pins_rivets_keys,0.11714480072259903,flat_plate,0.040000081062316895,0.04000002145767212,0.4500000476837158,0.1918293684720993,0.16718348115682602,low_confidence
145,Mesh.712,joints_clamps_structural_connectors,0.1751927137374878,pins_rivets_keys,0.13019217550754547,flat_plate,0.039999961853027344,0.39000003039836884,0.04000002145767212,0.1664557009935379,0.04500053822994232,low_confidence
147,Mesh.714,joints_clamps_structural_connectors,0.23875901103019714,pins_rivets_keys,0.20283013582229614,flat_plate,0.039999961853027344,0.41999995708465576,0.04000002145767212,0.1791425198316574,0.035928875207901,low_confidence
148,Mesh.715,joints_clamps_structural_connectors,0.18128947913646698,pins_rivets_keys,0.14008966088294983,flat_plate,0.039999961853027344,0.41999995708465576,0.04000002145767212,0.17914223670959473,0.04119981825351715,low_confidence
149,Mesh.716,pins_rivets_keys,0.3113805949687958,joints_clamps_structural_connectors,0.2045077234506607,flat_plate,0.040000200271606445,0.5499999821186066,0.039999961853027344,0.23411840200424194,0.10687287151813507,low_confidence
151,Mesh.718,pins_rivets_keys,0.22353488206863403,joints_clamps_structural_connectors,0.1494891345500946,flat_plate,0.039999961853027344,0.41999995708465576,0.04000002145767212,0.17914226651191711,0.07404574751853943,low_confidence
154,Mesh.721,joints_clamps_structural_connectors,0.19847306609153748,handles_controls,0.10833028703927994,flat_plate,0.040000081062316895,0.39000003039836884,0.04000002145767212,0.1664557009935379,0.09014277905225754,low_confidence
155,Mesh.722,pins_rivets_keys,0.3171443045139313,joints_clamps_structural_connectors,0.14719802141189575,flat_plate,0.040000200271606445,0.5499999821186066,0.04000002145767212,0.23411840200424194,0.16994628310203552,low_confidence
160,Mesh.727,pins_rivets_keys,0.31709063053131104,joints_clamps_structural_connectors,0.14574286341667175,flat_plate,0.039999961853027344,0.040000081062316895,0.6800000369548798,0.2890951931476593,0.17134776711463928,low_confidence
175,Mesh.676,motors_gearmotors,0.2425767332315445,handles_controls,0.18671797215938568,round_or_cubic,0.03444899618625641,0.014948770403862,0.03956961631774902,0.002248079050332308,0.055858761072158813,low_confidence
176,Mesh.674,bearings_bushings_guides,0.19154983758926392,rotating_fluid_machinery,0.11205784231424332,irregular,0.09000001847743988,0.01419999822974205,0.08999991416931152,0.018718451261520386,0.0794919952750206,low_confidence
178,Mesh.678,joints_clamps_structural_connectors,0.15125210583209991,nuts,0.14208820462226868,compact_block,0.07245434820652008,0.06729999929666519,0.06933832168579102,0.020807772874832153,0.009163901209831238,low_confidence
184,Mesh.646,joints_clamps_structural_connectors,0.2221650630235672,handles_controls,0.130349263548851,irregular,0.06000000238418579,0.09400001168251038,0.01699995994567871,0.01578560471534729,0.09181579947471619,low_confidence
194,Mesh.662,motors_gearmotors,0.3007345199584961,handles_controls,0.14945705235004425,round_or_cubic,0.034448981285095215,0.014948770403862,0.03956961631774902,0.002248078119009733,0.15127746760845184,low_confidence
195,Mesh.658,pipe_fittings_valves_nozzles,0.22896809875965118,bearings_bushings_guides,0.20009997487068176,irregular,0.09000003337860107,0.01419999822974205,0.08999991416931152,0.018718453124165535,0.02886812388896942,low_confidence
196,Mesh.663,plates_discs_shapes,0.3631439507007599,gears_pulleys_chains,0.13248886168003082,flat_plate,0.05844223499298096,0.0020000040531158447,0.05847740173339844,0.005720487795770168,0.23065508902072906,low_confidence
197,Mesh.659,joints_clamps_structural_connectors,0.22398413717746735,handles_controls,0.19843894243240356,compact_block,0.07245433330535889,0.06729999929666519,0.06933832168579102,0.020807776600122452,0.025545194745063782,low_confidence
203,Mesh.619,motors_gearmotors,0.31176096200942993,handles_controls,0.14973069727420807,round_or_cubic,0.034449100494384766,0.014948770403862,0.03956961631774902,0.0022480799816548824,0.16203026473522186,low_confidence
204,Mesh.623,bearings_bushings_guides,0.35496044158935547,pipe_fittings_valves_nozzles,0.11751165986061096,irregular,0.08999991416931152,0.01419999822974205,0.08999991416931152,0.01871843822300434,0.2374487817287445,low_confidence
210,Mesh.629,joints_clamps_structural_connectors,0.2044813334941864,plates_discs_shapes,0.15801092982292175,irregular,0.06000000238418579,0.09400001168251038,0.01699995994567871,0.01578560285270214,0.04647040367126465,low_confidence
220,Mesh.670,motors_gearmotors,0.32598644495010376,handles_controls,0.11309882998466492,round_or_cubic,0.034449100494384766,0.014948770403862,0.03956961631774902,0.0022480799816548824,0.21288761496543884,low_confidence
221,Mesh.668,pipe_fittings_valves_nozzles,0.2504763603210449,bearings_bushings_guides,0.19660115242004395,irregular,0.08999991416931152,0.01419999822974205,0.08999991416931152,0.01871843822300434,0.05387520790100098,low_confidence
223,Mesh.667,joints_clamps_structural_connectors,0.35674282908439636,nuts,0.09733777493238449,compact_block,0.07245433330535889,0.06729999929666519,0.06933832168579102,0.020807772874832153,0.25940505415201187,low_confidence
230,Mesh.649,motors_gearmotors,0.2534273862838745,handles_controls,0.17064231634140015,round_or_cubic,0.03444899618625641,0.014948770403862,0.03956961631774902,0.002248079050332308,0.08278506994247437,low_confidence
231,Mesh.654,rotating_fluid_machinery,0.16869433224201202,pipe_fittings_valves_nozzles,0.1567804217338562,irregular,0.09000000357627869,0.01419999822974205,0.08999991416931152,0.018718451261520386,0.011913910508155823,low_confidence
233,Mesh.653,joints_clamps_structural_connectors,0.17965072393417358,rotating_fluid_machinery,0.12444042414426804,compact_block,0.07245433330535889,0.06729999929666519,0.06933832168579102,0.020807772874832153,0.05521029978990555,low_confidence
249,Mesh.753,joints_clamps_structural_connectors,0.3578324019908905,pins_rivets_keys,0.2878073453903198,flat_plate,0.015000001527369022,0.030000001192092896,0.4440000653266907,0.06512194126844406,0.07002505660057068,low_confidence
251,Mesh.515,bearings_bushings_guides,0.2575414478778839,washers_rings_spacers,0.1580480933189392,irregular,0.06000000238418579,0.09400001168251038,0.017000000923871994,0.015785636380314827,0.0994933545589447,low_confidence
264,Mesh.375,screws_bolts_studs,0.29133084416389465,handles_controls,0.18901802599430084,long_slender,0.05999398231506348,0.18000001460313797,0.05985903739929199,0.01659523881971836,0.10231281816959381,low_confidence
266,Mesh.372,motors_gearmotors,0.24755583703517914,handles_controls,0.19336235523223877,round_or_cubic,0.034449100494384766,0.014948770403862,0.03956961631774902,0.0022480767220258713,0.05419348180294037,low_confidence
267,Mesh.371,bearings_bushings_guides,0.2659406065940857,pipe_fittings_valves_nozzles,0.1822434514760971,irregular,0.09000015258789062,0.01419999822974205,0.08999991416931152,0.018718469887971878,0.08369715511798859,low_confidence
269,Mesh.367,nuts,0.2597917914390564,joints_clamps_structural_connectors,0.14110848307609558,compact_block,0.07245445251464844,0.06730000674724579,0.06933832168579102,0.020807761698961258,0.11868330836296082,low_confidence
275,Mesh.529,motors_gearmotors,0.2740787863731384,handles_controls,0.19359326362609863,round_or_cubic,0.034449100494384766,0.014948770403862,0.03956967918202281,0.002248076256364584,0.0804855227470398,low_confidence
276,Mesh.532,bearings_bushings_guides,0.1673930585384369,rotating_fluid_machinery,0.12463916093111038,irregular,0.09000015258789062,0.01419999822974205,0.09000003058463335,0.018718481063842773,0.04275389760732651,low_confidence
278,Mesh.531,joints_clamps_structural_connectors,0.20634432137012482,nuts,0.11918991804122925,compact_block,0.07245445251464844,0.06730000674724579,0.06933830812340602,0.02080775424838066,0.08715440332889557,low_confidence
284,Mesh.739,motors_gearmotors,0.39250674843788147,handles_controls,0.11033385246992111,round_or_cubic,0.0344490110874176,0.014948770403862,0.0395696759223938,0.002248078817501664,0.28217289596796036,low_confidence
285,Mesh.743,bearings_bushings_guides,0.28698864579200745,pipe_fittings_valves_nozzles,0.224272221326828,irregular,0.09000001102685928,0.01419999822974205,0.09000001708045602,0.018718460574746132,0.06271642446517944,low_confidence
287,Mesh.740,joints_clamps_structural_connectors,0.1928192526102066,pipe_fittings_valves_nozzles,0.16719739139080048,compact_block,0.07245434075593948,0.06729999929666519,0.0693383077159524,0.020807767286896706,0.025621861219406128,low_confidence
293,Mesh.343,motors_gearmotors,0.24633415043354034,screws_bolts_studs,0.14340507984161377,round_or_cubic,0.034449100494384766,0.014948770403862,0.03956967731937766,0.0022480797488242388,0.10292907059192657,low_confidence
294,Mesh.341,bearings_bushings_guides,0.26250675320625305,pipe_fittings_valves_nozzles,0.11603254079818726,irregular,0.08999991416931152,0.01419999822974205,0.09000003058463335,0.018718449398875237,0.1464742124080658,low_confidence
296,Mesh.340,joints_clamps_structural_connectors,0.2274305671453476,handles_controls,0.13501158356666565,compact_block,0.07245433330535889,0.06730000674724579,0.06933830812340602,0.020807765424251556,0.09241898357868195,low_confidence
300,Mesh.358,screws_bolts_studs,0.38102492690086365,handles_controls,0.14363551139831543,long_slender,0.05999398231506348,0.18000001460313797,0.05985903460532427,0.01659524068236351,0.23738941550254822,low_confidence
302,Mesh.365,motors_gearmotors,0.3268256187438965,handles_controls,0.10798635333776474,round_or_cubic,0.034449100494384766,0.014948770403862,0.0395696759223938,0.0022480797488242388,0.21883926540613174,low_confidence
303,Mesh.364,bearings_bushings_guides,0.3024316132068634,pipe_fittings_valves_nozzles,0.130998432636261,irregular,0.08999991416931152,0.01419999822974205,0.09000001708045602,0.018718447536230087,0.17143318057060242,low_confidence
305,Mesh.360,pipe_fittings_valves_nozzles,0.1895907074213028,bearings_bushings_guides,0.13339373469352722,compact_block,0.07245433330535889,0.06729999929666519,0.0693383077159524,0.020807765424251556,0.056196972727775574,low_confidence
310,Mesh.456,bearings_bushings_guides,0.2664261758327484,screws_bolts_studs,0.124749556183815,compact_block,0.059999942779541016,0.06686961650848389,0.06698642671108246,0.02540045604109764,0.1416766196489334,low_confidence
311,Mesh.277,joints_clamps_structural_connectors,0.2866877317428589,rotating_fluid_machinery,0.17679576575756073,irregular,0.06200003623962402,0.10950005054473877,0.01900005340576172,0.022023379802703857,0.10989196598529816,low_confidence
313,Mesh.269,pins_rivets_keys,0.34203994274139404,joints_clamps_structural_connectors,0.2599562704563141,flat_plate,0.5369999408721924,0.030000030994415283,0.015000104904174805,0.07959644496440887,0.08208367228507996,low_confidence
314,Mesh.270,joints_clamps_structural_connectors,0.3088257908821106,pins_rivets_keys,0.2228737622499466,flat_plate,0.029999971389770508,0.755000114440918,0.015000104904174805,0.11352447420358658,0.085952028632164,low_confidence
323,Mesh.292,plates_discs_shapes,0.3633904457092285,pins_rivets_keys,0.31135597825050354,flat_plate,0.19600001722574234,0.029999971389770508,0.6080000400543213,0.32784292101860046,0.052034467458724976,low_confidence
325,Mesh.251,joints_clamps_structural_connectors,0.2542838752269745,handles_controls,0.20532295107841492,irregular,0.06199997663497925,0.10950005054473877,0.01900005340576172,0.02202337048947811,0.04896092414855957,low_confidence
338,Mesh.296,handles_controls,0.24067389965057373,joints_clamps_structural_connectors,0.15969832241535187,irregular,0.06200003623962402,0.10950005054473877,0.01900005340576172,0.022023379802703857,0.08097557723522186,low_confidence
340,Mesh.298,joints_clamps_structural_connectors,0.29653507471084595,pins_rivets_keys,0.2772120237350464,flat_plate,0.5370000600814819,0.03000009059906006,0.015000104904174805,0.07959649711847305,0.01932305097579956,low_confidence
341,Mesh.299,pins_rivets_keys,0.26177090406417847,joints_clamps_structural_connectors,0.18489967286586761,flat_plate,0.029999971389770508,0.755000114440918,0.015000104904174805,0.1135244071483612,0.07687123119831085,low_confidence
342,Mesh.300,joints_clamps_structural_connectors,0.3568130135536194,pins_rivets_keys,0.2979829013347626,flat_plate,0.5369999408721924,0.030000030994415283,0.015000104904174805,0.07959620654582977,0.05883011221885681,low_confidence
357,Mesh.278,handles_controls,0.2640143930912018,plates_discs_shapes,0.1848525106906891,irregular,0.20000001788139343,0.14600002765655518,0.0419999361038208,0.08414595574140549,0.0791618824005127,low_confidence
361,Mesh.283,pins_rivets_keys,0.15437068045139313,plates_discs_shapes,0.12116692215204239,compact_block,0.025000810623168945,0.024965882301330566,0.02199995517730713,0.0025498387403786182,0.03320375829935074,low_confidence
362,Mesh.288,rotating_fluid_machinery,0.31847360730171204,joints_clamps_structural_connectors,0.1671695113182068,irregular,0.06199997663497925,0.10950005054473877,0.01900005340576172,0.02202337048947811,0.15130409598350525,low_confidence
366,Mesh.538,bearings_bushings_guides,0.27209535241127014,screws_bolts_studs,0.09330185502767563,compact_block,0.06000018119812012,0.06694400310516357,0.0669412910938263,0.025400523096323013,0.1787934973835945,low_confidence
376,Mesh.323,pins_rivets_keys,0.3310566544532776,joints_clamps_structural_connectors,0.16008853912353516,flat_plate,0.015000104904174805,0.5619999766349792,0.03000009059906006,0.08348691463470459,0.17096811532974243,low_confidence
380,Mesh.737,screws_bolts_studs,0.130118265748024,rotating_fluid_machinery,0.10015560686588287,compact_block,0.06677126884460449,0.06700003147125244,0.059999942779541016,0.025400454178452492,0.029962658882141113,low_confidence
381,Mesh.683,screws_bolts_studs,0.24040396511554718,bearings_bushings_guides,0.13224609196186066,compact_block,0.0667715072631836,0.06700003147125244,0.059999942779541016,0.02540045976638794,0.10815787315368652,low_confidence
395,Mesh.1719,joints_clamps_structural_connectors,0.33116111159324646,pins_rivets_keys,0.22749239206314087,compact_block,0.03299999237060547,0.029999971389770508,0.034999966621398926,0.0070399874821305275,0.10366871953010559,low_confidence
397,Mesh.1678,joints_clamps_structural_connectors,0.31786319613456726,plates_discs_shapes,0.1844147890806198,compact_block,0.03299999237060547,0.029999971389770508,0.034999966621398926,0.0070399874821305275,0.13344840705394745,low_confidence
398,Mesh.1735,plates_discs_shapes,0.34678032994270325,joints_clamps_structural_connectors,0.2634303867816925,flat_plate,0.005000054836273193,0.5190002918243408,0.05299997329711914,0.06073400378227234,0.08334994316101074,low_confidence
413,Mesh.1745,handles_controls,0.36617225408554077,pipe_fittings_valves_nozzles,0.1661788821220398,long_slender,0.04456821084022522,0.03441822528839111,0.2034912109375,0.02540881745517254,0.19999337196350098,low_confidence
415,Mesh.1743,joints_clamps_structural_connectors,0.17169447243213654,handles_controls,0.14714518189430237,long_slender,0.04456821084022522,0.03441822528839111,0.2034912109375,0.02540881745517254,0.024549290537834167,low_confidence
423,Mesh.1672,plates_discs_shapes,0.3799353837966919,pins_rivets_keys,0.3330889046192169,irregular,0.03600001335144043,0.056999921798706055,0.009999990463256836,0.005963992327451706,0.046846479177474976,low_confidence
432,Mesh.1749,plates_discs_shapes,0.34670770168304443,joints_clamps_structural_connectors,0.22210928797721863,flat_plate,0.005000114440917969,0.5190002918243408,0.05299997329711914,0.06073400005698204,0.1245984137058258,low_confidence
434,Mesh.1702,plates_discs_shapes,0.3025701642036438,joints_clamps_structural_connectors,0.19901254773139954,round_or_cubic,0.08000004291534424,0.06999993324279785,0.029999971389770508,0.01819998398423195,0.10355761647224426,low_confidence
438,Mesh.1728,joints_clamps_structural_connectors,0.2747671604156494,plates_discs_shapes,0.20141693949699402,round_or_cubic,0.08000001311302185,0.06999993324279785,0.029999971389770508,0.01819998025894165,0.0733502209186554,low_confidence
441,Mesh.1668,handles_controls,0.26552319526672363,nuts,0.20478007197380066,round_or_cubic,0.02000001072883606,0.0549999475479126,0.054000020027160645,0.00872799288481474,0.060743123292922974,low_confidence
443,Mesh.1658,washers_rings_spacers,0.3052756190299988,joints_clamps_structural_connectors,0.18816670775413513,irregular,0.04000002145767212,0.05949997901916504,0.037000060081481934,0.005026322789490223,0.11710891127586365,low_confidence
444,Mesh.1753,rotating_fluid_machinery,0.12776857614517212,springs,0.12263408303260803,flat_plate,0.011200010776519775,0.33319395780563354,0.046193838119506836,0.0046477667056024075,0.005134493112564087,low_confidence
445,Mesh.1723,handles_controls,0.26562607288360596,plates_discs_shapes,0.2341853529214859,round_or_cubic,0.050000011920928955,0.05199992656707764,0.028800010681152344,0.007722626440227032,0.031440719962120056,low_confidence
447,Mesh.1680,joints_clamps_structural_connectors,0.2149643748998642,bearings_bushings_guides,0.12272246181964874,irregular,0.01940000057220459,0.027300000190734863,0.01549530029296875,0.0018012308282777667,0.09224191308021545,low_confidence
449,Mesh.1682,handles_controls,0.22691603004932404,joints_clamps_structural_connectors,0.16376101970672607,round_or_cubic,0.05300000309944153,0.0625,0.027500033378601074,0.018292399123311043,0.06315501034259796,low_confidence
450,Mesh.1683,bearings_bushings_guides,0.17688147723674774,nuts,0.12740294635295868,irregular,0.01940000057220459,0.027300000190734863,0.01549530029296875,0.0018012318760156631,0.04947853088378906,low_confidence
451,Mesh.1697,handles_controls,0.3297775983810425,plates_discs_shapes,0.19254548847675323,round_or_cubic,0.050000011920928955,0.05199992656707764,0.028800010681152344,0.007722625508904457,0.13723210990428925,low_confidence
455,Mesh.1734,joints_clamps_structural_connectors,0.15277543663978577,bearings_bushings_guides,0.13299310207366943,irregular,0.01940000057220459,0.027300000190734863,0.01549530029296875,0.0018012310611084104,0.019782334566116333,low_confidence
457,Mesh.1730,joints_clamps_structural_connectors,0.12925630807876587,rotating_fluid_machinery,0.11384572088718414,round_or_cubic,0.05300000309944153,0.0625,0.027500033378601074,0.01829240284860134,0.015410587191581726,low_confidence
458,Mesh.1733,handles_controls,0.1679406315088272,joints_clamps_structural_connectors,0.13547225296497345,irregular,0.01940000057220459,0.027300000190734863,0.01549530029296875,0.0018012308282777667,0.03246837854385376,low_confidence
459,Mesh.1687,rotating_fluid_machinery,0.13865923881530762,springs,0.11744895577430725,flat_plate,0.011200010776519775,0.33319395780563354,0.046193838119506836,0.004647756461054087,0.021210283041000366,low_confidence
460,Mesh.1708,motors_gearmotors,0.32571926712989807,handles_controls,0.16652368009090424,irregular,0.24400000274181366,0.06200003623962402,0.09200012683868408,0.08833100646734238,0.15919558703899384,low_confidence
462,Mesh.1704,pins_rivets_keys,0.3063313961029053,handles_controls,0.29244622588157654,flat_plate,0.050000011920928955,0.004000067710876465,0.00540006160736084,0.0005995488609187305,0.013885170221328735,low_confidence
465,Mesh.1706,bearings_bushings_guides,0.15855242311954498,wheels_castors,0.15099658071994781,round_or_cubic,0.08788612484931946,0.031999945640563965,0.08799993991851807,0.022152962163090706,0.007555842399597168,low_confidence
468,Mesh.1677,bearings_bushings_guides,0.28035402297973633,plates_discs_shapes,0.23979949951171875,irregular,0.034000009298324585,0.057000041007995605,0.019500017166137695,0.0090464036911726,0.04055452346801758,low_confidence
470,Mesh.1762,handles_controls,0.3010743260383606,joints_clamps_structural_connectors,0.16225887835025787,round_or_cubic,0.022000014781951904,0.0549999475479126,0.054000020027160645,0.009065795689821243,0.13881544768810272,low_confidence
475,Mesh.1662,handles_controls,0.297603577375412,nuts,0.24360960721969604,round_or_cubic,0.022000014781951904,0.0549999475479126,0.054000020027160645,0.009065795689821243,0.05399397015571594,low_confidence
495,Mesh.1665,pipe_fittings_valves_nozzles,0.39018580317497253,bearings_bushings_guides,0.2519229054450989,flat_plate,0.2000001072883606,0.01600015163421631,0.15000009536743164,0.06016501784324646,0.13826289772987366,low_confidence
501,Mesh.1652,gears_pulleys_chains,0.3184438943862915,bearings_bushings_guides,0.11465894430875778,irregular,0.020000040531158447,0.024393320083618164,0.006999969482421875,0.0018497882410883904,0.20378495007753372,low_confidence
503,Mesh.1642,handles_controls,0.3267410099506378,bearings_bushings_guides,0.27879491448402405,irregular,0.03900003433227539,0.013700008392333984,0.026000022888183594,0.0021519840229302645,0.04794609546661377,low_confidence
509,Mesh.1646,bearings_bushings_guides,0.38866427540779114,screws_bolts_studs,0.3154134154319763,flat_plate,0.004484593868255615,0.004499912261962891,1.2382003664970398,0.012921799905598164,0.07325085997581482,low_confidence
510,Mesh.1647,bearings_bushings_guides,0.3999236524105072,screws_bolts_studs,0.3102363646030426,flat_plate,0.004484593868255615,0.004500031471252441,1.2382003664970398,0.012921889312565327,0.0896872878074646,low_confidence
511,Mesh.1648,bearings_bushings_guides,0.3942529857158661,screws_bolts_studs,0.31527698040008545,flat_plate,0.004484593868255615,0.004500031471252441,1.2382003664970398,0.012921832501888275,0.07897600531578064,low_confidence
512,Mesh.1649,bearings_bushings_guides,0.3896494507789612,screws_bolts_studs,0.31448066234588623,flat_plate,0.004484653472900391,0.004500031471252441,1.2382003664970398,0.012921950779855251,0.07516878843307495,low_confidence
515,Mesh.1635,handles_controls,0.35607248544692993,joints_clamps_structural_connectors,0.19925153255462646,irregular,0.12800002098083496,0.08000004291534424,0.059999942779541016,0.03296750783920288,0.15682095289230347,low_confidence
529,Mesh.1869,joints_clamps_structural_connectors,0.28254246711730957,plates_discs_shapes,0.17475064098834991,compact_block,0.03299999237060547,0.029999971389770508,0.034999966621398926,0.007039978634566069,0.10779182612895966,low_confidence
531,Mesh.1821,pins_rivets_keys,0.2857252359390259,joints_clamps_structural_connectors,0.21420738101005554,compact_block,0.03299999237060547,0.029999971389770508,0.034999966621398926,0.007039978634566069,0.07151785492897034,low_confidence
549,Mesh.1809,joints_clamps_structural_connectors,0.26260310411453247,handles_controls,0.21474942564964294,long_slender,0.04456806182861328,0.03441822528839111,0.20349109172821045,0.02540881745517254,0.047853678464889526,low_confidence
568,Mesh.1839,joints_clamps_structural_connectors,0.3179914057254791,pins_rivets_keys,0.20291873812675476,round_or_cubic,0.07999992370605469,0.06999993324279785,0.029999971389770508,0.018199967220425606,0.11507266759872437,low_confidence
572,Mesh.1807,joints_clamps_structural_connectors,0.2669726312160492,plates_discs_shapes,0.2164122760295868,round_or_cubic,0.07999992370605469,0.06999993324279785,0.029999971389770508,0.018199967220425606,0.0505603551864624,low_confidence
575,Mesh.1825,handles_controls,0.3350028395652771,nuts,0.17110271751880646,round_or_cubic,0.019999980926513672,0.0549999475479126,0.054000020027160645,0.008727984502911568,0.16390012204647064,low_confidence
578,Mesh.1868,rotating_fluid_machinery,0.13175028562545776,handles_controls,0.12449527531862259,flat_plate,0.011199951171875,0.333193838596344,0.046193838119506836,0.004647765774279833,0.0072550103068351746,low_confidence
579,Mesh.1819,plates_discs_shapes,0.2651348412036896,joints_clamps_structural_connectors,0.14288991689682007,round_or_cubic,0.04999995231628418,0.05199992656707764,0.028800010681152344,0.007722638547420502,0.1222449243068695,low_confidence
581,Mesh.1827,joints_clamps_structural_connectors,0.2785462439060211,bearings_bushings_guides,0.14338330924510956,irregular,0.01939988136291504,0.027300000190734863,0.01549530029296875,0.001801234669983387,0.13516293466091156,low_confidence
583,Mesh.1831,bearings_bushings_guides,0.16963057219982147,joints_clamps_structural_connectors,0.13656847178936005,round_or_cubic,0.05299997329711914,0.0625,0.027500033378601074,0.0182923786342144,0.033062100410461426,low_confidence
584,Mesh.1830,bearings_bushings_guides,0.3466346859931946,joints_clamps_structural_connectors,0.1158815324306488,irregular,0.01940011978149414,0.027300000190734863,0.01549530029296875,0.001801229314878583,0.23075315356254578,low_confidence
585,Mesh.1826,plates_discs_shapes,0.32969149947166443,handles_controls,0.21359366178512573,round_or_cubic,0.04999995231628418,0.05199992656707764,0.028800010681152344,0.007722639013081789,0.1160978376865387,low_confidence
586,Mesh.1781,washers_rings_spacers,0.30844563245773315,joints_clamps_structural_connectors,0.23724523186683655,irregular,0.039999961853027344,0.05949997901916504,0.03699994087219238,0.005026324186474085,0.0712004005908966,low_confidence
591,Mesh.1811,joints_clamps_structural_connectors,0.35952621698379517,bearings_bushings_guides,0.08489607274532318,round_or_cubic,0.05299997329711914,0.0625,0.027500033378601074,0.018292373046278954,0.274630144238472,low_confidence
592,Mesh.1813,bearings_bushings_guides,0.16725866496562958,joints_clamps_structural_connectors,0.15928791463375092,irregular,0.01940011978149414,0.027300000190734863,0.01549530029296875,0.001801229314878583,0.007970750331878662,low_confidence
593,Mesh.1770,rotating_fluid_machinery,0.15755599737167358,springs,0.11459699273109436,flat_plate,0.011199951171875,0.333193838596344,0.046193838119506836,0.004647768102586269,0.042959004640579224,low_confidence
594,Mesh.1857,motors_gearmotors,0.325045645236969,handles_controls,0.23711280524730682,irregular,0.24399995803833008,0.06200003623962402,0.09200000762939453,0.08833098411560059,0.08793283998966217,low_confidence
596,Mesh.1855,pins_rivets_keys,0.38406866788864136,handles_controls,0.22911402583122253,flat_plate,0.04999995231628418,0.003999948501586914,0.00540006160736084,0.0005995510728098452,0.15495464205741882,low_confidence
597,Mesh.1859,pins_rivets_keys,0.3490484058856964,handles_controls,0.2299197018146515,flat_plate,0.04999995231628418,0.003999948501586914,0.00540006160736084,0.0005995510728098452,0.11912870407104492,low_confidence
599,Mesh.1856,wheels_castors,0.39726531505584717,bearings_bushings_guides,0.09047849476337433,round_or_cubic,0.08788609504699707,0.031999945640563965,0.08799993991851807,0.022152945399284363,0.30678682029247284,low_confidence
603,Mesh.1845,joints_clamps_structural_connectors,0.35267409682273865,handles_controls,0.18611863255500793,round_or_cubic,0.019999980926513672,0.0549999475479126,0.054000020027160645,0.008727984502911568,0.1665554642677307,low_confidence
604,Mesh.1833,nuts,0.28242138028144836,joints_clamps_structural_connectors,0.176045760512352,round_or_cubic,0.02200007438659668,0.0549999475479126,0.054000020027160645,0.009065798483788967,0.10637561976909637,low_confidence
605,Mesh.1815,pins_rivets_keys,0.2785781919956207,joints_clamps_structural_connectors,0.20621463656425476,compact_block,0.03299999237060547,0.029999971389770508,0.034999966621398926,0.007039978634566069,0.07236355543136597,low_confidence
609,Mesh.1835,handles_controls,0.3696344196796417,joints_clamps_structural_connectors,0.18032144010066986,round_or_cubic,0.02200007438659668,0.0549999475479126,0.054000020027160645,0.009065798483788967,0.18931297957897186,low_confidence
630,Mesh.1545,bearings_bushings_guides,0.37855589389801025,plates_discs_shapes,0.19605685770511627,irregular,0.034999847412109375,0.0549999475479126,0.08500000834465027,0.020720679312944412,0.18249903619289398,low_confidence
631,Mesh.1621,nuts,0.37083128094673157,bearings_bushings_guides,0.10133015364408493,irregular,0.006999969482421875,0.037000060081481934,0.03687363862991333,0.002354779513552785,0.26950112730264664,low_confidence
632,Mesh.1622,nuts,0.3218745291233063,bearings_bushings_guides,0.13857176899909973,irregular,0.006999969482421875,0.037000060081481934,0.03687363862991333,0.0023547797463834286,0.18330276012420654,low_confidence
637,Mesh.1588,screws_bolts_studs,0.34773606061935425,pins_rivets_keys,0.23934561014175415,compact_block,0.004824399948120117,0.003242015838623047,0.003242015838623047,5.719987166230567e-05,0.1083904504776001,low_confidence
638,Mesh.1589,bearings_bushings_guides,0.38228440284729004,pins_rivets_keys,0.15336716175079346,compact_block,0.0031890869140625,0.003999948501586914,0.0031999945640563965,7.976058986969292e-05,0.22891724109649658,low_confidence
639,Mesh.1590,pins_rivets_keys,0.27998173236846924,bearings_bushings_guides,0.2303067147731781,compact_block,0.0031890869140625,0.003999948501586914,0.0031999945640563965,7.976099732331932e-05,0.04967501759529114,low_confidence
640,Mesh.1591,pins_rivets_keys,0.2635675072669983,bearings_bushings_guides,0.22500133514404297,irregular,0.007100105285644531,0.0044907331466674805,0.004500001668930054,0.00019488575344439596,0.03856617212295532,low_confidence
644,Mesh.1595,bearings_bushings_guides,0.3466954231262207,pins_rivets_keys,0.19101984798908234,irregular,0.00709986686706543,0.00449061393737793,0.004500031471252441,0.00019488071848172694,0.15567557513713837,low_confidence
649,Mesh.1600,pins_rivets_keys,0.2709706425666809,bearings_bushings_guides,0.26224932074546814,irregular,0.007100105285644531,0.004484772682189941,0.004500001668930054,0.00019487696408759803,0.008721321821212769,low_confidence
655,Mesh.1606,pins_rivets_keys,0.3843095004558563,screws_bolts_studs,0.2254280298948288,compact_block,0.0049283504486083984,0.003242015838623047,0.003241986036300659,5.7382269005756825e-05,0.15888147056102753,low_confidence
656,Mesh.1607,motors_gearmotors,0.2959096431732178,handles_controls,0.2588542401790619,compact_block,0.10500001907348633,0.09070003032684326,0.08000004291534424,0.08002372831106186,0.037055402994155884,low_confidence
658,Mesh.1609,bearings_bushings_guides,0.3713626563549042,pins_rivets_keys,0.15184982120990753,compact_block,0.005800008773803711,0.004499912261962891,0.004484772682189941,0.00016019462782423943,0.21951283514499664,low_confidence
659,Mesh.1610,springs,0.3436170518398285,pins_rivets_keys,0.159018412232399,flat_plate,0.0008001327514648438,0.01620006561279297,0.01490834355354309,5.254454299574718e-05,0.1845986396074295,low_confidence
663,Mesh.1614,pins_rivets_keys,0.30991536378860474,springs,0.27084144949913025,flat_plate,0.0008001327514648438,0.01620006561279297,0.01490873098373413,5.2603842050302774e-05,0.03907391428947449,low_confidence
670,Mesh.1578,handles_controls,0.16337522864341736,motors_gearmotors,0.12093682587146759,irregular,0.042999982833862305,0.059999942779541016,0.08799999952316284,0.032629162073135376,0.04243840277194977,low_confidence
683,Mesh.1565,pipe_fittings_valves_nozzles,0.4278374910354614,bearings_bushings_guides,0.3732576072216034,round_or_cubic,0.0350000262260437,0.08399999141693115,0.08949750661849976,0.021670164540410042,0.05457988381385803,low_margin
695,Mesh.1505,pins_rivets_keys,0.3341038227081299,bearings_bushings_guides,0.16358625888824463,compact_block,0.0031890571117401123,0.003999948501586914,0.0031999945640563965,7.976071356097236e-05,0.17051756381988525,low_confidence
698,Mesh.1508,bearings_bushings_guides,0.3483049273490906,pipe_fittings_valves_nozzles,0.18229340016841888,irregular,0.0070999860763549805,0.004490852355957031,0.004546821117401123,0.00019509402045514435,0.1660115271806717,low_confidence
714,Mesh.1524,bearings_bushings_guides,0.27319177985191345,pins_rivets_keys,0.16497261822223663,compact_block,0.005800008773803711,0.004499912261962891,0.004484772682189941,0.00016019365284591913,0.10821916162967682,low_confidence
715,Mesh.1525,springs,0.1843390166759491,washers_rings_spacers,0.1657252311706543,flat_plate,0.000800013542175293,0.01620006561279297,0.014908373355865479,5.2538656746037304e-05,0.0186137855052948,low_confidence
717,Mesh.1527,springs,0.30935779213905334,pins_rivets_keys,0.2213040590286255,flat_plate,0.000800013542175293,0.014908671379089355,0.016200006008148193,5.262995546218008e-05,0.08805373311042786,low_confidence
719,Mesh.1529,pins_rivets_keys,0.16266217827796936,washers_rings_spacers,0.15400545299053192,flat_plate,0.000800013542175293,0.01620006561279297,0.014908671379089355,5.2598323236452416e-05,0.008656725287437439,low_confidence
725,Mesh.1535,screws_bolts_studs,0.32083752751350403,pins_rivets_keys,0.3032441735267639,compact_block,0.004971206188201904,0.00323486328125,0.003242015838623047,5.756402970291674e-05,0.017593353986740112,low_confidence
726,Mesh.1489,nuts,0.3539036214351654,bearings_bushings_guides,0.1254510134458542,irregular,0.00700002908706665,0.037000060081481934,0.03687363862991333,0.0023547911550849676,0.22845260798931122,low_confidence
732,Mesh.1498,handles_controls,0.1482039988040924,bearings_bushings_guides,0.09094986319541931,irregular,0.04300001263618469,0.059999942779541016,0.08799999952316284,0.032629162073135376,0.057254135608673096,low_confidence
734,Mesh.1499,nuts,0.3171822130680084,joints_clamps_structural_connectors,0.23825548589229584,irregular,0.011000007390975952,0.034999728202819824,0.03499943017959595,0.002953781047835946,0.07892672717571259,low_confidence
746,Mesh.1630,bearings_bushings_guides,0.3064088225364685,plates_discs_shapes,0.19590987265110016,irregular,0.08200007677078247,0.03450000286102295,0.04800009727478027,0.019462622702121735,0.11049894988536835,low_confidence
748,Mesh.1626,bearings_bushings_guides,0.3770178556442261,plates_discs_shapes,0.11582920700311661,irregular,0.08200004696846008,0.03450000286102295,0.04800009727478027,0.019462626427412033,0.26118864864110947,low_confidence
749,Mesh.1627,bearings_bushings_guides,0.3202524185180664,plates_discs_shapes,0.15884637832641602,irregular,0.0820000171661377,0.03450000286102295,0.04800009727478027,0.019462617114186287,0.1614060401916504,low_confidence
751,Mesh.1560,pipe_fittings_valves_nozzles,0.3735918700695038,bearings_bushings_guides,0.27715587615966797,round_or_cubic,0.03500008583068848,0.08399999141693115,0.08949753642082214,0.021670181304216385,0.09643599390983582,low_confidence
752,Mesh.1569,pins_rivets_keys,0.2865617871284485,handles_controls,0.15449415147304535,irregular,0.02500009536743164,0.12380003929138184,0.11880004405975342,0.016278255730867386,0.13206763565540314,low_confidence
755,Mesh.1573,bearings_bushings_guides,0.3010183274745941,plates_discs_shapes,0.26720884442329407,irregular,0.0350000262260437,0.0549999475479126,0.08500003814697266,0.020720750093460083,0.03380948305130005,low_confidence
756,Mesh.1559,plates_discs_shapes,0.2858288586139679,bearings_bushings_guides,0.20347629487514496,flat_plate,1.8500005602836609,0.015000104904174805,0.08000004291534424,0.36402949690818787,0.08235256373882294,low_confidence
758,Mesh.1561,joints_clamps_structural_connectors,0.37367740273475647,plates_discs_shapes,0.28960272669792175,irregular,0.17200005054473877,0.043000102043151855,0.2980000376701355,0.16055803000926971,0.08407467603683472,low_confidence
771,Mesh.1567,handles_controls,0.3413466513156891,pipe_fittings_valves_nozzles,0.12263555079698563,irregular,0.025000035762786865,0.12380003929138184,0.11880004405975342,0.016278263181447983,0.21871110051870346,low_confidence
773,Mesh.1483,pins_rivets_keys,0.37229591608047485,handles_controls,0.17527613043785095,irregular,0.025000035762786865,0.12380003929138184,0.11880004405975342,0.016278255730867386,0.1970197856426239,low_confidence
774,Mesh.1557,plates_discs_shapes,0.31679120659828186,joints_clamps_structural_connectors,0.24950358271598816,flat_plate,2.0000005960464478,0.014999985694885254,0.3500000536441803,1.0927467346191406,0.0672876238822937,low_confidence
776,Mesh.1479,bearings_bushings_guides,0.3069398105144501,plates_discs_shapes,0.12474368512630463,irregular,0.08200007677078247,0.03450000286102295,0.0480000376701355,0.01946261338889599,0.18219612538814545,low_confidence
777,Mesh.1480,bearings_bushings_guides,0.2366521805524826,plates_discs_shapes,0.15175320208072662,irregular,0.0820000171661377,0.03450000286102295,0.0480000376701355,0.01946260593831539,0.08489897847175598,low_confidence
778,Mesh.1478,bearings_bushings_guides,0.3098020553588867,plates_discs_shapes,0.14548517763614655,irregular,0.08200004696846008,0.03450000286102295,0.0480000376701355,0.019462617114186287,0.16431687772274017,low_confidence
780,Mesh.1547,bearings_bushings_guides,0.22946996986865997,joints_clamps_structural_connectors,0.15019644796848297,irregular,0.08200007677078247,0.03450000286102295,0.04800000786781311,0.019462618976831436,0.079273521900177,low_confidence
783,Mesh.1550,bearings_bushings_guides,0.34967702627182007,plates_discs_shapes,0.1503942310810089,irregular,0.08200004696846008,0.03450000286102295,0.04800000786781311,0.019462622702121735,0.19928279519081116,low_confidence
784,Mesh.1549,bearings_bushings_guides,0.3619021475315094,joints_clamps_structural_connectors,0.10168121010065079,irregular,0.0820000171661377,0.03450000286102295,0.04800000786781311,0.01946260780096054,0.2602209374308586,low_confidence
786,Mesh.1896,joints_clamps_structural_connectors,0.3877226412296295,plates_discs_shapes,0.21121326088905334,flat_plate,0.012000083923339844,0.15000009536743164,1.4139999747276306,0.4617357850074768,0.17650938034057617,low_confidence
788,Mesh.1878,handles_controls,0.33409127593040466,joints_clamps_structural_connectors,0.16410011053085327,irregular,0.12800002098083496,0.08000004291534424,0.059999942779541016,0.0329674631357193,0.1699911653995514,low_confidence
795,Mesh.1888,bearings_bushings_guides,0.3934219777584076,screws_bolts_studs,0.3136489689350128,flat_plate,0.004484653472900391,0.004499912261962891,1.2382000088691711,0.01292206346988678,0.07977300882339478,low_confidence
796,Mesh.1889,bearings_bushings_guides,0.3993355929851532,screws_bolts_studs,0.3105458617210388,flat_plate,0.004484653472900391,0.004500031471252441,1.2382000088691711,0.012922113761305809,0.08878973126411438,low_confidence
797,Mesh.1890,bearings_bushings_guides,0.3994442820549011,screws_bolts_studs,0.31197643280029297,flat_plate,0.004484653472900391,0.004500031471252441,1.2382000088691711,0.012921726331114769,0.08746784925460815,low_confidence
798,Mesh.1891,bearings_bushings_guides,0.39386820793151855,screws_bolts_studs,0.31385624408721924,flat_plate,0.004484653472900391,0.004500031471252441,1.2381999492645264,0.012922091409564018,0.08001196384429932,low_confidence
799,Mesh.1885,handles_controls,0.3762510120868683,bearings_bushings_guides,0.16277451813220978,irregular,0.03900003433227539,0.013700008392333984,0.026000022888183594,0.0021519875153899193,0.2134764939546585,low_confidence
801,Mesh.1884,handles_controls,0.3817223012447357,bearings_bushings_guides,0.2065279185771942,irregular,0.03900003433227539,0.013700008392333984,0.026000022888183594,0.002151987748220563,0.1751943826675415,low_confidence
802,Mesh.1883,nuts,0.1724863201379776,gears_pulleys_chains,0.15491801500320435,irregular,0.019999980926513672,0.024393320083618164,0.006999969482421875,0.0018497908022254705,0.017568305134773254,low_confidence
809,Mesh.1899,pins_rivets_keys,0.30153724551200867,handles_controls,0.29671743512153625,flat_plate,0.07249999046325684,0.1449747085571289,1.1724916696548462,0.502799391746521,0.004819810390472412,low_confidence
810,Mesh.1423,joints_clamps_structural_connectors,0.23479320108890533,rotating_fluid_machinery,0.1837521642446518,irregular,0.2097882628440857,0.16073957085609436,0.032000064849853516,0.06967085599899292,0.05104103684425354,low_confidence
816,Mesh.1409,pipe_fittings_valves_nozzles,0.3317676782608032,bearings_bushings_guides,0.18574167788028717,round_or_cubic,0.11000001430511475,0.11000001430511475,0.039999961853027344,0.03540831804275513,0.14602600038051605,low_confidence
819,Mesh.1390,pipe_fittings_valves_nozzles,0.3862074315547943,pins_rivets_keys,0.1625751405954361,long_slender,0.016000032424926758,0.015945374965667725,0.054000020027160645,0.0029836813919246197,0.22363229095935822,low_confidence
821,Mesh.1426,joints_clamps_structural_connectors,0.3834335207939148,bearings_bushings_guides,0.17740128934383392,irregular,0.12000006437301636,0.04000002145767212,0.039999961853027344,0.02263069525361061,0.20603223145008087,low_confidence
827,Mesh.1433,joints_clamps_structural_connectors,0.24499061703681946,bearings_bushings_guides,0.2126437872648239,irregular,0.11999988555908203,0.03999999165534973,0.040000081062316895,0.023323727771639824,0.032346829771995544,low_confidence
834,Mesh.1429,pipe_fittings_valves_nozzles,0.3029698431491852,handles_controls,0.12458165735006332,long_slender,0.016000032424926758,0.015945374965667725,0.054000020027160645,0.0029836813919246197,0.17838818579912186,low_confidence
842,Mesh.1373,pipe_fittings_valves_nozzles,0.290203332901001,plates_discs_shapes,0.1178266704082489,irregular,0.037999868392944336,0.01199999451637268,0.03799796104431152,0.004906684160232544,0.17237666249275208,low_confidence
844,Mesh.1378,pipe_fittings_valves_nozzles,0.334175169467926,bearings_bushings_guides,0.10796234756708145,irregular,0.03799772262573242,0.012000024318695068,0.03799760341644287,0.004906682297587395,0.22621282190084457,low_confidence
847,Mesh.1375,pipe_fittings_valves_nozzles,0.2722739279270172,plates_discs_shapes,0.13000214099884033,irregular,0.037999868392944336,0.01199999451637268,0.03799796104431152,0.004906684160232544,0.14227178692817688,low_confidence
848,Mesh.1380,pipe_fittings_valves_nozzles,0.3304555118083954,bearings_bushings_guides,0.09926919639110565,irregular,0.03799772262573242,0.012000024318695068,0.03799760341644287,0.004906682297587395,0.23118631541728973,low_confidence
850,Mesh.1394,pipe_fittings_valves_nozzles,0.22550249099731445,plates_discs_shapes,0.1557440608739853,irregular,0.037999868392944336,0.01199999451637268,0.03799796104431152,0.004906684160232544,0.06975843012332916,low_confidence
852,Mesh.1393,pipe_fittings_valves_nozzles,0.26645830273628235,springs,0.1114022508263588,irregular,0.03799772262573242,0.012000024318695068,0.03799760341644287,0.004906682297587395,0.15505605190992355,low_confidence
855,Mesh.1397,plates_discs_shapes,0.18760472536087036,pipe_fittings_valves_nozzles,0.16849656403064728,irregular,0.037999868392944336,0.01199999451637268,0.03799796104431152,0.004906684160232544,0.019108161330223083,low_confidence
856,Mesh.1392,pipe_fittings_valves_nozzles,0.2992122769355774,bearings_bushings_guides,0.12018640339374542,irregular,0.03799772262573242,0.012000024318695068,0.03799760341644287,0.004906682297587395,0.17902587354183197,low_confidence
869,Mesh.1412,pins_rivets_keys,0.26943257451057434,screws_bolts_studs,0.14087608456611633,flat_plate,0.01998746395111084,0.019977569580078125,0.346500039100647,0.02073376625776291,0.128556489944458,low_confidence
874,Mesh.1368,plates_discs_shapes,0.3855210542678833,bearings_bushings_guides,0.18825528025627136,irregular,0.02499985694885254,0.034999996423721313,0.02200007438659668,0.005085039883852005,0.19726577401161194,low_confidence
875,Mesh.1402,pipe_fittings_valves_nozzles,0.2206505537033081,plates_discs_shapes,0.14204594492912292,irregular,0.03799879550933838,0.01199999451637268,0.037999629974365234,0.0049066850915551186,0.07860460877418518,low_confidence
877,Mesh.1407,pipe_fittings_valves_nozzles,0.32364869117736816,plates_discs_shapes,0.1450984627008438,irregular,0.03799998760223389,0.012000024318695068,0.03799998760223389,0.004906686022877693,0.17855022847652435,low_confidence
880,Mesh.1405,pipe_fittings_valves_nozzles,0.23498448729515076,plates_discs_shapes,0.14127811789512634,irregular,0.03799879550933838,0.01199999451637268,0.037999629974365234,0.0049066850915551186,0.09370636940002441,low_confidence
881,Mesh.1401,pipe_fittings_valves_nozzles,0.22144262492656708,springs,0.10908808559179306,irregular,0.03799998760223389,0.012000024318695068,0.03799998760223389,0.004906686022877693,0.11235453933477402,low_confidence
884,Mesh.1360,bearings_bushings_guides,0.25748705863952637,plates_discs_shapes,0.24426046013832092,irregular,0.02499985694885254,0.034999996423721313,0.02200007438659668,0.005085039883852005,0.013226598501205444,low_confidence
890,Mesh.1348,pipe_fittings_valves_nozzles,0.29380151629447937,plates_discs_shapes,0.12617748975753784,irregular,0.037995338439941406,0.012000024318695068,0.037995338439941406,0.004906682297587395,0.16762402653694153,low_confidence
892,Mesh.1354,pipe_fittings_valves_nozzles,0.2711104452610016,plates_discs_shapes,0.10180243849754333,irregular,0.037999868392944336,0.012000024318695068,0.037996530532836914,0.004906684625893831,0.16930800676345825,low_confidence
895,Mesh.1349,pipe_fittings_valves_nozzles,0.2901071608066559,plates_discs_shapes,0.1125035509467125,irregular,0.037995338439941406,0.012000024318695068,0.037995338439941406,0.004906682297587395,0.1776036098599434,low_confidence
896,Mesh.1352,pipe_fittings_valves_nozzles,0.26184362173080444,bearings_bushings_guides,0.0996762216091156,irregular,0.037999868392944336,0.012000024318695068,0.037996530532836914,0.004906684625893831,0.16216740012168884,low_confidence
898,Mesh.1215,joints_clamps_structural_connectors,0.3743981719017029,pins_rivets_keys,0.1676252782344818,irregular,0.11999988555908203,0.039999961853027344,0.039999961853027344,0.022630659863352776,0.20677289366722107,low_confidence
901,Mesh.1229,joints_clamps_structural_connectors,0.20787400007247925,pins_rivets_keys,0.16949620842933655,irregular,0.11999988555908203,0.039999961853027344,0.039999961853027344,0.022630659863352776,0.0383777916431427,low_confidence
903,Mesh.1238,bearings_bushings_guides,0.34723564982414246,joints_clamps_structural_connectors,0.16298465430736542,irregular,0.12000000476837158,0.04000002145767212,0.040000081062316895,0.023323744535446167,0.18425099551677704,low_confidence
906,Mesh.1250,pipe_fittings_valves_nozzles,0.3453116714954376,bearings_bushings_guides,0.09167736768722534,long_slender,0.016000032424926758,0.01594531536102295,0.054000020027160645,0.002983677200973034,0.2536343038082123,low_confidence
922,Mesh.1210,pins_rivets_keys,0.30469027161598206,plates_discs_shapes,0.17911815643310547,flat_plate,0.7800000905990601,0.009999990463256836,0.039999961853027344,0.0786723643541336,0.1255721151828766,low_confidence
923,Mesh.1240,joints_clamps_structural_connectors,0.29130908846855164,pins_rivets_keys,0.20586423575878143,flat_plate,0.5699999332427979,0.030000030994415283,0.018000006675720215,0.053796619176864624,0.0854448527097702,low_confidence
924,Mesh.1239,plates_discs_shapes,0.292721152305603,joints_clamps_structural_connectors,0.15553894639015198,irregular,0.029999971389770508,0.06223660707473755,0.015999913215637207,0.004842653870582581,0.13718220591545105,low_confidence
926,Mesh.1232,pins_rivets_keys,0.21378903090953827,joints_clamps_structural_connectors,0.12482386827468872,flat_plate,0.01998758316040039,0.019977569580078125,0.346500039100647,0.020733773708343506,0.08896516263484955,low_confidence
937,Mesh.1208,pins_rivets_keys,0.30487513542175293,washers_rings_spacers,0.132865309715271,flat_plate,0.5699999332427979,0.030000030994415283,0.018000006675720215,0.053796619176864624,0.17200982570648193,low_confidence
939,Mesh.1227,pipe_fittings_valves_nozzles,0.28366556763648987,bearings_bushings_guides,0.1716323345899582,round_or_cubic,0.1099998950958252,0.11000001430511475,0.039999961853027344,0.03540828824043274,0.11203323304653168,low_confidence
941,Mesh.1235,bearings_bushings_guides,0.2153296172618866,pins_rivets_keys,0.21034151315689087,flat_plate,0.7800000905990601,0.010000050067901611,0.040000081062316895,0.07867245376110077,0.0049881041049957275,low_confidence
946,Mesh.1245,pins_rivets_keys,0.18695873022079468,joints_clamps_structural_connectors,0.17273980379104614,irregular,0.20978808403015137,0.16073960065841675,0.032000064849853516,0.0696709007024765,0.014218926429748535,low_confidence
948,Mesh.1217,plates_discs_shapes,0.36663028597831726,bearings_bushings_guides,0.21732734143733978,irregular,0.02499997615814209,0.0350000262260437,0.02200007438659668,0.005085056181997061,0.14930294454097748,low_confidence
949,Mesh.1247,plates_discs_shapes,0.3846330940723419,bearings_bushings_guides,0.1904071867465973,irregular,0.02499985694885254,0.0350000262260437,0.02200007438659668,0.005085042677819729,0.19422590732574463,low_confidence
950,Mesh.1216,plates_discs_shapes,0.30773013830184937,bearings_bushings_guides,0.24154014885425568,irregular,0.02499985694885254,0.0350000262260437,0.02200007438659668,0.005085042677819729,0.06618998944759369,low_confidence
951,Mesh.1224,bearings_bushings_guides,0.29862454533576965,plates_discs_shapes,0.20225688815116882,irregular,0.02499997615814209,0.0350000262260437,0.02200007438659668,0.005085056181997061,0.09636765718460083,low_confidence
954,Mesh.1161,springs,0.33248215913772583,pins_rivets_keys,0.19679687917232513,flat_plate,0.6600000858306885,0.04000002145767212,0.039999961853027344,0.26995396614074707,0.1356852799654007,low_confidence
957,Mesh.1145,joints_clamps_structural_connectors,0.312124103307724,bearings_bushings_guides,0.15542064607143402,irregular,0.12000006437301636,0.04000002145767212,0.040000081062316895,0.023323750123381615,0.15670345723628998,low_confidence
970,Mesh.1177,pipe_fittings_valves_nozzles,0.17643363773822784,pins_rivets_keys,0.16001835465431213,long_slender,0.016000032424926758,0.01594531536102295,0.054000020027160645,0.002983677200973034,0.01641528308391571,low_confidence
976,Mesh.1176,pins_rivets_keys,0.254871129989624,plates_discs_shapes,0.19868779182434082,flat_plate,0.7799999713897705,0.009999990463256836,0.039999961853027344,0.0786723643541336,0.0561833381652832,low_confidence
978,Mesh.1148,joints_clamps_structural_connectors,0.38786134123802185,plates_discs_shapes,0.22601668536663055,irregular,0.029999971389770508,0.06223660707473755,0.015999913215637207,0.004842654336243868,0.1618446558713913,low_confidence
980,Mesh.1172,handles_controls,0.1936822533607483,joints_clamps_structural_connectors,0.18589897453784943,flat_plate,0.01998746395111084,0.019977569580078125,0.346500039100647,0.020733775570988655,0.007783278822898865,low_confidence
986,Mesh.1162,joints_clamps_structural_connectors,0.36759263277053833,springs,0.16649799048900604,flat_plate,0.15571939945220947,0.11766517162322998,0.015000104904174805,0.012864378280937672,0.2010946422815323,low_confidence
993,Mesh.1164,pipe_fittings_valves_nozzles,0.2794550061225891,bearings_bushings_guides,0.21197623014450073,round_or_cubic,0.1100001335144043,0.11000001430511475,0.039999961853027344,0.03540833294391632,0.06747877597808838,low_confidence
995,Mesh.1156,pins_rivets_keys,0.26432859897613525,plates_discs_shapes,0.2500170171260834,flat_plate,0.7799999713897705,0.010000050067901611,0.040000081062316895,0.07867245376110077,0.01431158185005188,low_confidence
1000,Mesh.1146,joints_clamps_structural_connectors,0.38472115993499756,pins_rivets_keys,0.11976440995931625,irregular,0.20978832244873047,0.16073960065841675,0.032000064849853516,0.06967088580131531,0.2649567499756813,low_confidence
1002,Mesh.1144,bearings_bushings_guides,0.34052741527557373,plates_discs_shapes,0.24029392004013062,irregular,0.02499997615814209,0.0350000262260437,0.02200007438659668,0.005085056181997061,0.10023349523544312,low_confidence
1003,Mesh.1189,bearings_bushings_guides,0.29778915643692017,plates_discs_shapes,0.2095208466053009,irregular,0.02499997615814209,0.0350000262260437,0.02200007438659668,0.005085056181997061,0.08826830983161926,low_confidence
1004,Mesh.1168,plates_discs_shapes,0.2624472975730896,bearings_bushings_guides,0.2536284923553467,irregular,0.02499997615814209,0.0350000262260437,0.02200007438659668,0.005085056181997061,0.00881880521774292,low_confidence
1006,Mesh.1268,screws_bolts_studs,0.3244873583316803,handles_controls,0.1320040374994278,irregular,0.08999007940292358,0.19500000774860382,0.08979320526123047,0.030028309673070908,0.1924833208322525,low_confidence
1009,Mesh.1264,rotating_fluid_machinery,0.3131665289402008,plates_discs_shapes,0.14584945142269135,irregular,0.09999990463256836,0.017000000923871994,0.09999990463256836,0.02512434683740139,0.16731707751750946,low_confidence
1011,Mesh.1263,handles_controls,0.3121969401836395,rotating_fluid_machinery,0.159688338637352,compact_block,0.08520174026489258,0.06999976933002472,0.07600009441375732,0.03264813497662544,0.15250860154628754,low_confidence
1012,Mesh.1265,pins_rivets_keys,0.30912545323371887,bearings_bushings_guides,0.18341924250125885,compact_block,0.03749990463256836,0.0373719185590744,0.05200004577636719,0.008473069407045841,0.12570621073246002,low_confidence
1014,Mesh.1315,joints_clamps_structural_connectors,0.14544163644313812,rotating_fluid_machinery,0.12391781806945801,long_slender,0.039999961853027344,0.3019999861717224,0.039999961853027344,0.1347711980342865,0.021523818373680115,low_confidence
1015,Mesh.1316,joints_clamps_structural_connectors,0.1895136535167694,springs,0.1359694004058838,flat_plate,0.4265000820159912,0.039999961853027344,0.039999961853027344,0.18977752327919006,0.05354425311088562,low_confidence
1021,Mesh.1322,pins_rivets_keys,0.20527507364749908,springs,0.17117908596992493,flat_plate,0.42649996280670166,0.04000002145767212,0.040000081062316895,0.1897774487733841,0.03409598767757416,low_confidence
1022,Mesh.1323,joints_clamps_structural_connectors,0.14934608340263367,rotating_fluid_machinery,0.1370476633310318,long_slender,0.040000200271606445,0.3019999861717224,0.039999961853027344,0.1347709447145462,0.012298420071601868,low_confidence
1026,Mesh.1327,pins_rivets_keys,0.35196951031684875,joints_clamps_structural_connectors,0.18987329304218292,flat_plate,0.039999961853027344,0.04000002145767212,0.5700000524520874,0.2531780004501343,0.16209621727466583,low_confidence
1027,Mesh.1328,pins_rivets_keys,0.3346223831176758,joints_clamps_structural_connectors,0.17771659791469574,flat_plate,0.039999961853027344,0.04000002145767212,0.5700000524520874,0.2531786561012268,0.15690578520298004,low_confidence
1030,Mesh.1331,joints_clamps_structural_connectors,0.355055034160614,pins_rivets_keys,0.13904154300689697,flat_plate,0.039999961853027344,0.03999999165534973,0.5700000524520874,0.2531784474849701,0.21601349115371704,low_confidence
1032,Mesh.1333,pins_rivets_keys,0.391484797000885,joints_clamps_structural_connectors,0.15740370750427246,flat_plate,0.039999961853027344,0.04000002145767212,0.5700000524520874,0.25317835807800293,0.23408108949661255,low_confidence
1033,Mesh.1334,rotating_fluid_machinery,0.1939639002084732,joints_clamps_structural_connectors,0.14386047422885895,long_slender,0.039999961853027344,0.3019999861717224,0.039999961853027344,0.13477133214473724,0.05010342597961426,low_confidence
1034,Mesh.1335,joints_clamps_structural_connectors,0.25053390860557556,pins_rivets_keys,0.23102815449237823,flat_plate,0.039999961853027344,0.04000002145767212,0.5700000524520874,0.2531784176826477,0.019505754113197327,low_confidence
1036,Mesh.1337,pins_rivets_keys,0.2969643473625183,joints_clamps_structural_connectors,0.2739774286746979,flat_plate,0.03999984264373779,0.04000002145767212,0.5700000524520874,0.25317811965942383,0.022986918687820435,low_confidence
1038,Mesh.1339,pins_rivets_keys,0.30267372727394104,springs,0.1395246535539627,flat_plate,0.040000200271606445,0.03999999165534973,0.5700000524520874,0.2531782388687134,0.16314907371997833,low_confidence
1039,Mesh.1340,joints_clamps_structural_connectors,0.2632175087928772,rotating_fluid_machinery,0.09495940804481506,long_slender,0.039999961853027344,0.32200002670288086,0.039999961853027344,0.14360763132572174,0.16825810074806213,low_confidence
1040,Mesh.1341,joints_clamps_structural_connectors,0.34248751401901245,handles_controls,0.13412003219127655,flat_plate,0.039999961853027344,0.04000002145767212,0.5699999332427979,0.25317808985710144,0.2083674818277359,low_confidence
1041,Mesh.1342,joints_clamps_structural_connectors,0.18247570097446442,pins_rivets_keys,0.11263979971408844,flat_plate,0.039999961853027344,0.03999999165534973,0.33500003814697266,0.1493512988090515,0.06983590126037598,low_confidence
1046,Mesh.1296,rotating_fluid_machinery,0.2571452558040619,plates_discs_shapes,0.20242778956890106,irregular,0.09999990463256836,0.017000000923871994,0.10000002384185791,0.025124365463852882,0.05471746623516083,low_confidence
1048,Mesh.1297,handles_controls,0.37196463346481323,rotating_fluid_machinery,0.16996553540229797,compact_block,0.08520174026489258,0.06999976933002472,0.07600009441375732,0.03264813497662544,0.20199909806251526,low_confidence
1053,Mesh.1307,rotating_fluid_machinery,0.3606349229812622,plates_discs_shapes,0.13964951038360596,irregular,0.09999990463256836,0.017000000923871994,0.09999990463256836,0.02512434311211109,0.22098541259765625,low_confidence
1054,Mesh.1308,bearings_bushings_guides,0.37734052538871765,washers_rings_spacers,0.3116779923439026,round_or_cubic,0.07500004768371582,0.07500000298023224,0.04799997806549072,0.022508863359689713,0.06566253304481506,low_confidence
1056,Mesh.1310,pins_rivets_keys,0.3771320879459381,bearings_bushings_guides,0.13897645473480225,compact_block,0.03749990463256836,0.0373719185590744,0.05200004577636719,0.008473096415400505,0.23815563321113586,low_confidence
1061,Mesh.1272,screws_bolts_studs,0.19202999770641327,motors_gearmotors,0.16602592170238495,compact_block,0.044766902923583984,0.06293648481369019,0.04955601692199707,0.009576557204127312,0.02600407600402832,low_confidence
1062,Mesh.1273,plates_discs_shapes,0.2658420205116272,washers_rings_spacers,0.24779200553894043,irregular,0.023798227310180664,0.004999995231628418,0.02379775047302246,0.0012531717075034976,0.018050014972686768,low_confidence
1064,Mesh.1270,joints_clamps_structural_connectors,0.33871763944625854,handles_controls,0.24805323779582977,round_or_cubic,0.06000018119812012,0.08000001311302185,0.029999971389770508,0.02185598760843277,0.09066440165042877,low_confidence
1067,Mesh.1345,screws_bolts_studs,0.24053339660167694,joints_clamps_structural_connectors,0.15882769227027893,compact_block,0.044766902923583984,0.06293648481369019,0.04955601692199707,0.009576551616191864,0.08170570433139801,low_confidence
1068,Mesh.1346,plates_discs_shapes,0.2747863233089447,washers_rings_spacers,0.24740171432495117,irregular,0.023798227310180664,0.004999995231628418,0.02379775047302246,0.0012531728716567159,0.02738460898399353,low_confidence
1075,Mesh.1283,plates_discs_shapes,0.23634546995162964,rotating_fluid_machinery,0.1880633682012558,irregular,0.09999990463256836,0.017000000923871994,0.09999990463256836,0.02512434311211109,0.04828210175037384,low_confidence
1076,Mesh.1285,bearings_bushings_guides,0.3876107335090637,washers_rings_spacers,0.2917101979255676,round_or_cubic,0.07500004768371582,0.07500000298023224,0.04799997806549072,0.022508863359689713,0.0959005355834961,low_confidence
1080,Mesh.1301,plates_discs_shapes,0.2868293523788452,joints_clamps_structural_connectors,0.12928412854671478,flat_plate,0.7399998903274536,0.30200005508959293,0.0700000524520874,0.5294189453125,0.15754522383213043,low_confidence
1081,Mesh.1288,screws_bolts_studs,0.2677833139896393,handles_controls,0.13557352125644684,compact_block,0.04354119300842285,0.06293648481369019,0.05091214179992676,0.009576559998095036,0.13220979273319244,low_confidence
1082,Mesh.1289,plates_discs_shapes,0.2904708981513977,washers_rings_spacers,0.24448160827159882,irregular,0.023774147033691406,0.004999995231628418,0.02379286289215088,0.0012531725224107504,0.04598928987979889,low_confidence
1084,Mesh.1290,joints_clamps_structural_connectors,0.38690781593322754,pins_rivets_keys,0.20092125236988068,long_slender,0.800000011920929,0.12000006437301636,0.2059999704360962,0.6491144299507141,0.18598656356334686,low_confidence
1086,Mesh.1302,screws_bolts_studs,0.3023127615451813,handles_controls,0.14907221496105194,compact_block,0.044766902923583984,0.06293648481369019,0.04955601692199707,0.009576557204127312,0.15324054658412933,low_confidence
1087,Mesh.1303,plates_discs_shapes,0.2686106562614441,washers_rings_spacers,0.26548126339912415,irregular,0.023798227310180664,0.004999995231628418,0.02379775047302246,0.0012531717075034976,0.0031293928623199463,low_confidence
1093,Mesh.1292,screws_bolts_studs,0.3143845200538635,pipe_fittings_valves_nozzles,0.12432292848825455,compact_block,0.044217824935913086,0.06293648481369019,0.051062703132629395,0.009576549753546715,0.19006159156560898,low_confidence
1094,Mesh.1293,plates_discs_shapes,0.3075316250324249,washers_rings_spacers,0.225434809923172,irregular,0.023787498474121094,0.004999995231628418,0.023789286613464355,0.0012531732209026814,0.08209681510925293,low_confidence
1096,Mesh.1275,plates_discs_shapes,0.3902059495449066,joints_clamps_structural_connectors,0.08689683675765991,flat_plate,0.29200005531311035,0.029999971389770508,0.5450000762939453,0.3608553409576416,0.3033091127872467,low_confidence
1105,Mesh.134,joints_clamps_structural_connectors,0.3051900267601013,handles_controls,0.15286090970039368,flat_plate,0.01998746395111084,0.0199773907661438,0.35050010681152344,0.020252268761396408,0.15232911705970764,low_confidence
1106,Mesh.135,pins_rivets_keys,0.2921557128429413,joints_clamps_structural_connectors,0.14505189657211304,flat_plate,0.6700000464916229,0.029999971389770508,0.017999887466430664,0.06277802586555481,0.14710381627082825,low_confidence
1126,Mesh.138,washers_rings_spacers,0.31457391381263733,pins_rivets_keys,0.16772283613681793,flat_plate,0.6700000166893005,0.029999971389770508,0.017999887466430664,0.06277802586555481,0.1468510776758194,low_confidence
1142,Mesh.148,plates_discs_shapes,0.3821135461330414,bearings_bushings_guides,0.16446541249752045,irregular,0.025000005960464478,0.04500001668930054,0.06400012969970703,0.010686800815165043,0.21764813363552094,low_confidence
1143,Mesh.146,pins_rivets_keys,0.23322738707065582,handles_controls,0.15536294877529144,long_slender,0.00550001859664917,0.03049999475479126,0.004399895668029785,0.0005654068663716316,0.07786443829536438,low_confidence
1144,Mesh.142,gears_pulleys_chains,0.14501312375068665,pipe_fittings_valves_nozzles,0.13622722029685974,round_or_cubic,0.02499997615814209,0.06599998474121094,0.06200003623962402,0.011174505576491356,0.008785903453826904,low_confidence
1147,Mesh.143,plates_discs_shapes,0.13955043256282806,pipe_fittings_valves_nozzles,0.113453708589077,round_or_cubic,0.030000001192092896,0.05299997329711914,0.06400001049041748,0.027402421459555626,0.026096723973751068,low_confidence
1148,Mesh.144,handles_controls,0.36714422702789307,screws_bolts_studs,0.08823233842849731,long_slender,0.005499988794326782,0.030500054359436035,0.004400014877319336,0.0005654074484482408,0.27891188859939575,low_confidence
1151,Mesh.078,handles_controls,0.11726999282836914,rotating_fluid_machinery,0.11477739363908768,flat_plate,0.04619377851486206,0.011200010776519775,0.3331937789916992,0.004647767171263695,0.0024925991892814636,low_confidence
1153,Mesh.122,handles_controls,0.19038107991218567,plates_discs_shapes,0.1806015968322754,round_or_cubic,0.06400001049041748,0.029999971389770508,0.05299997329711914,0.02740241028368473,0.009779483079910278,low_confidence
1157,Mesh.118,handles_controls,0.37666910886764526,pins_rivets_keys,0.2155648171901703,flat_plate,0.0043999552726745605,0.005800008773803711,0.04050004482269287,0.0006459910655394197,0.16110429167747498,low_confidence
1163,Mesh.112,plates_discs_shapes,0.32806313037872314,pins_rivets_keys,0.10786725580692291,flat_plate,0.2900000810623169,0.003000020980834961,0.015000104904174805,0.010568918660283089,0.22019587457180023,low_confidence
1170,Mesh.101,bearings_bushings_guides,0.21198125183582306,pins_rivets_keys,0.15524032711982727,irregular,0.004982948303222656,0.009999990463256836,0.004999995231628418,0.0001628698082640767,0.05674092471599579,low_confidence
1171,Mesh.102,screws_bolts_studs,0.19810564815998077,bearings_bushings_guides,0.1817919760942459,irregular,0.004982948303222656,0.009999990463256836,0.005000114440917969,0.00016286966274492443,0.016313672065734863,low_confidence
1172,Mesh.103,screws_bolts_studs,0.30281731486320496,bearings_bushings_guides,0.14000040292739868,irregular,0.004982948303222656,0.009999990463256836,0.004999995231628418,0.0001628703175811097,0.16281691193580627,low_confidence
1173,Mesh.104,bearings_bushings_guides,0.24868960678577423,screws_bolts_studs,0.1961541622877121,irregular,0.004982948303222656,0.009999990463256836,0.004999995231628418,0.00016286969184875488,0.052535444498062134,low_confidence
1174,Mesh.105,bearings_bushings_guides,0.21223962306976318,screws_bolts_studs,0.1540694385766983,irregular,0.004982948303222656,0.009999990463256836,0.005000114440917969,0.00016286953177768737,0.05817018449306488,low_confidence
1175,Mesh.106,screws_bolts_studs,0.22217825055122375,bearings_bushings_guides,0.19838283956050873,irregular,0.004982948303222656,0.009999990463256836,0.004999995231628418,0.00016287018661387265,0.023795410990715027,low_confidence
1176,Mesh.139,springs,0.12541554868221283,pins_rivets_keys,0.11712869256734848,flat_plate,0.04619377851486206,0.011200010776519775,0.33319365978240967,0.0046477713622152805,0.00828685611486435,low_confidence
1177,Mesh.149,rotating_fluid_machinery,0.12726035714149475,handles_controls,0.11099846661090851,flat_plate,0.04619377851486206,0.011200010776519775,0.33319365978240967,0.0046477713622152805,0.016261890530586243,low_confidence
1179,Mesh.091,rotating_fluid_machinery,0.151847243309021,handles_controls,0.10767581313848495,flat_plate,0.04619377851486206,0.011200010776519775,0.33319365978240967,0.0046477667056024075,0.04417143017053604,low_confidence
1188,Mesh.159,joints_clamps_structural_connectors,0.3603971302509308,springs,0.1407206654548645,irregular,0.1649453043937683,0.13031727075576782,0.027361273765563965,0.04440809413790703,0.21967646479606628,low_confidence
1196,Mesh.086,bearings_bushings_guides,0.2946911156177521,plates_discs_shapes,0.1314084827899933,irregular,0.12000000476837158,0.04000002145767212,0.039999961853027344,0.023324495181441307,0.1632826328277588,low_confidence
1199,Mesh.180,pipe_fittings_valves_nozzles,0.13840831816196442,joints_clamps_structural_connectors,0.1300225853919983,round_or_cubic,0.02500009536743164,0.06599998474121094,0.06200003623962402,0.011174534447491169,0.008385732769966125,low_confidence
1200,Mesh.182,pins_rivets_keys,0.24575203657150269,handles_controls,0.1509605199098587,long_slender,0.005499839782714844,0.030500054359436035,0.004400014877319336,0.0005654058768413961,0.09479151666164398,low_confidence
1201,Mesh.181,pins_rivets_keys,0.20420235395431519,springs,0.14536789059638977,long_slender,0.005500078201293945,0.03049999475479126,0.004399895668029785,0.0005654130363836884,0.058834463357925415,low_confidence
1208,Mesh.168,screws_bolts_studs,0.39096763730049133,pins_rivets_keys,0.29468587040901184,long_slender,0.004999876022338867,0.02499997615814209,0.004999995231628418,0.0003570334520190954,0.09628176689147949,low_confidence
1210,Mesh.170,bearings_bushings_guides,0.23364005982875824,screws_bolts_studs,0.15548591315746307,irregular,0.004982948303222656,0.009999990463256836,0.004999995231628418,0.00016287069593090564,0.07815414667129517,low_confidence
1211,Mesh.171,screws_bolts_studs,0.26633119583129883,bearings_bushings_guides,0.16067272424697876,irregular,0.004982948303222656,0.009999990463256836,0.005000114440917969,0.00016287056496366858,0.10565847158432007,low_confidence
1212,Mesh.172,screws_bolts_studs,0.22206474840641022,bearings_bushings_guides,0.18275469541549683,irregular,0.004982948303222656,0.009999990463256836,0.004999995231628418,0.00016287120524793863,0.03931005299091339,low_confidence
1213,Mesh.173,bearings_bushings_guides,0.19852234423160553,screws_bolts_studs,0.16123999655246735,irregular,0.004982948303222656,0.009999990463256836,0.004999995231628418,0.00016287130711134523,0.037282347679138184,low_confidence
1214,Mesh.174,screws_bolts_studs,0.23233254253864288,bearings_bushings_guides,0.19355320930480957,irregular,0.004982948303222656,0.009999990463256836,0.005000114440917969,0.00016287116159219295,0.03877933323383331,low_confidence
1215,Mesh.175,bearings_bushings_guides,0.17715972661972046,pins_rivets_keys,0.1703728437423706,irregular,0.004982948303222656,0.009999990463256836,0.004999995231628418,0.00016287181642837822,0.0067868828773498535,low_confidence
1216,Mesh.176,motors_gearmotors,0.29285070300102234,bearings_bushings_guides,0.18272517621517181,long_slender,0.06200003623962402,0.05533719062805176,0.2120000123977661,0.05858628824353218,0.11012552678585052,low_confidence
1218,Mesh.163,plates_discs_shapes,0.3794669210910797,pins_rivets_keys,0.1167525202035904,flat_plate,0.28999996185302734,0.003000020980834961,0.015000104904174805,0.01056891679763794,0.2627144008874893,low_confidence
1219,Mesh.205,handles_controls,0.15614160895347595,rotating_fluid_machinery,0.11401274055242538,flat_plate,0.046193838119506836,0.011200010776519775,0.33319365978240967,0.00464775413274765,0.04212886840105057,low_confidence
1222,Mesh.200,rotating_fluid_machinery,0.13300563395023346,handles_controls,0.1269148588180542,flat_plate,0.046193838119506836,0.011200010776519775,0.33319365978240967,0.0046477545984089375,0.00609077513217926,low_confidence
1224,Mesh.203,springs,0.12705793976783752,rotating_fluid_machinery,0.11773911863565445,flat_plate,0.046193838119506836,0.011200010776519775,0.3331937789916992,0.004647755995392799,0.009318821132183075,low_confidence
1225,Mesh.187,springs,0.12739315629005432,rotating_fluid_machinery,0.10581911355257034,flat_plate,0.046193838119506836,0.011200010776519775,0.33319365978240967,0.00464775413274765,0.02157404273748398,low_confidence
1227,Mesh.194,handles_controls,0.2988084852695465,pipe_fittings_valves_nozzles,0.11862588673830032,round_or_cubic,0.06399989128112793,0.029999971389770508,0.05299997329711914,0.027402415871620178,0.18018259853124619,low_confidence
1228,Mesh.197,pins_rivets_keys,0.3553374111652374,handles_controls,0.29501691460609436,flat_plate,0.004400014877319336,0.005800008773803711,0.04050004482269287,0.0006459919968619943,0.060320496559143066,low_confidence
1231,Mesh.198,gears_pulleys_chains,0.3687138259410858,plates_discs_shapes,0.07534896582365036,round_or_cubic,0.06200003623962402,0.02499997615814209,0.06600010395050049,0.011174509301781654,0.29336486011743546,low_confidence
1235,Mesh.192,pins_rivets_keys,0.39487576484680176,plates_discs_shapes,0.10322348028421402,irregular,0.010000228881835938,0.041999995708465576,0.04999995231628418,0.00498657813295722,0.29165228456258774,low_confidence
1240,Mesh.052,joints_clamps_structural_connectors,0.37661078572273254,bearings_bushings_guides,0.11219906806945801,long_slender,0.12000000476837158,0.03999999165534973,0.039999961853027344,0.02268282324075699,0.26441171765327454,low_confidence
1241,Mesh.020,joints_clamps_structural_connectors,0.2895362675189972,bearings_bushings_guides,0.14319093525409698,long_slender,0.12000001221895218,0.03999999165534973,0.039999961853027344,0.02332448773086071,0.1463453322649002,low_confidence
1244,Mesh.042,joints_clamps_structural_connectors,0.3574222922325134,pins_rivets_keys,0.2604285478591919,long_slender,0.12000000476837158,0.03999999165534973,0.039999961853027344,0.02268282324075699,0.09699374437332153,low_confidence
1245,Mesh.017,joints_clamps_structural_connectors,0.3590834438800812,bearings_bushings_guides,0.1816195547580719,long_slender,0.12000001221895218,0.03999999165534973,0.039999961853027344,0.02332448773086071,0.17746388912200928,low_confidence
1246,Mesh.061,pipe_fittings_valves_nozzles,0.3657582104206085,handles_controls,0.07726839184761047,long_slender,0.015999987721443176,0.015945345163345337,0.054000020027160645,0.0030058284755796194,0.28848981857299805,low_confidence
1254,Mesh.047,bearings_bushings_guides,0.3965262770652771,screws_bolts_studs,0.3110851049423218,flat_plate,0.8639248907566071,0.04400002956390381,0.015000104904174805,0.0602400079369545,0.08544117212295532,low_confidence
1257,Mesh.022,plates_discs_shapes,0.369855672121048,handles_controls,0.1275070309638977,flat_plate,0.042999982833862305,0.08400002121925354,0.010000109672546387,0.010520899668335915,0.24234864115715027,low_confidence
1258,Mesh.036,bearings_bushings_guides,0.35327792167663574,pipe_fittings_valves_nozzles,0.34916210174560547,round_or_cubic,0.11000007390975952,0.11000004410743713,0.040000081062316895,0.035340797156095505,0.0041158199310302734,low_confidence
1259,Mesh.065,pins_rivets_keys,0.2907407581806183,washers_rings_spacers,0.18185210227966309,flat_plate,0.6700000762939453,0.030000001192092896,0.017999887466430664,0.06277809292078018,0.1088886559009552,low_confidence
1272,Mesh.023,joints_clamps_structural_connectors,0.3512006998062134,handles_controls,0.153728187084198,flat_plate,0.019987523555755615,0.019977420568466187,0.35050010681152344,0.020252274349331856,0.19747251272201538,low_confidence
1277,Mesh.018,plates_discs_shapes,0.3076018989086151,bearings_bushings_guides,0.16658824682235718,flat_plate,0.8799999058246613,0.009999990463256836,0.03799998760223389,0.08511239290237427,0.14101365208625793,low_confidence
1289,Mesh.032,bearings_bushings_guides,0.24672481417655945,plates_discs_shapes,0.23336634039878845,flat_plate,0.879999965429306,0.010000079870223999,0.03799998760223389,0.08511245250701904,0.013358473777770996,low_confidence
1296,Mesh.033,bearings_bushings_guides,0.36029818654060364,washers_rings_spacers,0.2839081585407257,irregular,0.020992577075958252,0.021000027656555176,0.004999995231628418,0.0010047561954706907,0.07639002799987793,low_confidence
1317,Mesh.212,bearings_bushings_guides,0.29511308670043945,pipe_fittings_valves_nozzles,0.12374437600374222,irregular,0.09000015258789062,0.014200001955032349,0.08999991416931152,0.018722491338849068,0.17136871069669724,low_confidence
1319,Mesh.215,handles_controls,0.32576850056648254,joints_clamps_structural_connectors,0.09508218616247177,compact_block,0.0693216323852539,0.06730000674724579,0.07243120670318604,0.020789992064237595,0.23068631440401077,low_confidence
1320,Mesh.216,motors_gearmotors,0.2999572157859802,screws_bolts_studs,0.14856211841106415,round_or_cubic,0.039569854736328125,0.014948770403862,0.034449100494384766,0.0022480811458081007,0.15139509737491608,low_confidence
1326,Mesh.245,bearings_bushings_guides,0.19716565310955048,plates_discs_shapes,0.11947029083967209,irregular,0.09000015258789062,0.014200001955032349,0.08999991416931152,0.018722495064139366,0.07769536226987839,low_confidence
1328,Mesh.244,handles_controls,0.24130888283252716,pipe_fittings_valves_nozzles,0.13629050552845,compact_block,0.07243108749389648,0.06729999929666519,0.06932151317596436,0.020789988338947296,0.10501837730407715,low_confidence
1329,Mesh.249,motors_gearmotors,0.3424687385559082,handles_controls,0.11326555162668228,round_or_cubic,0.034449100494384766,0.014948770403862,0.03956961631774902,0.0022480750922113657,0.22920318692922592,low_confidence
1335,Mesh.221,bearings_bushings_guides,0.17705035209655762,pipe_fittings_valves_nozzles,0.1447867900133133,irregular,0.09000015258789062,0.014200001955032349,0.0899999737739563,0.018722498789429665,0.032263562083244324,low_confidence
1337,Mesh.219,handles_controls,0.16766294836997986,pipe_fittings_valves_nozzles,0.16570962965488434,compact_block,0.0693216323852539,0.06730000674724579,0.07243122160434723,0.020789988338947296,0.00195331871509552,low_confidence
1338,Mesh.223,motors_gearmotors,0.36717674136161804,screws_bolts_studs,0.14435125887393951,round_or_cubic,0.039569854736328125,0.014948770403862,0.03444899618625641,0.0022480797488242388,0.22282548248767853,low_confidence
1344,Mesh.235,pipe_fittings_valves_nozzles,0.18459336459636688,rotating_fluid_machinery,0.15605159103870392,irregular,0.09000015258789062,0.014200001955032349,0.08999998867511749,0.018722500652074814,0.028541773557662964,low_confidence
1346,Mesh.236,handles_controls,0.19124199450016022,joints_clamps_structural_connectors,0.1897537261247635,compact_block,0.07243108749389648,0.06729999929666519,0.06932143867015839,0.020789997652173042,0.0014882683753967285,low_confidence
1347,Mesh.240,motors_gearmotors,0.2910611033439636,handles_controls,0.14394505321979523,round_or_cubic,0.034449100494384766,0.014948770403862,0.03956964612007141,0.0022480753250420094,0.1471160501241684,low_confidence
1355,Mesh.902,handles_controls,0.2712256610393524,pipe_fittings_valves_nozzles,0.18750596046447754,compact_block,0.6000001430511475,0.5979999899864197,0.5100000649690628,2.8341901302337646,0.08371970057487488,low_confidence
1359,Mesh.939,bearings_bushings_guides,0.34768763184547424,pipe_fittings_valves_nozzles,0.18560464680194855,irregular,0.08999991416931152,0.014200001955032349,0.08999991416931152,0.01872246339917183,0.1620829850435257,low_confidence
1361,Mesh.937,handles_controls,0.260489284992218,joints_clamps_structural_connectors,0.12869992852210999,compact_block,0.0693213939666748,0.06730000674724579,0.07243120670318604,0.020790021866559982,0.13178935647010803,low_confidence
1362,Mesh.935,motors_gearmotors,0.26547402143478394,screws_bolts_studs,0.13598866760730743,round_or_cubic,0.03956961631774902,0.014948770403862,0.034449100494384766,0.0022480785846710205,0.1294853538274765,low_confidence
1368,Mesh.921,bearings_bushings_guides,0.21847954392433167,pipe_fittings_valves_nozzles,0.13277360796928406,irregular,0.08999991416931152,0.014200001955032349,0.08999991416931152,0.01872246339917183,0.08570593595504761,low_confidence
1370,Mesh.917,joints_clamps_structural_connectors,0.20543231070041656,handles_controls,0.1331561952829361,compact_block,0.07243120670318604,0.06729999929666519,0.06932151317596436,0.020789992064237595,0.07227611541748047,low_confidence
1371,Mesh.920,motors_gearmotors,0.3233063220977783,screws_bolts_studs,0.10630321502685547,round_or_cubic,0.034449100494384766,0.014948770403862,0.03956961631774902,0.0022480774205178022,0.21700310707092285,low_confidence
1377,Mesh.914,pipe_fittings_valves_nozzles,0.23077282309532166,bearings_bushings_guides,0.17267215251922607,irregular,0.08999991416931152,0.014200001955032349,0.08999998867511749,0.018722474575042725,0.05810067057609558,low_confidence
1379,Mesh.913,handles_controls,0.26736074686050415,joints_clamps_structural_connectors,0.12828108668327332,compact_block,0.0693213939666748,0.06730000674724579,0.07243122160434723,0.020790018141269684,0.13907966017723083,low_confidence
1380,Mesh.909,motors_gearmotors,0.3101145327091217,screws_bolts_studs,0.15631654858589172,round_or_cubic,0.03956961631774902,0.014948770403862,0.03444899618625641,0.002248076954856515,0.15379798412322998,low_confidence
1386,Mesh.931,bearings_bushings_guides,0.2444412261247635,pipe_fittings_valves_nozzles,0.1704809069633484,irregular,0.08999991416931152,0.014200001955032349,0.0899999737739563,0.018722467124462128,0.0739603191614151,low_confidence
1388,Mesh.928,handles_controls,0.23439817130565643,joints_clamps_structural_connectors,0.17487168312072754,compact_block,0.07243120670318604,0.06729999929666519,0.06932142376899719,0.02078999951481819,0.059526488184928894,low_confidence
1389,Mesh.932,motors_gearmotors,0.3845534026622772,handles_controls,0.1164831593632698,round_or_cubic,0.034449100494384766,0.014948770403862,0.03956964612007141,0.002248079050332308,0.2680702432990074,low_confidence
1397,Mesh.1464,joints_clamps_structural_connectors,0.16138513386249542,handles_controls,0.15764664113521576,compact_block,0.6000000759959221,0.5979999899864197,0.5100000649690628,2.8341901302337646,0.003738492727279663,low_confidence
1401,Mesh.1438,rotating_fluid_machinery,0.23922564089298248,plates_discs_shapes,0.11256163567304611,irregular,0.09000000357627869,0.014200001955032349,0.08999991416931152,0.018722470849752426,0.12666400521993637,low_confidence
1403,Mesh.1440,pipe_fittings_valves_nozzles,0.1983044296503067,rotating_fluid_machinery,0.11276998370885849,compact_block,0.06932145357131958,0.06730000674724579,0.07243120670318604,0.02079000324010849,0.08553444594144821,low_confidence
1404,Mesh.1437,motors_gearmotors,0.2432708591222763,screws_bolts_studs,0.16785185039043427,round_or_cubic,0.03956961631774902,0.014948770403862,0.034449100494384766,0.0022480799816548824,0.07541900873184204,low_confidence
1410,Mesh.1459,bearings_bushings_guides,0.22386133670806885,pipe_fittings_valves_nozzles,0.12532980740070343,irregular,0.0899999737739563,0.014200001955032349,0.08999991416931152,0.018722468987107277,0.09853152930736542,low_confidence
1412,Mesh.1460,joints_clamps_structural_connectors,0.2733162045478821,handles_controls,0.10193152725696564,compact_block,0.07243123650550842,0.06729999929666519,0.06932151317596436,0.020789993926882744,0.17138467729091644,low_confidence
1413,Mesh.1457,motors_gearmotors,0.2727394700050354,handles_controls,0.11868652701377869,round_or_cubic,0.034448981285095215,0.014948770403862,0.03956961631774902,0.002248076954856515,0.1540529429912567,low_confidence
1419,Mesh.1450,bearings_bushings_guides,0.2601976692676544,pipe_fittings_valves_nozzles,0.12643924355506897,irregular,0.0899999737739563,0.014200001955032349,0.0899999737739563,0.018722476437687874,0.13375842571258545,low_confidence
1421,Mesh.1449,joints_clamps_structural_connectors,0.2224556803703308,handles_controls,0.14251045882701874,compact_block,0.06932145357131958,0.06730000674724579,0.07243122160434723,0.02079000510275364,0.07994522154331207,low_confidence
1422,Mesh.1446,motors_gearmotors,0.3397981524467468,screws_bolts_studs,0.1198057010769844,round_or_cubic,0.0395696759223938,0.014948770403862,0.03444899618625641,0.0022480774205178022,0.21999245136976242,low_confidence
1428,Mesh.1472,bearings_bushings_guides,0.3738086521625519,pipe_fittings_valves_nozzles,0.143554225564003,irregular,0.09000000357627869,0.014200001955032349,0.0899999737739563,0.018722474575042725,0.2302544265985489,low_confidence
1430,Mesh.1471,joints_clamps_structural_connectors,0.25678399205207825,handles_controls,0.1925102174282074,compact_block,0.07243123650550842,0.06729999929666519,0.06932142376899719,0.02078999951481819,0.06427377462387085,low_confidence
1431,Mesh.1475,motors_gearmotors,0.2984381318092346,handles_controls,0.13346979022026062,round_or_cubic,0.034448981285095215,0.014948770403862,0.03956964612007141,0.0022480771876871586,0.164968341588974,low_confidence
1440,Mesh.1070,screws_bolts_studs,0.38583624362945557,pins_rivets_keys,0.22913123667240143,flat_plate,0.03946627676486969,0.41850000619888306,0.039466261863708496,0.024827834218740463,0.15670500695705414,low_confidence
1441,Mesh.1061,springs,0.16626527905464172,screws_bolts_studs,0.13730137050151825,long_slender,0.053000129759311676,0.4294999875128269,0.05299997329711914,0.14228378236293793,0.028963908553123474,low_confidence
1448,Mesh.1066,gears_pulleys_chains,0.31109994649887085,bearings_bushings_guides,0.2702883183956146,compact_block,0.020999997854232788,0.019999980926513672,0.02499997615814209,0.003195274155586958,0.040811628103256226,low_confidence
1450,Mesh.1055,washers_rings_spacers,0.2336156666278839,joints_clamps_structural_connectors,0.20982113480567932,flat_plate,0.49000002443790436,0.009999990463256836,0.5500000715255737,0.4908435344696045,0.02379453182220459,low_confidence
1459,Mesh.1119,bearings_bushings_guides,0.21169909834861755,plates_discs_shapes,0.15473119914531708,round_or_cubic,0.07499999180436134,0.06000000238418579,0.039999961853027344,0.02075762301683426,0.056967899203300476,low_confidence
1471,Mesh.1116,joints_clamps_structural_connectors,0.28000542521476746,motors_gearmotors,0.08897225558757782,flat_plate,0.33999997936189175,0.06000000238418579,0.03000009059906006,0.17834699153900146,0.19103316962718964,low_confidence
1480,Mesh.1131,joints_clamps_structural_connectors,0.34050944447517395,springs,0.07724981009960175,flat_plate,0.33999997936189175,0.06000000238418579,0.03000009059906006,0.17834699153900146,0.2632596343755722,low_confidence
1483,Mesh.1079,springs,0.13114389777183533,handles_controls,0.11824747174978256,flat_plate,0.014979701489210129,0.014993011951446533,0.346000075340271,0.015898602083325386,0.012896426022052765,low_confidence
1493,Mesh.1118,joints_clamps_structural_connectors,0.3038254380226135,pins_rivets_keys,0.11090131849050522,irregular,0.17920130491256714,0.15503549575805664,0.034999966621398926,0.05526747554540634,0.1929241195321083,low_confidence
1494,Mesh.1105,pins_rivets_keys,0.33352693915367126,joints_clamps_structural_connectors,0.1778281033039093,flat_plate,0.01999186365674177,0.4300000071525574,0.01997983455657959,0.028053727000951767,0.15569883584976196,low_confidence
1500,Mesh.1082,motors_gearmotors,0.3079656958580017,handles_controls,0.18157488107681274,compact_block,0.09000003337860107,0.10100001096725464,0.11800003051757812,0.05046936124563217,0.12639081478118896,low_confidence
1501,Mesh.1083,screws_bolts_studs,0.39372551441192627,pins_rivets_keys,0.27152982354164124,round_or_cubic,0.026639997959136963,0.02654898166656494,0.012799978256225586,0.0015276861377060413,0.12219569087028503,low_confidence
1507,Mesh.1089,plates_discs_shapes,0.33607614040374756,joints_clamps_structural_connectors,0.10411152243614197,compact_block,0.02000001072883606,0.020000040531158447,0.02500009536743164,0.0029201507568359375,0.2319646179676056,low_confidence
1509,Mesh.1139,plates_discs_shapes,0.2851378917694092,pipe_fittings_valves_nozzles,0.2510197162628174,irregular,0.039999961853027344,0.014999985694885254,0.06200003623962402,0.00913853570818901,0.0341181755065918,low_confidence
1512,Mesh.1088,pipe_fittings_valves_nozzles,0.2732006907463074,plates_discs_shapes,0.2154873013496399,flat_plate,0.09199998155236244,0.1899999976158142,0.009999990463256836,0.04074076563119888,0.05771338939666748,low_confidence
1513,Mesh.1100,pins_rivets_keys,0.33001869916915894,plates_discs_shapes,0.2948174476623535,flat_plate,0.4469999074935913,0.008000016212463379,0.056999921798706055,0.05918464437127113,0.03520125150680542,low_confidence
1517,Mesh.1092,joints_clamps_structural_connectors,0.3378743529319763,pins_rivets_keys,0.16636396944522858,flat_plate,0.019997000694274902,0.4300000071525574,0.019956469535827637,0.028053725138306618,0.17151038348674774,low_confidence
1519,Mesh.1135,joints_clamps_structural_connectors,0.39171934127807617,pins_rivets_keys,0.15535937249660492,flat_plate,0.019972167792730033,0.4300000071525574,0.01999974250793457,0.02805374562740326,0.23635996878147125,low_confidence
1530,Mesh.988,bearings_bushings_guides,0.18485772609710693,rotating_fluid_machinery,0.12817232310771942,irregular,0.09000000357627869,0.01419999822974205,0.08999991416931152,0.018722472712397575,0.05668540298938751,low_confidence
1533,Mesh.986,motors_gearmotors,0.33118194341659546,screws_bolts_studs,0.1201806515455246,round_or_cubic,0.0395696721971035,0.014948770403862,0.034449100494384766,0.002248080214485526,0.21100129187107086,low_confidence
1547,Mesh.953,plates_discs_shapes,0.21357139945030212,bearings_bushings_guides,0.153529554605484,irregular,0.06000000238418579,0.09399999678134918,0.01700007915496826,0.01578565314412117,0.060041844844818115,low_confidence
1549,Mesh.1035,pins_rivets_keys,0.2648855149745941,plates_discs_shapes,0.22132013738155365,flat_plate,0.40800000727176666,0.030000156722962856,0.4679999351501465,0.4028562307357788,0.043565377593040466,low_confidence
1553,Mesh.1013,rotating_fluid_machinery,0.19329120218753815,bearings_bushings_guides,0.1325877606868744,irregular,0.09000001847743988,0.01419999822974205,0.08999991416931152,0.018722474575042725,0.06070344150066376,low_confidence
1555,Mesh.1011,motors_gearmotors,0.31541505455970764,screws_bolts_studs,0.12868982553482056,round_or_cubic,0.0395696759223938,0.014948770403862,0.034449100494384766,0.0022480797488242388,0.18672522902488708,low_confidence
1559,Mesh.1016,joints_clamps_structural_connectors,0.3250376880168915,pins_rivets_keys,0.09942174702882767,flat_plate,0.040000006556510925,0.03999999165534973,0.4700000286102295,0.19968508183956146,0.2256159409880638,low_confidence
1560,Mesh.1017,springs,0.19725827872753143,joints_clamps_structural_connectors,0.1613122671842575,flat_plate,0.4100000262260437,0.04000000283122063,0.039999961853027344,0.1743743121623993,0.035946011543273926,low_confidence
1561,Mesh.1018,pins_rivets_keys,0.21820716559886932,joints_clamps_structural_connectors,0.13601820170879364,flat_plate,0.4100000262260437,0.04000000283122063,0.039999961853027344,0.1743745058774948,0.08218896389007568,low_confidence
1562,Mesh.1019,joints_clamps_structural_connectors,0.23604293167591095,pins_rivets_keys,0.17404715716838837,flat_plate,0.04000002145767212,0.03999999165534973,0.4700000286102295,0.1996850073337555,0.06199577450752258,low_confidence
1563,Mesh.1020,joints_clamps_structural_connectors,0.21123670041561127,springs,0.19766487181186676,flat_plate,0.4100000262260437,0.03999999165534973,0.039999961853027344,0.17437422275543213,0.013571828603744507,low_confidence
1564,Mesh.1021,springs,0.22125735878944397,joints_clamps_structural_connectors,0.1439749002456665,flat_plate,0.4100000262260437,0.04000000283122063,0.040000081062316895,0.1743745356798172,0.07728245854377747,low_confidence
1565,Mesh.1022,joints_clamps_structural_connectors,0.28662046790122986,pins_rivets_keys,0.15629005432128906,flat_plate,0.04000002145767212,0.04000000283122063,0.4700000286102295,0.19968506693840027,0.1303304135799408,low_confidence
1566,Mesh.1023,springs,0.36136719584465027,pins_rivets_keys,0.1874748319387436,flat_plate,0.4100000262260437,0.03999999165534973,0.039999961853027344,0.17437420785427094,0.17389236390590668,low_confidence
1567,Mesh.1024,springs,0.21067065000534058,joints_clamps_structural_connectors,0.17774930596351624,flat_plate,0.4100000262260437,0.039999961853027344,0.040000081062316895,0.17437449097633362,0.03292134404182434,low_confidence
1568,Mesh.1025,handles_controls,0.14780156314373016,rotating_fluid_machinery,0.1358954906463623,long_slender,0.04000002145767212,0.29600000381469727,0.039999961853027344,0.12628452479839325,0.011906072497367859,low_confidence
1571,Mesh.1028,pins_rivets_keys,0.3934171795845032,joints_clamps_structural_connectors,0.15872223675251007,flat_plate,0.039999961853027344,0.039999961853027344,0.4700000286102295,0.1996852159500122,0.2346949428319931,low_confidence
1572,Mesh.1029,joints_clamps_structural_connectors,0.28282079100608826,bearings_bushings_guides,0.1413803994655609,flat_plate,0.03999999165534973,0.04000000283122063,0.4700000286102295,0.19968514144420624,0.14144039154052734,low_confidence
1573,Mesh.1030,pins_rivets_keys,0.16890577971935272,springs,0.148477703332901,flat_plate,0.4100000262260437,0.039999961853027344,0.040000081062316895,0.1743745505809784,0.02042807638645172,low_confidence
1574,Mesh.1031,joints_clamps_structural_connectors,0.18528586626052856,rotating_fluid_machinery,0.10849928855895996,long_slender,0.03999999165534973,0.29600000381469727,0.039999961853027344,0.12628456950187683,0.0767865777015686,low_confidence
1577,Mesh.1034,pins_rivets_keys,0.29243507981300354,joints_clamps_structural_connectors,0.25432026386260986,flat_plate,0.03999999165534973,0.03999999165534973,0.4700000286102295,0.19968509674072266,0.03811481595039368,low_confidence
1580,Mesh.997,bearings_bushings_guides,0.283523291349411,pipe_fittings_valves_nozzles,0.2014411985874176,irregular,0.09000001940876245,0.01419999822974205,0.08999991416931152,0.018722474575042725,0.08208209276199341,low_confidence
1582,Mesh.1001,bearings_bushings_guides,0.21333430707454681,joints_clamps_structural_connectors,0.197301983833313,compact_block,0.07243125606328249,0.06730000302195549,0.0693213939666748,0.020790021866559982,0.016032323241233826,low_confidence
1585,Mesh.1002,motors_gearmotors,0.37445908784866333,handles_controls,0.10479908436536789,round_or_cubic,0.034449003636837006,0.014948770403862,0.03956961631774902,0.0022480774205178022,0.26966000348329544,low_confidence
1591,Mesh.1042,motors_gearmotors,0.2733985185623169,handles_controls,0.1384163796901703,round_or_cubic,0.034448981285095215,0.014948770403862,0.03956961631774902,0.0022480792831629515,0.1349821388721466,low_confidence
1592,Mesh.1044,bearings_bushings_guides,0.27628105878829956,pipe_fittings_valves_nozzles,0.17690590023994446,irregular,0.09000003337860107,0.01419999822974205,0.08999991416931152,0.018722474575042725,0.0993751585483551,low_confidence
1594,Mesh.1041,handles_controls,0.2545959949493408,joints_clamps_structural_connectors,0.12002797424793243,compact_block,0.07243123650550842,0.06730000674724579,0.0693213939666748,0.020790014415979385,0.1345680207014084,low_confidence
1610,Mesh.979,washers_rings_spacers,0.33007171750068665,joints_clamps_structural_connectors,0.15023498237133026,flat_plate,0.4650001488626003,0.001999974250793457,0.5150002241134644,0.1879599243402481,0.17983673512935638,low_confidence
1613,Mesh.975,handles_controls,0.3012218475341797,pipe_fittings_valves_nozzles,0.21823695302009583,irregular,0.028986364603042603,0.050300002098083496,0.028969883918762207,0.005757713690400124,0.08298489451408386,low_confidence
1614,Mesh.976,pins_rivets_keys,0.306682288646698,screws_bolts_studs,0.1370229423046112,round_or_cubic,0.019079774618148804,0.0102500319480896,0.01919996738433838,0.0006154943257570267,0.1696593463420868,low_confidence
1622,Mesh.980,handles_controls,0.31792134046554565,joints_clamps_structural_connectors,0.13214163482189178,irregular,0.08000001311302185,0.05169999599456787,0.2200000286102295,0.10132083296775818,0.18577970564365387,low_confidence
1625,Mesh.956,joints_clamps_structural_connectors,0.28364241123199463,plates_discs_shapes,0.2532641589641571,irregular,0.030000001192092896,0.07500004768371582,0.039999961853027344,0.00797787494957447,0.030378252267837524,low_confidence
1633,Mesh.1006,joints_clamps_structural_connectors,0.18195630609989166,screws_bolts_studs,0.13338233530521393,compact_block,0.024997353553771973,0.022000014781951904,0.02496516704559326,0.0025498424656689167,0.048573970794677734,low_confidence
1639,Mesh.895,springs,0.13535365462303162,pins_rivets_keys,0.11047244071960449,flat_plate,0.046193838119506836,0.011200010776519775,0.3331937789916992,0.004647782072424889,0.024881213903427124,low_confidence
1640,Mesh.836,rotating_fluid_machinery,0.15444833040237427,springs,0.11888311803340912,flat_plate,0.33319389820098877,0.011200010776519775,0.046193838119506836,0.004647759720683098,0.03556521236896515,low_confidence
1642,Mesh.778,bearings_bushings_guides,0.34805119037628174,plates_discs_shapes,0.16257169842720032,irregular,0.009999990463256836,0.07999998331069946,0.060000061988830566,0.009502638131380081,0.18547949194908142,low_confidence
1644,Mesh.815,plates_discs_shapes,0.2573460042476654,pins_rivets_keys,0.16421929001808167,flat_plate,0.15000009536743164,0.01500004529953003,0.039999961853027344,0.018396848812699318,0.09312671422958374,low_confidence
1646,Mesh.870,joints_clamps_structural_connectors,0.20795568823814392,handles_controls,0.14070986211299896,irregular,0.0989999920129776,0.218999981880188,0.029999971389770508,0.0767824649810791,0.06724582612514496,low_confidence
1647,Mesh.781,handles_controls,0.28630879521369934,joints_clamps_structural_connectors,0.11738620698451996,flat_plate,0.07733680307865143,0.1801621913909912,0.015000104904174805,0.013826444745063782,0.16892258822917938,low_confidence
1661,Mesh.761,handles_controls,0.18640010058879852,rotating_fluid_machinery,0.10600034147500992,flat_plate,0.046193838119506836,0.011200010776519775,0.33319365978240967,0.004647781141102314,0.0803997591137886,low_confidence
1680,Mesh.876,pins_rivets_keys,0.24982351064682007,joints_clamps_structural_connectors,0.13503316044807434,flat_plate,0.010000094771385193,0.009965837001800537,0.26999998092651367,0.009081973694264889,0.11479035019874573,low_confidence
1681,Mesh.879,pins_rivets_keys,0.36690378189086914,joints_clamps_structural_connectors,0.20661991834640503,flat_plate,0.01399993896484375,0.013952136039733887,0.21000003814697266,0.009974634274840355,0.1602838635444641,low_confidence
1682,Mesh.844,handles_controls,0.3036729395389557,pins_rivets_keys,0.1031179204583168,flat_plate,0.07733680307865143,0.1801621913909912,0.015000104904174805,0.013826444745063782,0.20055501908063889,low_confidence
1684,Mesh.871,bearings_bushings_guides,0.3751043677330017,handles_controls,0.1279347836971283,long_slender,0.1849999949336052,0.06000000238418579,0.029999971389770508,0.03933821618556976,0.2471695840358734,low_confidence
1685,Mesh.897,handles_controls,0.2650339603424072,bearings_bushings_guides,0.23699559271335602,long_slender,0.18499994277954102,0.06000000238418579,0.029999971389770508,0.03933820128440857,0.02803836762905121,low_confidence
1689,Mesh.858,joints_clamps_structural_connectors,0.39501193165779114,pins_rivets_keys,0.19237250089645386,flat_plate,0.01399993896484375,0.013952136039733887,0.21000003814697266,0.009974600747227669,0.20263943076133728,low_confidence
1690,Mesh.804,bearings_bushings_guides,0.39896902441978455,handles_controls,0.13878341019153595,long_slender,0.18500018119812012,0.06000000238418579,0.029999971389770508,0.03944415599107742,0.2601856142282486,low_confidence
1695,Mesh.811,motors_gearmotors,0.21553587913513184,handles_controls,0.12292862683534622,long_slender,0.037989139556884766,0.03793454170227051,0.24400007724761963,0.028390079736709595,0.09260725229978561,low_confidence
1697,Mesh.866,pins_rivets_keys,0.3102700114250183,joints_clamps_structural_connectors,0.2863929569721222,flat_plate,0.01399993896484375,0.013952136039733887,0.21000003814697266,0.009974634274840355,0.023877054452896118,low_confidence
1702,Mesh.827,joints_clamps_structural_connectors,0.23804660141468048,pins_rivets_keys,0.23253226280212402,flat_plate,0.009999990463256836,0.009965837001800537,0.26999998092651367,0.009081980213522911,0.0055143386125564575,low_confidence
1717,Mesh.782,screws_bolts_studs,0.2519393265247345,bearings_bushings_guides,0.17970161139965057,irregular,0.005000114440917969,0.009999990463256836,0.004982948303222656,0.0001628721074666828,0.07223771512508392,low_confidence
1718,Mesh.783,screws_bolts_studs,0.29091209173202515,bearings_bushings_guides,0.16454710066318512,irregular,0.005000114440917969,0.009999990463256836,0.004982948303222656,0.00016287242760881782,0.12636499106884003,low_confidence
1719,Mesh.784,screws_bolts_studs,0.24866411089897156,bearings_bushings_guides,0.19224658608436584,irregular,0.005000114440917969,0.009999990463256836,0.004982948303222656,0.00016287117614410818,0.05641752481460571,low_confidence
1720,Mesh.785,screws_bolts_studs,0.33665814995765686,bearings_bushings_guides,0.19422537088394165,irregular,0.005000114440917969,0.009999990463256836,0.004982948303222656,0.00016287219477817416,0.1424327790737152,low_confidence
1721,Mesh.786,screws_bolts_studs,0.1796298325061798,pins_rivets_keys,0.17529743909835815,irregular,0.005000114440917969,0.009999990463256836,0.004982948303222656,0.00016287251492030919,0.004332393407821655,low_confidence
1722,Mesh.787,screws_bolts_studs,0.25306323170661926,bearings_bushings_guides,0.22126522660255432,irregular,0.005000114440917969,0.009999990463256836,0.004982948303222656,0.00016287126345559955,0.03179800510406494,low_confidence
1730,Mesh.803,bearings_bushings_guides,0.23497119545936584,pins_rivets_keys,0.20878371596336365,irregular,0.009999990463256836,0.07999998331069946,0.060000061988830566,0.009502638131380081,0.026187479496002197,low_confidence
1759,Mesh.881,bearings_bushings_guides,0.18208442628383636,screws_bolts_studs,0.1806674301624298,irregular,0.005000025033950806,0.009999990463256836,0.004982948303222656,0.00016287044854834676,0.0014169961214065552,low_confidence
1760,Mesh.882,screws_bolts_studs,0.22686466574668884,bearings_bushings_guides,0.1622120589017868,irregular,0.004999995231628418,0.009999990463256836,0.004982948303222656,0.0001628704194445163,0.06465260684490204,low_confidence
1761,Mesh.883,screws_bolts_studs,0.2194305956363678,pins_rivets_keys,0.17256978154182434,irregular,0.004999995231628418,0.009999990463256836,0.004982948303222656,0.0001628703612368554,0.04686081409454346,low_confidence
1762,Mesh.884,bearings_bushings_guides,0.262268990278244,screws_bolts_studs,0.2520985007286072,irregular,0.004999995231628418,0.009999990463256836,0.004982948303222656,0.00016287044854834676,0.01017048954963684,low_confidence
1763,Mesh.885,screws_bolts_studs,0.30642080307006836,bearings_bushings_guides,0.17855919897556305,irregular,0.004999995231628418,0.009999990463256836,0.004982948303222656,0.00016287050675600767,0.1278616040945053,low_confidence
1764,Mesh.886,bearings_bushings_guides,0.24713246524333954,screws_bolts_studs,0.16270777583122253,irregular,0.004999995231628418,0.009999990463256836,0.004982948303222656,0.00016287044854834676,0.084424689412117,low_confidence
1766,Mesh.889,pins_rivets_keys,0.3171733319759369,nuts,0.09275449812412262,long_slender,0.20349115133285522,0.03441822528839111,0.04456830024719238,0.02540276013314724,0.22441883385181427,low_confidence
1769,Mesh.847,handles_controls,0.1282796859741211,rotating_fluid_machinery,0.12312465906143188,flat_plate,0.3331937789916992,0.011200010776519775,0.046193838119506836,0.00464774901047349,0.005155026912689209,low_confidence
1775,Mesh.859,rotating_fluid_machinery,0.1390690803527832,springs,0.10579817742109299,flat_plate,0.3331937789916992,0.011200010776519775,0.046193718910217285,0.004647741559892893,0.033270902931690216,low_confidence
1776,Mesh.806,bearings_bushings_guides,0.27696847915649414,pins_rivets_keys,0.1288023144006729,irregular,0.009999990463256836,0.07999998331069946,0.060000061988830566,0.009502632543444633,0.14816616475582123,low_confidence
1777,Mesh.839,rotating_fluid_machinery,0.13826923072338104,handles_controls,0.12589557468891144,flat_plate,0.3331937789916992,0.011200010776519775,0.046193718910217285,0.004647745750844479,0.012373656034469604,low_confidence
1778,Mesh.764,joints_clamps_structural_connectors,0.39511439204216003,plates_discs_shapes,0.17584536969661713,irregular,0.025000005960464478,0.08400005102157593,0.029999971389770508,0.006690858397632837,0.2192690223455429,low_confidence
1781,Mesh.460,bearings_bushings_guides,0.3328181505203247,pipe_fittings_valves_nozzles,0.21715126931667328,irregular,0.09000001940876245,0.01419999822974205,0.09000015258789062,0.01872251369059086,0.11566688120365143,low_confidence
1783,Mesh.462,plates_discs_shapes,0.3399662673473358,joints_clamps_structural_connectors,0.2506754398345947,flat_plate,0.0015000030398368835,0.04499998688697815,0.05000019073486328,0.0036310204304754734,0.08929082751274109,low_confidence
1790,Mesh.469,bearings_bushings_guides,0.24458882212638855,pipe_fittings_valves_nozzles,0.14605064690113068,irregular,0.09000000357627869,0.01419999822974205,0.09000015258789062,0.018722502514719963,0.09853817522525787,low_confidence
1792,Mesh.471,motors_gearmotors,0.3237055838108063,screws_bolts_studs,0.151569664478302,round_or_cubic,0.0395696721971035,0.014948770403862,0.03444862365722656,0.0022480820771306753,0.17213591933250427,low_confidence
1794,Mesh.473,handles_controls,0.22091375291347504,pipe_fittings_valves_nozzles,0.10776996612548828,compact_block,0.06932146102190018,0.06730000302195549,0.07243108749389648,0.02079000324010849,0.11314378678798676,low_confidence
1799,Mesh.478,washers_rings_spacers,0.2378566861152649,joints_clamps_structural_connectors,0.15178266167640686,flat_plate,0.4650001488626003,0.001999974250793457,0.5149998664855957,0.18796001374721527,0.08607402443885803,low_confidence
1802,Mesh.481,pins_rivets_keys,0.3036462664604187,screws_bolts_studs,0.14712080359458923,round_or_cubic,0.019079774618148804,0.0102500319480896,0.01920032501220703,0.0006154921720735729,0.15652546286582947,low_confidence
1803,Mesh.482,pipe_fittings_valves_nozzles,0.21062110364437103,handles_controls,0.18245546519756317,irregular,0.028986364603042603,0.050300002098083496,0.02897024154663086,0.005757727660238743,0.02816563844680786,low_confidence
1810,Mesh.489,joints_clamps_structural_connectors,0.21171288192272186,bearings_bushings_guides,0.19201524555683136,irregular,0.06000000238418579,0.09399999678134918,0.017000198364257812,0.01578572206199169,0.019697636365890503,low_confidence
1825,Mesh.504,joints_clamps_structural_connectors,0.2311691790819168,rotating_fluid_machinery,0.10480842739343643,irregular,0.06000000238418579,0.09399999678134918,0.017000198364257812,0.01578572206199169,0.12636075168848038,low_confidence
1839,Mesh.545,bearings_bushings_guides,0.22509078681468964,pipe_fittings_valves_nozzles,0.12083590775728226,irregular,0.08999991416931152,0.014200001955032349,0.08999991416931152,0.01872246153652668,0.10425487905740738,low_confidence
1843,Mesh.549,motors_gearmotors,0.316660612821579,screws_bolts_studs,0.15023866295814514,round_or_cubic,0.03956961631774902,0.014948770403862,0.034449100494384766,0.0022480753250420094,0.16642194986343384,low_confidence
1846,Mesh.552,motors_gearmotors,0.2528652548789978,handles_controls,0.14634719491004944,round_or_cubic,0.034449100494384766,0.014948770403862,0.039569854736328125,0.002248080912977457,0.10651805996894836,low_confidence
1847,Mesh.553,bearings_bushings_guides,0.16527073085308075,pipe_fittings_valves_nozzles,0.14471589028835297,irregular,0.08999991416931152,0.014200001955032349,0.09000015258789062,0.018722491338849068,0.020554840564727783,low_confidence
1857,Mesh.563,bearings_bushings_guides,0.15100568532943726,rotating_fluid_machinery,0.14089030027389526,irregular,0.08999991416931152,0.014200001955032349,0.09000015258789062,0.018722495064139366,0.010115385055541992,low_confidence
1858,Mesh.564,motors_gearmotors,0.2916273772716522,handles_controls,0.1138688325881958,round_or_cubic,0.034449100494384766,0.014948770403862,0.039569854736328125,0.0022480785846710205,0.17775854468345642,low_confidence
1864,Mesh.570,bearings_bushings_guides,0.24086980521678925,pipe_fittings_valves_nozzles,0.14566753804683685,irregular,0.08999991416931152,0.014200001955032349,0.09000015258789062,0.018722495064139366,0.09520226716995239,low_confidence
1865,Mesh.571,joints_clamps_structural_connectors,0.2481251209974289,handles_controls,0.17802107334136963,compact_block,0.0693213939666748,0.06730000674724579,0.07243132591247559,0.02079002559185028,0.07010404765605927,low_confidence
1869,Mesh.575,motors_gearmotors,0.337197482585907,screws_bolts_studs,0.1516162008047104,round_or_cubic,0.03956961631774902,0.014948770403862,0.034449100494384766,0.0022480753250420094,0.1855812817811966,low_confidence
1881,Mesh.587,handles_controls,0.21190260350704193,joints_clamps_structural_connectors,0.16894349455833435,long_slender,0.18499994277954102,0.06000000238418579,0.03000020980834961,0.0393383614718914,0.04295910894870758,low_confidence
1883,Mesh.589,rotating_fluid_machinery,0.11893271654844284,springs,0.11150895059108734,flat_plate,0.046193838119506836,0.011200010776519775,0.3331937789916992,0.004647777881473303,0.007423765957355499,low_confidence
1887,Mesh.593,plates_discs_shapes,0.34286877512931824,rotating_fluid_machinery,0.11965508759021759,irregular,0.31380002945661545,0.10000008344650269,0.2705998420715332,0.37987005710601807,0.22321368753910065,low_confidence
1889,Mesh.595,joints_clamps_structural_connectors,0.2800896465778351,pins_rivets_keys,0.25070321559906006,long_slender,0.20349115133285522,0.03441822528839111,0.04456806182861328,0.025402799248695374,0.029386430978775024,low_confidence
1892,Mesh.598,bearings_bushings_guides,0.21072940528392792,pins_rivets_keys,0.17598505318164825,irregular,0.004999995231628418,0.009999990463256836,0.004982948303222656,0.00016286443860735744,0.03474435210227966,low_confidence
1893,Mesh.599,screws_bolts_studs,0.28302431106567383,bearings_bushings_guides,0.1576806604862213,irregular,0.004999995231628418,0.009999990463256836,0.004982948303222656,0.00016286448226310313,0.12534365057945251,low_confidence
1894,Mesh.600,screws_bolts_studs,0.25530508160591125,bearings_bushings_guides,0.2486613690853119,irregular,0.004999995231628418,0.009999990463256836,0.004982948303222656,0.00016286445315927267,0.006643712520599365,low_confidence
1895,Mesh.601,screws_bolts_studs,0.22877998650074005,bearings_bushings_guides,0.1576993614435196,irregular,0.004999995231628418,0.009999990463256836,0.004982948303222656,0.00016286443860735744,0.07108062505722046,low_confidence
1896,Mesh.602,screws_bolts_studs,0.27277716994285583,bearings_bushings_guides,0.1778465062379837,irregular,0.004999995231628418,0.009999990463256836,0.004982948303222656,0.00016286448226310313,0.09493066370487213,low_confidence
1897,Mesh.603,screws_bolts_studs,0.19025391340255737,bearings_bushings_guides,0.18260839581489563,irregular,0.005000025033950806,0.009999990463256836,0.004982948303222656,0.00016286451136693358,0.007645517587661743,low_confidence
1899,Mesh.605,pins_rivets_keys,0.317872017621994,joints_clamps_structural_connectors,0.292194664478302,flat_plate,0.01399993896484375,0.013952136039733887,0.21000003814697266,0.009974624961614609,0.025677353143692017,low_confidence
1902,Mesh.1901,joints_clamps_structural_connectors,0.2139122486114502,pins_rivets_keys,0.20351935923099518,flat_plate,0.010000094771385193,0.009965837001800537,0.2700004577636719,0.009081972762942314,0.010392889380455017,low_confidence
1908,Mesh.1907,handles_controls,0.20552361011505127,joints_clamps_structural_connectors,0.16115987300872803,irregular,0.0989999920129776,0.218999981880188,0.029999732971191406,0.07678233087062836,0.04436373710632324,low_confidence
1912,Mesh.1911,pins_rivets_keys,0.3586979806423187,joints_clamps_structural_connectors,0.22878295183181763,flat_plate,0.01399993896484375,0.013952136039733887,0.21000003814697266,0.009974624961614609,0.1299150288105011,low_confidence
1919,Mesh.1918,rotating_fluid_machinery,0.13018861413002014,handles_controls,0.11201061308383942,flat_plate,0.3331937789916992,0.011200010776519775,0.04619407653808594,0.004647779278457165,0.018178001046180725,low_confidence
1931,Mesh.1930,rotating_fluid_machinery,0.14120884239673615,springs,0.12559373676776886,flat_plate,0.3331937789916992,0.011200010776519775,0.046193599700927734,0.004647719208151102,0.015615105628967285,low_confidence
1934,Mesh.1933,handles_controls,0.3026941120624542,nuts,0.09515396505594254,flat_plate,0.07733680307865143,0.1801621913909912,0.015000343322753906,0.013826637528836727,0.2075401470065117,low_confidence
1939,Mesh.1938,rotating_fluid_machinery,0.1643943190574646,springs,0.09893424808979034,flat_plate,0.3331937789916992,0.011200010776519775,0.04619407653808594,0.004647783935070038,0.06546007096767426,low_confidence
1940,Mesh.1939,bearings_bushings_guides,0.3639512062072754,pins_rivets_keys,0.1430482417345047,irregular,0.010000020265579224,0.07999998331069946,0.059999942779541016,0.009502599947154522,0.2209029644727707,low_confidence
1942,Mesh.1941,rotating_fluid_machinery,0.166775643825531,handles_controls,0.14043918251991272,flat_plate,0.33319389820098877,0.011200010776519775,0.046193599700927734,0.0046477303840219975,0.026336461305618286,low_confidence
1943,Mesh.1942,pins_rivets_keys,0.38077566027641296,joints_clamps_structural_connectors,0.20839330554008484,flat_plate,0.013999998569488525,0.013952136039733887,0.21000003814697266,0.009974628686904907,0.17238235473632812,low_confidence
1963,Mesh.1962,pins_rivets_keys,0.25180986523628235,plates_discs_shapes,0.19544059038162231,flat_plate,0.15000009536743164,0.01500004529953003,0.039999961853027344,0.018396839499473572,0.056369274854660034,low_confidence
1967,Mesh.1966,motors_gearmotors,0.2486152946949005,handles_controls,0.1595803052186966,long_slender,0.037989139556884766,0.03793454170227051,0.24399995803833008,0.02839008718729019,0.08903498947620392,low_confidence
1975,Mesh.1974,bearings_bushings_guides,0.26238295435905457,pins_rivets_keys,0.2004895657300949,irregular,0.009999990463256836,0.07999998331069946,0.059999942779541016,0.00950260367244482,0.061893388628959656,low_confidence
1991,Mesh.1990,screws_bolts_studs,0.2701229751110077,bearings_bushings_guides,0.1840280443429947,irregular,0.005000114440917969,0.009999990463256836,0.004982948303222656,0.00016286526806652546,0.086094930768013,low_confidence
1992,Mesh.1991,screws_bolts_studs,0.2752629518508911,bearings_bushings_guides,0.2223711758852005,irregular,0.005000114440917969,0.009999990463256836,0.004982948303222656,0.00016286650497931987,0.05289177596569061,low_confidence
1993,Mesh.1992,screws_bolts_studs,0.23262692987918854,bearings_bushings_guides,0.14578761160373688,irregular,0.005000114440917969,0.009999990463256836,0.004982948303222656,0.00016286618483718485,0.08683931827545166,low_confidence
1994,Mesh.1993,screws_bolts_studs,0.21829375624656677,pins_rivets_keys,0.1840912252664566,irregular,0.005000114440917969,0.009999990463256836,0.004982948303222656,0.00016286526806652546,0.03420253098011017,low_confidence
1995,Mesh.1994,bearings_bushings_guides,0.18991221487522125,screws_bolts_studs,0.16371455788612366,irregular,0.005000114440917969,0.009999990463256836,0.004982948303222656,0.00016286650497931987,0.026197656989097595,low_confidence
1996,Mesh.1995,bearings_bushings_guides,0.22648124396800995,pins_rivets_keys,0.15190389752388,irregular,0.005000114440917969,0.009999990463256836,0.004982948303222656,0.00016286618483718485,0.07457734644412994,low_confidence
2000,Mesh.1999,plates_discs_shapes,0.24148079752922058,pins_rivets_keys,0.1941300332546234,irregular,0.009999990463256836,0.07999998331069946,0.059999942779541016,0.00950260367244482,0.04735076427459717,low_confidence
2017,Mesh.2016,rotating_fluid_machinery,0.12978465855121613,handles_controls,0.1240835040807724,flat_plate,0.046193838119506836,0.011200010776519775,0.3331937789916992,0.004647777881473303,0.005701154470443726,low_confidence
2035,Mesh.2034,bearings_bushings_guides,0.2130752056837082,pipe_fittings_valves_nozzles,0.17872779071331024,irregular,0.09000001102685928,0.01419999822974205,0.09000015258789062,0.018718481063842773,0.03434741497039795,low_confidence
2038,Mesh.2037,handles_controls,0.2357165813446045,joints_clamps_structural_connectors,0.1314525306224823,compact_block,0.07245434075593948,0.06729999929666519,0.06933832168579102,0.020807763561606407,0.10426405072212219,low_confidence
2039,Mesh.2038,motors_gearmotors,0.33993953466415405,handles_controls,0.09485985338687897,round_or_cubic,0.0344490110874176,0.014948770403862,0.039569854736328125,0.002248080214485526,0.24507968127727509,low_confidence
2041,Mesh.2040,screws_bolts_studs,0.20765922963619232,bearings_bushings_guides,0.15813316404819489,compact_block,0.06677126884460449,0.06700003147125244,0.06000041961669922,0.025400444865226746,0.049526065587997437,low_confidence
2042,Mesh.2041,joints_clamps_structural_connectors,0.2676822245121002,pins_rivets_keys,0.2519558072090149,flat_plate,0.039999961853027344,0.039999961853027344,0.4850001335144043,0.20663055777549744,0.015726417303085327,low_confidence
2057,Mesh.2056,joints_clamps_structural_connectors,0.20262068510055542,pins_rivets_keys,0.1292976289987564,flat_plate,0.040000081062316895,0.39000003039836884,0.039999961853027344,0.16645550727844238,0.07332305610179901,low_confidence
2060,Mesh.2059,pins_rivets_keys,0.2342987060546875,joints_clamps_structural_connectors,0.13402187824249268,flat_plate,0.039999961853027344,0.41999995708465576,0.040000200271606445,0.17914186418056488,0.10027682781219482,low_confidence
2062,Mesh.2061,pins_rivets_keys,0.3237110376358032,joints_clamps_structural_connectors,0.17642885446548462,flat_plate,0.040000200271606445,0.5499999821186066,0.039999961853027344,0.23411816358566284,0.1472821831703186,low_confidence
2063,Mesh.2062,pins_rivets_keys,0.30717039108276367,joints_clamps_structural_connectors,0.16831548511981964,flat_plate,0.039999961853027344,0.41999995708465576,0.039999961853027344,0.17914213240146637,0.13885490596294403,low_confidence
2064,Mesh.2063,joints_clamps_structural_connectors,0.2117777317762375,pins_rivets_keys,0.14273731410503387,flat_plate,0.039999961853027344,0.41999995708465576,0.039999961853027344,0.1791420429944992,0.06904041767120361,low_confidence
2065,Mesh.2064,pins_rivets_keys,0.2617020308971405,joints_clamps_structural_connectors,0.19372223317623138,flat_plate,0.039999961853027344,0.5499999821186066,0.040000200271606445,0.2341187298297882,0.06797979772090912,low_confidence
2066,Mesh.2065,joints_clamps_structural_connectors,0.31555357575416565,pins_rivets_keys,0.092280812561512,flat_plate,0.039999961853027344,0.39000003039836884,0.039999961853027344,0.16645552217960358,0.22327276319265366,low_confidence
2073,Mesh.2072,joints_clamps_structural_connectors,0.25679245591163635,pins_rivets_keys,0.1432059407234192,flat_plate,0.040000081062316895,0.04000002145767212,0.4500002861022949,0.19182948768138885,0.11358651518821716,low_confidence
2090,Mesh.2089,pins_rivets_keys,0.3528083860874176,joints_clamps_structural_connectors,0.20619365572929382,flat_plate,0.039999961853027344,0.6940000057220459,0.07999992370605469,0.4845914840698242,0.14661473035812378,low_confidence
2095,Mesh.2094,rotating_fluid_machinery,0.13734976947307587,bearings_bushings_guides,0.11476002633571625,compact_block,0.0667715072631836,0.06700003147125244,0.06000041961669922,0.025400446727871895,0.02258974313735962,low_confidence
2100,Mesh.2099,joints_clamps_structural_connectors,0.217007115483284,bearings_bushings_guides,0.11867807060480118,compact_block,0.07245434820652008,0.06729999929666519,0.06933832168579102,0.020807763561606407,0.09832904487848282,low_confidence
2104,Mesh.2103,bearings_bushings_guides,0.3594381511211395,pipe_fittings_valves_nozzles,0.09932619333267212,irregular,0.09000001847743988,0.01419999822974205,0.09000015258789062,0.01871848851442337,0.2601119577884674,low_confidence
2108,Mesh.2107,motors_gearmotors,0.39066171646118164,handles_controls,0.08880089968442917,round_or_cubic,0.034449100494384766,0.014948770403862,0.039569854736328125,0.002248077653348446,0.30186081677675247,low_confidence
2110,Mesh.2109,pipe_fittings_valves_nozzles,0.26644352078437805,bearings_bushings_guides,0.17975732684135437,irregular,0.08999991416931152,0.01419999822974205,0.09000015258789062,0.018718473613262177,0.08668619394302368,low_confidence
2111,Mesh.2110,joints_clamps_structural_connectors,0.2914162576198578,rotating_fluid_machinery,0.1519247591495514,compact_block,0.07245433330535889,0.06729999929666519,0.06933832168579102,0.020807763561606407,0.1394914984703064,low_confidence
2116,Mesh.2115,motors_gearmotors,0.27328965067863464,handles_controls,0.19974783062934875,round_or_cubic,0.034448981285095215,0.014948770403862,0.039569854736328125,0.0022480757907032967,0.07354182004928589,low_confidence
2119,Mesh.2118,joints_clamps_structural_connectors,0.2009994238615036,rotating_fluid_machinery,0.11209174245595932,compact_block,0.07245433330535889,0.06729999929666519,0.06933832168579102,0.020807769149541855,0.08890768140554428,low_confidence
2120,Mesh.2119,bearings_bushings_guides,0.23232954740524292,pipe_fittings_valves_nozzles,0.13598060607910156,irregular,0.09000003337860107,0.01419999822974205,0.09000015258789062,0.01871849223971367,0.09634894132614136,low_confidence
2124,Mesh.2123,bearings_bushings_guides,0.16913756728172302,pipe_fittings_valves_nozzles,0.1607629805803299,irregular,0.09000000357627869,0.01419999822974205,0.09000015258789062,0.01871848851442337,0.008374586701393127,low_confidence
2125,Mesh.2124,handles_controls,0.25092652440071106,pipe_fittings_valves_nozzles,0.10813314467668533,compact_block,0.07245433330535889,0.06729999929666519,0.06933832168579102,0.020807763561606407,0.14279337972402573,low_confidence
2126,Mesh.2125,plates_discs_shapes,0.33714303374290466,gears_pulleys_chains,0.1904173195362091,flat_plate,0.058442264795303345,0.0020000040531158447,0.05847740173339844,0.005720494315028191,0.14672571420669556,low_confidence
2129,Mesh.2128,motors_gearmotors,0.2588922381401062,handles_controls,0.14311356842517853,round_or_cubic,0.03444899618625641,0.014948770403862,0.039569854736328125,0.0022480767220258713,0.11577866971492767,low_confidence
2132,Mesh.2131,joints_clamps_structural_connectors,0.31692683696746826,washers_rings_spacers,0.09904605895280838,irregular,0.06000000238418579,0.09400001168251038,0.017000198364257812,0.015785720199346542,0.21788077801465988,low_confidence
2149,Mesh.2148,rotating_fluid_machinery,0.1787005364894867,bearings_bushings_guides,0.13150842487812042,irregular,0.06000000238418579,0.09400001168251038,0.017000198364257812,0.015785720199346542,0.04719211161136627,low_confidence
2155,Mesh.2154,bearings_bushings_guides,0.23891332745552063,plates_discs_shapes,0.12900999188423157,irregular,0.08999991416931152,0.01419999822974205,0.09000015258789062,0.018718475475907326,0.10990333557128906,low_confidence
2158,Mesh.2157,joints_clamps_structural_connectors,0.2250525802373886,handles_controls,0.1797783374786377,compact_block,0.07245433330535889,0.06729999929666519,0.06933832168579102,0.020807765424251556,0.045274242758750916,low_confidence
2159,Mesh.2158,motors_gearmotors,0.377562016248703,handles_controls,0.09621135145425797,round_or_cubic,0.034449100494384766,0.014948770403862,0.039569854736328125,0.002248077653348446,0.28135066479444504,low_confidence
2172,Mesh.2171,rotating_fluid_machinery,0.11564970761537552,screws_bolts_studs,0.10716760158538818,compact_block,0.06000018119812012,0.06694400310516357,0.06694149971008301,0.025400536134839058,0.008482106029987335,low_confidence
2178,Mesh.2177,bearings_bushings_guides,0.16045774519443512,rotating_fluid_machinery,0.12805305421352386,irregular,0.09000015258789062,0.01419999822974205,0.09000015258789062,0.018718503415584564,0.032404690980911255,low_confidence
2179,Mesh.2178,handles_controls,0.3921007513999939,nuts,0.11032741516828537,compact_block,0.07245445251464844,0.06730000674724579,0.06933832168579102,0.020807750523090363,0.2817733362317085,low_confidence
2181,Mesh.2180,motors_gearmotors,0.28440868854522705,handles_controls,0.14958041906356812,round_or_cubic,0.034449100494384766,0.014948770403862,0.039569854736328125,0.002248077653348446,0.13482826948165894,low_confidence
2195,Mesh.2194,bearings_bushings_guides,0.16240893304347992,washers_rings_spacers,0.12452325224876404,irregular,0.06000000238418579,0.09400001168251038,0.01699995994567871,0.01578560099005699,0.03788568079471588,low_confidence
2200,Mesh.2199,bearings_bushings_guides,0.17417973279953003,nuts,0.15613369643688202,compact_block,0.059999942779541016,0.06686961650848389,0.0669865608215332,0.025400463491678238,0.01804603636264801,low_confidence
2203,Mesh.2202,joints_clamps_structural_connectors,0.27538543939590454,plates_discs_shapes,0.11706191301345825,compact_block,0.06000000424683094,0.03999999165534973,0.039999961853027344,0.02690063789486885,0.1583235263824463,low_confidence
2204,Mesh.2203,motors_gearmotors,0.24400247633457184,rotating_fluid_machinery,0.15209755301475525,long_slender,0.04000000283122063,0.040000081062316895,0.24749994277954102,0.10619311034679413,0.09190492331981659,low_confidence
2209,Mesh.2208,handles_controls,0.19092757999897003,rotating_fluid_machinery,0.1444014608860016,long_slender,0.039999961853027344,0.040000081062316895,0.24749994277954102,0.106192946434021,0.046526119112968445,low_confidence
2210,Mesh.2209,pins_rivets_keys,0.3271719515323639,joints_clamps_structural_connectors,0.22563165426254272,flat_plate,0.039999961853027344,0.03999999165534973,0.5999999046325684,0.25526291131973267,0.10154029726982117,low_confidence
2211,Mesh.2210,pins_rivets_keys,0.29807838797569275,joints_clamps_structural_connectors,0.24591198563575745,flat_plate,0.04000000283122063,0.03999999165534973,0.6000001430511475,0.25526300072669983,0.0521664023399353,low_confidence
2212,Mesh.2211,joints_clamps_structural_connectors,0.2251761555671692,rotating_fluid_machinery,0.21402691304683685,irregular,0.04000000283122063,0.03999999165534973,0.08037757873535156,0.035518109798431396,0.011149242520332336,low_confidence
2216,Mesh.2215,joints_clamps_structural_connectors,0.27437111735343933,pins_rivets_keys,0.15375801920890808,flat_plate,0.039999961853027344,0.04000002145767212,0.570000171661377,0.24257653951644897,0.12061309814453125,low_confidence
2217,Mesh.2216,pins_rivets_keys,0.3798043131828308,joints_clamps_structural_connectors,0.177057147026062,flat_plate,0.039999961853027344,0.7340000569820404,0.07999992370605469,0.5123710036277771,0.2027471661567688,low_confidence
2218,Mesh.2217,pins_rivets_keys,0.24586598575115204,joints_clamps_structural_connectors,0.21803800761699677,flat_plate,0.039999961853027344,0.03999999165534973,0.570000171661377,0.24257619678974152,0.027827978134155273,low_confidence
2219,Mesh.2218,rotating_fluid_machinery,0.17598417401313782,springs,0.13678918778896332,long_slender,0.2200000286102295,0.03999999165534973,0.039999961853027344,0.094563327729702,0.0391949862241745,low_confidence
2224,Mesh.2223,joints_clamps_structural_connectors,0.30377936363220215,pins_rivets_keys,0.1393522322177887,flat_plate,0.04000000283122063,0.6540000140666962,0.07999992370605469,0.45681050419807434,0.16442713141441345,low_confidence
2226,Mesh.2225,pins_rivets_keys,0.29640382528305054,joints_clamps_structural_connectors,0.18684829771518707,flat_plate,0.04000000283122063,1.5200001001358032,0.07999992370605469,1.0582703351974487,0.10955552756786346,low_confidence
2231,Mesh.2230,rotating_fluid_machinery,0.2447383850812912,joints_clamps_structural_connectors,0.1738848090171814,irregular,0.04000000283122063,0.08000004291534424,0.16037797927856445,0.1310017704963684,0.0708535760641098,low_confidence
2233,Mesh.2232,joints_clamps_structural_connectors,0.3124189078807831,handles_controls,0.11651463806629181,compact_block,0.06000000424683094,0.040000081062316895,0.04000043869018555,0.026900628581643105,0.19590426981449127,low_confidence
2235,Mesh.2234,joints_clamps_structural_connectors,0.335435152053833,pins_rivets_keys,0.17368191480636597,flat_plate,0.04000000283122063,0.040000081062316895,0.44962215423583984,0.1916692852973938,0.16175323724746704,low_confidence
2236,Mesh.2235,rotating_fluid_machinery,0.2022622972726822,springs,0.17402078211307526,long_slender,0.17000001668930054,0.03999999165534973,0.039999961853027344,0.0734189972281456,0.028241515159606934,low_confidence
2241,Mesh.2240,pins_rivets_keys,0.39061522483825684,joints_clamps_structural_connectors,0.13472960889339447,flat_plate,0.03999999910593033,0.04000002145767212,0.6100001335144043,0.2594921290874481,0.25588561594486237,low_confidence
2243,Mesh.2242,joints_clamps_structural_connectors,0.3353172540664673,handles_controls,0.0953223779797554,flat_plate,0.04000000283122063,0.03999999165534973,0.44962215423583984,0.19166916608810425,0.23999487608671188,low_confidence
2246,Mesh.2245,motors_gearmotors,0.1777563840150833,rotating_fluid_machinery,0.1226482167840004,long_slender,0.03999999910593033,0.302000030875206,0.039999961853027344,0.1292409896850586,0.055108167231082916,low_confidence
2248,Mesh.2247,joints_clamps_structural_connectors,0.14711646735668182,rotating_fluid_machinery,0.12007296085357666,long_slender,0.03999999165534973,0.2240000069141388,0.039999961853027344,0.09625470638275146,0.027043506503105164,low_confidence
2250,Mesh.2249,handles_controls,0.18304036557674408,joints_clamps_structural_connectors,0.16090279817581177,long_slender,0.039999961853027344,0.302000030875206,0.039999961853027344,0.1292410045862198,0.022137567400932312,low_confidence
2254,Mesh.2253,pins_rivets_keys,0.22602112591266632,joints_clamps_structural_connectors,0.17688703536987305,flat_plate,0.039999961853027344,0.46000003814697266,0.040000200271606445,0.1960572600364685,0.049134090542793274,low_confidence
2256,Mesh.2255,joints_clamps_structural_connectors,0.18888534605503082,pins_rivets_keys,0.12387403100728989,flat_plate,0.04000000283122063,0.43999993801116943,0.040000200271606445,0.1875995546579361,0.06501131504774094,low_confidence
2259,Mesh.2258,joints_clamps_structural_connectors,0.2730863690376282,pins_rivets_keys,0.20856629312038422,flat_plate,0.04000002145767212,0.04000002145767212,0.630000114440918,0.267950177192688,0.06452007591724396,low_confidence
2260,Mesh.2259,joints_clamps_structural_connectors,0.30671828985214233,pins_rivets_keys,0.22418087720870972,flat_plate,0.039999961853027344,0.03999999165534973,0.6100001335144043,0.2594919204711914,0.08253741264343262,low_confidence
2261,Mesh.2260,joints_clamps_structural_connectors,0.3320010006427765,pins_rivets_keys,0.30273348093032837,flat_plate,0.03999999165534973,0.04000002145767212,0.6100001335144043,0.25949209928512573,0.02926751971244812,low_confidence
2262,Mesh.2261,pins_rivets_keys,0.30646854639053345,joints_clamps_structural_connectors,0.2226896733045578,flat_plate,0.039999961853027344,0.04000000283122063,0.6100001335144043,0.2594919204711914,0.08377887308597565,low_confidence
2264,Mesh.2263,motors_gearmotors,0.15177422761917114,joints_clamps_structural_connectors,0.12076885998249054,long_slender,0.04000002145767212,0.040000081062316895,0.28749990463256836,0.12310893833637238,0.031005367636680603,low_confidence
2265,Mesh.2264,springs,0.2624484598636627,rotating_fluid_machinery,0.12715990841388702,long_slender,0.04000002145767212,0.040000081062316895,0.2324998378753662,0.09984971582889557,0.1352885514497757,low_confidence
2266,Mesh.2265,rotating_fluid_machinery,0.23210112750530243,joints_clamps_structural_connectors,0.12230870127677917,long_slender,0.039999961853027344,0.040000081062316895,0.2325000762939453,0.09984973818063736,0.10979242622852325,low_confidence
2268,Mesh.2267,joints_clamps_structural_connectors,0.2561935484409332,handles_controls,0.1690031886100769,long_slender,0.04000000283122063,0.040000081062316895,0.3125,0.13368120789527893,0.08719035983085632,low_confidence
2271,Mesh.2270,rotating_fluid_machinery,0.20211945474147797,springs,0.1228313148021698,long_slender,0.1980000138282776,0.04000002145767212,0.039999961853027344,0.08526014536619186,0.07928813993930817,low_confidence
2284,Mesh.2283,motors_gearmotors,0.28632640838623047,handles_controls,0.14868931472301483,round_or_cubic,0.034449100494384766,0.014948770403862,0.039569854736328125,0.0022480739280581474,0.13763709366321564,low_confidence
2285,Mesh.2284,bearings_bushings_guides,0.20257939398288727,pipe_fittings_valves_nozzles,0.17008991539478302,irregular,0.09000015258789062,0.01419999822974205,0.09000015258789062,0.01871851086616516,0.03248947858810425,low_confidence
2291,Mesh.2290,motors_gearmotors,0.37537267804145813,handles_controls,0.11892645806074142,round_or_cubic,0.034449100494384766,0.014948770403862,0.039569854736328125,0.0022480811458081007,0.2564462199807167,low_confidence
2292,Mesh.2291,bearings_bushings_guides,0.28354305028915405,pipe_fittings_valves_nozzles,0.2231539785861969,irregular,0.08999991416931152,0.01419999822974205,0.09000015258789062,0.018718469887971878,0.06038907170295715,low_confidence
2296,Mesh.2295,handles_controls,0.23194940388202667,joints_clamps_structural_connectors,0.139862522482872,compact_block,0.07245433330535889,0.06729999929666519,0.06933832168579102,0.020807761698961258,0.09208688139915466,low_confidence
2303,Mesh.2302,bearings_bushings_guides,0.2136206328868866,washers_rings_spacers,0.15874937176704407,irregular,0.06000000238418579,0.09399998188018799,0.01699995994567871,0.015785599127411842,0.05487126111984253,low_confidence
2313,Mesh.2312,motors_gearmotors,0.2542358934879303,handles_controls,0.1551080346107483,round_or_cubic,0.034449100494384766,0.014948770403862,0.039569854736328125,0.0022480811458081007,0.099127858877182,low_confidence
2315,Mesh.2314,bearings_bushings_guides,0.2263321429491043,rotating_fluid_machinery,0.17268958687782288,irregular,0.08999991416931152,0.01419999822974205,0.09000015258789062,0.018718469887971878,0.05364255607128143,low_confidence
2316,Mesh.2315,handles_controls,0.3464491665363312,nuts,0.11447016149759293,compact_block,0.07245433330535889,0.06730000674724579,0.06933832168579102,0.020807761698961258,0.23197900503873825,low_confidence
2328,Mesh.2327,bearings_bushings_guides,0.3101610839366913,washers_rings_spacers,0.13287855684757233,irregular,0.059999942779541016,0.09399998188018799,0.01699995994567871,0.015785593539476395,0.17728252708911896,low_confidence
2334,Mesh.2333,joints_clamps_structural_connectors,0.3207586407661438,pins_rivets_keys,0.2091296762228012,flat_plate,0.015000104904174805,0.030000001192092896,0.4440000057220459,0.06512182950973511,0.11162896454334259,low_confidence
2335,Mesh.2334,joints_clamps_structural_connectors,0.3419879078865051,rotating_fluid_machinery,0.21151725947856903,irregular,0.01900005340576172,0.109499990940094,0.06200003623962402,0.02202330157160759,0.1304706484079361,low_confidence
2360,Mesh.2359,handles_controls,0.32986047863960266,rotating_fluid_machinery,0.13146595656871796,irregular,0.06200003623962402,0.10950005054473877,0.01900005340576172,0.022023320198059082,0.1983945220708847,low_confidence
2368,Mesh.2367,rotating_fluid_machinery,0.19043241441249847,joints_clamps_structural_connectors,0.16209207475185394,irregular,0.06199997663497925,0.10950005054473877,0.01900005340576172,0.022023310884833336,0.02834033966064453,low_confidence
2371,Mesh.2370,joints_clamps_structural_connectors,0.2223893404006958,bearings_bushings_guides,0.18690519034862518,flat_plate,0.029999971389770508,0.755000114440918,0.014999866485595703,0.1135251373052597,0.03548415005207062,low_confidence
2372,Mesh.2371,pins_rivets_keys,0.3198198676109314,joints_clamps_structural_connectors,0.18654929101467133,flat_plate,0.5369999706745148,0.03000009059906006,0.015000343322753906,0.07959563285112381,0.13327057659626007,low_confidence
2373,Mesh.2372,pins_rivets_keys,0.15107658505439758,plates_discs_shapes,0.12846769392490387,compact_block,0.025000810623168945,0.024965882301330566,0.021999835968017578,0.002549815457314253,0.022608891129493713,low_confidence
2378,Mesh.2377,plates_discs_shapes,0.3055416941642761,handles_controls,0.16450577974319458,irregular,0.20000001788139343,0.14600002765655518,0.04200029373168945,0.08414602279663086,0.14103591442108154,low_confidence
2385,Mesh.2384,pins_rivets_keys,0.3779837489128113,joints_clamps_structural_connectors,0.19485460221767426,flat_plate,0.5369999408721924,0.03000009059906006,0.014999866485595703,0.07959660142660141,0.18312914669513702,low_confidence
2386,Mesh.2385,pins_rivets_keys,0.33388233184814453,joints_clamps_structural_connectors,0.14346083998680115,flat_plate,0.029999971389770508,0.755000114440918,0.014999866485595703,0.11352521926164627,0.19042149186134338,low_confidence
2387,Mesh.2386,joints_clamps_structural_connectors,0.342374324798584,pins_rivets_keys,0.22873961925506592,flat_plate,0.5369999408721924,0.030000030994415283,0.015000343322753906,0.07959555834531784,0.11363470554351807,low_confidence
2391,Mesh.2390,plates_discs_shapes,0.3114582896232605,pins_rivets_keys,0.2833091914653778,flat_plate,0.17600005865097046,0.029999971389770508,0.6080002784729004,0.3012090027332306,0.02814909815788269,low_confidence
2395,Mesh.2394,pins_rivets_keys,0.34135326743125916,joints_clamps_structural_connectors,0.18005630373954773,flat_plate,0.5369999408721924,0.03000009059906006,0.014999866485595703,0.079596608877182,0.16129696369171143,low_confidence
2396,Mesh.2395,joints_clamps_structural_connectors,0.2062482237815857,pins_rivets_keys,0.18944893777370453,flat_plate,0.029999971389770508,0.755000114440918,0.014999866485595703,0.1135251373052597,0.016799286007881165,low_confidence
2397,Mesh.2396,pins_rivets_keys,0.3125547766685486,joints_clamps_structural_connectors,0.27102240920066833,flat_plate,0.5369999408721924,0.030000030994415283,0.015000343322753906,0.07959556579589844,0.04153236746788025,low_confidence
2407,Mesh.2406,motors_gearmotors,0.30983248353004456,handles_controls,0.11875320971012115,round_or_cubic,0.034449100494384766,0.014948770403862,0.039569854736328125,0.002248076256364584,0.1910792738199234,low_confidence
2411,Mesh.2410,bearings_bushings_guides,0.1668744534254074,rotating_fluid_machinery,0.12522754073143005,irregular,0.09000015258789062,0.014200001955032349,0.09000015258789062,0.018722528591752052,0.041646912693977356,low_confidence
2412,Mesh.2411,handles_controls,0.15119129419326782,joints_clamps_structural_connectors,0.13290567696094513,compact_block,0.07243108749389648,0.06729999929666519,0.0693216323852539,0.02078999951481819,0.018285617232322693,low_confidence
2416,Mesh.2415,motors_gearmotors,0.28973904252052307,handles_controls,0.12995949387550354,round_or_cubic,0.034449100494384766,0.014948770403862,0.039569854736328125,0.0022480774205178022,0.15977954864501953,low_confidence
2420,Mesh.2419,joints_clamps_structural_connectors,0.19662469625473022,nuts,0.16332627832889557,compact_block,0.07243108749389648,0.06729999929666519,0.0693213939666748,0.02079000696539879,0.033298417925834656,low_confidence
2421,Mesh.2420,bearings_bushings_guides,0.17435623705387115,pipe_fittings_valves_nozzles,0.17048369348049164,irregular,0.09000015258789062,0.014200001955032349,0.09000015258789062,0.018722523003816605,0.0038725435733795166,low_confidence
2427,Mesh.2426,handles_controls,0.26878803968429565,joints_clamps_structural_connectors,0.13241159915924072,compact_block,0.6000001430511475,0.5979999899864197,0.5100002288818359,2.8341901302337646,0.13637644052505493,low_confidence
2433,Mesh.2432,motors_gearmotors,0.311360239982605,screws_bolts_studs,0.17270676791667938,round_or_cubic,0.039569854736328125,0.014948770403862,0.034449100494384766,0.002248077653348446,0.1386534720659256,low_confidence
2435,Mesh.2434,bearings_bushings_guides,0.2843630313873291,pipe_fittings_valves_nozzles,0.13597333431243896,irregular,0.09000015258789062,0.014200001955032349,0.09000015258789062,0.018722523003816605,0.14838969707489014,low_confidence
2437,Mesh.2436,joints_clamps_structural_connectors,0.21337440609931946,handles_controls,0.13017864525318146,compact_block,0.0693216323852539,0.06730000674724579,0.07243132591247559,0.020789995789527893,0.083195760846138,low_confidence
2438,Mesh.2437,plates_discs_shapes,0.3781591057777405,gears_pulleys_chains,0.18619954586029053,flat_plate,0.05847740173339844,0.0020000040531158447,0.058442115783691406,0.005720492918044329,0.19195955991744995,low_confidence
2441,Mesh.2440,handles_controls,0.24866893887519836,nuts,0.13245455920696259,compact_block,0.0693216323852539,0.06730000674724579,0.07243108749389648,0.020789984613656998,0.11621437966823578,low_confidence
2444,Mesh.2443,pipe_fittings_valves_nozzles,0.22338931262493134,rotating_fluid_machinery,0.13695578277111053,irregular,0.09000015258789062,0.014200001955032349,0.09000015258789062,0.018722523003816605,0.0864335298538208,low_confidence
2451,Mesh.2450,rotating_fluid_machinery,0.11929139494895935,handles_controls,0.10124129801988602,flat_plate,0.046193838119506836,0.011200010776519775,0.3331937789916992,0.004647750873118639,0.018050096929073334,low_confidence
2453,Mesh.2452,rotating_fluid_machinery,0.11676834523677826,handles_controls,0.11120372265577316,flat_plate,0.046193838119506836,0.011200010776519775,0.3331937789916992,0.004647752735763788,0.0055646225810050964,low_confidence
2456,Mesh.2455,handles_controls,0.13245905935764313,rotating_fluid_machinery,0.1051938533782959,flat_plate,0.046193838119506836,0.011200010776519775,0.3331937789916992,0.004647752735763788,0.02726520597934723,low_confidence
2458,Mesh.2457,gears_pulleys_chains,0.17893116176128387,bearings_bushings_guides,0.13014402985572815,round_or_cubic,0.06200003623962402,0.02499997615814209,0.06599998474121094,0.011174489744007587,0.048787131905555725,low_confidence
2459,Mesh.2458,pins_rivets_keys,0.38622260093688965,handles_controls,0.25684040784835815,flat_plate,0.004400014877319336,0.005800008773803711,0.04049968719482422,0.0006459867581725121,0.1293821930885315,low_confidence
2461,Mesh.2460,handles_controls,0.3016946613788605,pins_rivets_keys,0.2678092122077942,flat_plate,0.004400014877319336,0.005800008773803711,0.04049968719482422,0.000645985477603972,0.033885449171066284,low_confidence
2462,Mesh.2461,bearings_bushings_guides,0.16210897266864777,handles_controls,0.14488846063613892,round_or_cubic,0.06399989128112793,0.029999971389770508,0.05299997329711914,0.02740243636071682,0.01722051203250885,low_confidence
2464,Mesh.2463,pins_rivets_keys,0.31202787160873413,plates_discs_shapes,0.15333780646324158,irregular,0.010000228881835938,0.041999995708465576,0.05000019073486328,0.00498660933226347,0.15869006514549255,low_confidence
2467,Mesh.2466,handles_controls,0.2798280715942383,pins_rivets_keys,0.23748700320720673,flat_plate,0.07249999046325684,0.1449747085571289,1.1724917888641357,0.5027994513511658,0.042341068387031555,low_confidence
2474,Mesh.2473,handles_controls,0.391938179731369,bearings_bushings_guides,0.19129541516304016,irregular,0.03900003433227539,0.013700008392333984,0.026000022888183594,0.0021519875153899193,0.20064276456832886,low_confidence
2475,Mesh.2474,bearings_bushings_guides,0.39674338698387146,screws_bolts_studs,0.312430739402771,flat_plate,0.004484653472900391,0.004500031471252441,1.2381999492645264,0.012922091409564018,0.08431264758110046,low_confidence
2476,Mesh.2475,bearings_bushings_guides,0.39715078473091125,screws_bolts_studs,0.3099391460418701,flat_plate,0.004484653472900391,0.004500031471252441,1.2382001876831055,0.012921728193759918,0.08721163868904114,low_confidence
2478,Mesh.2477,bearings_bushings_guides,0.3994568884372711,screws_bolts_studs,0.31340575218200684,flat_plate,0.004484653472900391,0.004500031471252441,1.2382001876831055,0.012922115623950958,0.08605113625526428,low_confidence
2479,Mesh.2478,bearings_bushings_guides,0.397647887468338,screws_bolts_studs,0.31025367975234985,flat_plate,0.004484653472900391,0.004499912261962891,1.2381997108459473,0.012922058813273907,0.08739420771598816,low_confidence
2483,Mesh.2482,handles_controls,0.31332066655158997,bearings_bushings_guides,0.28681808710098267,irregular,0.03900003433227539,0.013700008392333984,0.026000022888183594,0.0021519875153899193,0.0265025794506073,low_confidence
2484,Mesh.2483,gears_pulleys_chains,0.18351253867149353,bearings_bushings_guides,0.13664156198501587,irregular,0.019999980926513672,0.024393320083618164,0.006999969482421875,0.0018497956916689873,0.04687097668647766,low_confidence
2487,Mesh.2486,plates_discs_shapes,0.36913540959358215,joints_clamps_structural_connectors,0.17132894694805145,flat_plate,0.08500003814697266,0.019999980926513672,1.1400001049041748,0.2782135307788849,0.1978064626455307,low_confidence
2495,Mesh.2494,motors_gearmotors,0.3314763009548187,handles_controls,0.26856881380081177,long_slender,0.01549983024597168,0.052500009536743164,0.013600349426269531,0.0021955801639705896,0.06290748715400696,low_confidence
2499,Mesh.2498,rotating_fluid_machinery,0.1307719498872757,springs,0.11012101918458939,flat_plate,0.046193838119506836,0.011200010776519775,0.3331937789916992,0.004647751804441214,0.02065093070268631,low_confidence
2501,Mesh.2500,rotating_fluid_machinery,0.15877428650856018,handles_controls,0.11171165853738785,flat_plate,0.011199951171875,0.333193838596344,0.04619407653808594,0.004647786729037762,0.04706262797117233,low_confidence
2511,Mesh.2510,pins_rivets_keys,0.3799889385700226,handles_controls,0.20255102217197418,flat_plate,0.04999995231628418,0.003999948501586914,0.005400180816650391,0.0005995561368763447,0.1774379163980484,low_confidence
2514,Mesh.2513,wheels_castors,0.1961422860622406,handles_controls,0.12202561646699905,round_or_cubic,0.08788609504699707,0.031999945640563965,0.08799982070922852,0.022152941673994064,0.07411666959524155,low_confidence
2515,Mesh.2514,pins_rivets_keys,0.28263190388679504,handles_controls,0.225774347782135,flat_plate,0.04999995231628418,0.003999948501586914,0.005400180816650391,0.0005995560786686838,0.056857556104660034,low_confidence
2521,Mesh.2520,plates_discs_shapes,0.3343323767185211,bearings_bushings_guides,0.2096288800239563,irregular,0.02500009536743164,0.04500001668930054,0.06400012969970703,0.010686799883842468,0.12470349669456482,low_confidence
2537,Mesh.2536,nuts,0.35676565766334534,handles_controls,0.21230760216712952,round_or_cubic,0.02200007438659668,0.0549999475479126,0.053999900817871094,0.009065790101885796,0.14445805549621582,low_confidence
2539,Mesh.2538,joints_clamps_structural_connectors,0.30008259415626526,handles_controls,0.18129971623420715,round_or_cubic,0.02200007438659668,0.0549999475479126,0.053999900817871094,0.009065790101885796,0.1187828779220581,low_confidence
2541,Mesh.2540,bearings_bushings_guides,0.19372695684432983,joints_clamps_structural_connectors,0.12218204885721207,round_or_cubic,0.05299997329711914,0.0625,0.027500152587890625,0.01829240657389164,0.07154490798711777,low_confidence
2542,Mesh.2541,joints_clamps_structural_connectors,0.29285481572151184,bearings_bushings_guides,0.24830007553100586,irregular,0.01940011978149414,0.027300000190734863,0.01549530029296875,0.0018012409564107656,0.04455474019050598,low_confidence
2543,Mesh.2542,pipe_fittings_valves_nozzles,0.22906510531902313,handles_controls,0.16857247054576874,round_or_cubic,0.029999971389770508,0.05299997329711914,0.06399965286254883,0.02740236558020115,0.060492634773254395,low_confidence
2546,Mesh.2545,bearings_bushings_guides,0.20852136611938477,joints_clamps_structural_connectors,0.15894483029842377,irregular,0.01939988136291504,0.027300000190734863,0.01549530029296875,0.0018012471264228225,0.049576535820961,low_confidence
2547,Mesh.2546,plates_discs_shapes,0.2968199849128723,handles_controls,0.12039551138877869,round_or_cubic,0.04999995231628418,0.05199992656707764,0.028800010681152344,0.007722585927695036,0.17642447352409363,low_confidence
2548,Mesh.2547,joints_clamps_structural_connectors,0.28050220012664795,handles_controls,0.15551432967185974,round_or_cubic,0.019999980926513672,0.0549999475479126,0.053999900817871094,0.00872795656323433,0.12498787045478821,low_confidence
2552,Mesh.2551,pins_rivets_keys,0.3055647015571594,joints_clamps_structural_connectors,0.26277095079421997,compact_block,0.03299999237060547,0.029999971389770508,0.034999847412109375,0.007039966527372599,0.04279375076293945,low_confidence
2554,Mesh.2553,handles_controls,0.3605579733848572,pins_rivets_keys,0.0791267678141594,long_slender,0.005499839782714844,0.030500054359436035,0.004399776458740234,0.0005654058186337352,0.2814312055706978,low_confidence
2559,Mesh.2558,plates_discs_shapes,0.2608349919319153,pins_rivets_keys,0.21857520937919617,compact_block,0.03299999237060547,0.029999971389770508,0.034999847412109375,0.007039966527372599,0.042259782552719116,low_confidence
2561,Mesh.2560,bearings_bushings_guides,0.18021585047245026,plates_discs_shapes,0.14256247878074646,irregular,0.01940011978149414,0.027300000190734863,0.01549530029296875,0.0018012410728260875,0.037653371691703796,low_confidence
2563,Mesh.2562,handles_controls,0.3287530839443207,joints_clamps_structural_connectors,0.09373053908348083,round_or_cubic,0.05299997329711914,0.0625,0.027500152587890625,0.018292400985956192,0.23502254486083984,low_confidence
2564,Mesh.2563,joints_clamps_structural_connectors,0.1667270064353943,nuts,0.11707820743322372,irregular,0.01939988136291504,0.027300000190734863,0.01549530029296875,0.0018012471264228225,0.04964879900217056,low_confidence
2566,Mesh.2565,handles_controls,0.3085249066352844,joints_clamps_structural_connectors,0.10415342450141907,long_slender,0.04456806182861328,0.03441822528839111,0.2034912109375,0.02540883794426918,0.20437148213386536,low_confidence
2568,Mesh.2567,pins_rivets_keys,0.33846068382263184,plates_discs_shapes,0.18134194612503052,round_or_cubic,0.07999992370605469,0.06999993324279785,0.03000020980834961,0.018200047314167023,0.15711873769760132,low_confidence
2572,Mesh.2571,pins_rivets_keys,0.23316997289657593,plates_discs_shapes,0.19368262588977814,compact_block,0.03299999237060547,0.029999971389770508,0.034999847412109375,0.007039966527372599,0.03948734700679779,low_confidence
2575,Mesh.2574,joints_clamps_structural_connectors,0.2534825801849365,handles_controls,0.19779838621616364,long_slender,0.04456806182861328,0.03441822528839111,0.2034912109375,0.02540883794426918,0.05568419396877289,low_confidence
2576,Mesh.2575,screws_bolts_studs,0.1589115858078003,pipe_fittings_valves_nozzles,0.14161521196365356,round_or_cubic,0.02500009536743164,0.06599998474121094,0.06199979782104492,0.011174533516168594,0.01729637384414673,low_confidence
2578,Mesh.2577,bearings_bushings_guides,0.31315043568611145,plates_discs_shapes,0.14908196032047272,irregular,0.03399991989135742,0.057000041007995605,0.019500255584716797,0.009046493098139763,0.16406847536563873,low_confidence
2590,Mesh.2589,plates_discs_shapes,0.3700653612613678,pins_rivets_keys,0.3464580178260803,irregular,0.03599977493286133,0.056999921798706055,0.010000228881835938,0.0059640053659677505,0.023607343435287476,low_confidence
2594,Mesh.2593,pipe_fittings_valves_nozzles,0.37589654326438904,bearings_bushings_guides,0.19152100384235382,flat_plate,0.20000004768371582,0.016000032424926758,0.14999961853027344,0.06016477942466736,0.18437553942203522,low_confidence
2601,Mesh.2600,handles_controls,0.38066956400871277,motors_gearmotors,0.15387952327728271,long_slender,0.01549983024597168,0.052500009536743164,0.013600349426269531,0.002195580629631877,0.22679004073143005,low_confidence
2608,Mesh.2607,rotating_fluid_machinery,0.1654951274394989,springs,0.11067500710487366,flat_plate,0.011199951171875,0.333193838596344,0.04619407653808594,0.004647788126021624,0.054820120334625244,low_confidence
2616,Mesh.2615,motors_gearmotors,0.28801122307777405,handles_controls,0.2318759560585022,long_slender,0.015500009059906006,0.052500009536743164,0.013600349426269531,0.0021955911070108414,0.05613526701927185,low_confidence
2617,Mesh.2616,handles_controls,0.3916425108909607,joints_clamps_structural_connectors,0.16631843149662018,round_or_cubic,0.022000014781951904,0.0549999475479126,0.053999900817871094,0.009065759368240833,0.22532407939434052,low_confidence
2621,Mesh.2620,joints_clamps_structural_connectors,0.3297185003757477,plates_discs_shapes,0.20673595368862152,compact_block,0.03299999237060547,0.029999971389770508,0.034999847412109375,0.0070399753749370575,0.12298254668712616,low_confidence
2627,Mesh.2626,rotating_fluid_machinery,0.14081741869449615,handles_controls,0.10485120862722397,flat_plate,0.011200010776519775,0.33319395780563354,0.04619407653808594,0.004647789057344198,0.035966210067272186,low_confidence
2631,Mesh.2630,screws_bolts_studs,0.24531187117099762,bearings_bushings_guides,0.16222041845321655,irregular,0.004982948303222656,0.009999990463256836,0.005000114440917969,0.0001628714380785823,0.08309145271778107,low_confidence
2632,Mesh.2631,joints_clamps_structural_connectors,0.39887189865112305,plates_discs_shapes,0.2379448115825653,flat_plate,0.005000114440917969,0.5190002918243408,0.053000450134277344,0.060734495520591736,0.16092708706855774,low_confidence
2636,Mesh.2635,handles_controls,0.31724813580513,joints_clamps_structural_connectors,0.2554143965244293,long_slender,0.04456821084022522,0.03441822528839111,0.2034912109375,0.025408834218978882,0.061833739280700684,low_confidence
2637,Mesh.2636,handles_controls,0.38653552532196045,joints_clamps_structural_connectors,0.160190612077713,long_slender,0.04433664679527283,0.04294466972351074,0.2032175064086914,0.04225824773311615,0.22634491324424744,low_confidence
2638,Mesh.2637,pins_rivets_keys,0.25004687905311584,joints_clamps_structural_connectors,0.2120049148797989,long_slender,0.04456821084022522,0.03441822528839111,0.2034912109375,0.025408834218978882,0.038041964173316956,low_confidence
2642,Mesh.2641,bearings_bushings_guides,0.2214040458202362,screws_bolts_studs,0.2120920866727829,irregular,0.004982948303222656,0.009999990463256836,0.005000114440917969,0.00016287121979985386,0.009311959147453308,low_confidence
2647,Mesh.2646,plates_discs_shapes,0.36110860109329224,joints_clamps_structural_connectors,0.2631627321243286,flat_plate,0.005000054836273193,0.5190002918243408,0.053000450134277344,0.060734495520591736,0.09794586896896362,low_confidence
2648,Mesh.2647,bearings_bushings_guides,0.22644951939582825,plates_discs_shapes,0.10206880420446396,irregular,0.01940000057220459,0.027300000190734863,0.01549530029296875,0.0018012435175478458,0.12438071519136429,low_confidence
2649,Mesh.2648,joints_clamps_structural_connectors,0.20540249347686768,bearings_bushings_guides,0.12169694900512695,irregular,0.01940000057220459,0.027300000190734863,0.01549530029296875,0.001801241422072053,0.08370554447174072,low_confidence
2652,Mesh.2651,handles_controls,0.19423477351665497,joints_clamps_structural_connectors,0.13692840933799744,round_or_cubic,0.05300000309944153,0.0625,0.027500152587890625,0.018292393535375595,0.05730636417865753,low_confidence
2653,Mesh.2652,screws_bolts_studs,0.223700150847435,bearings_bushings_guides,0.18071617186069489,irregular,0.004982948303222656,0.009999990463256836,0.005000114440917969,0.00016287121979985386,0.04298397898674011,low_confidence
2655,Mesh.2654,pins_rivets_keys,0.3556375801563263,plates_discs_shapes,0.15796741843223572,round_or_cubic,0.08000001311302185,0.06999993324279785,0.03000020980834961,0.018199995160102844,0.19767016172409058,low_confidence
2660,Mesh.2659,plates_discs_shapes,0.39629971981048584,pipe_fittings_valves_nozzles,0.11091157793998718,round_or_cubic,0.050000011920928955,0.05199992656707764,0.028800010681152344,0.0077225747518241405,0.28538814187049866,low_confidence
2663,Mesh.2662,motors_gearmotors,0.3256877064704895,handles_controls,0.22769995033740997,long_slender,0.015500009059906006,0.052500009536743164,0.013600349426269531,0.0021955901756882668,0.09798775613307953,low_confidence
2664,Mesh.2663,screws_bolts_studs,0.298359215259552,bearings_bushings_guides,0.16245287656784058,irregular,0.004982948303222656,0.009999990463256836,0.005000114440917969,0.0001628708268981427,0.13590633869171143,low_confidence
2665,Mesh.2664,joints_clamps_structural_connectors,0.356581449508667,pins_rivets_keys,0.18753857910633087,compact_block,0.03299999237060547,0.029999971389770508,0.034999847412109375,0.0070399753749370575,0.16904287040233612,low_confidence
2675,Mesh.2674,screws_bolts_studs,0.3375858664512634,bearings_bushings_guides,0.1656952053308487,irregular,0.004982948303222656,0.009999990463256836,0.005000114440917969,0.0001628706231713295,0.17189066112041473,low_confidence
2677,Mesh.2676,handles_controls,0.30810222029685974,motors_gearmotors,0.2794365882873535,irregular,0.24400000274181366,0.06200003623962402,0.09200000762939453,0.08833116292953491,0.028665632009506226,low_confidence
2679,Mesh.2678,wheels_castors,0.2259078472852707,bearings_bushings_guides,0.10671131312847137,round_or_cubic,0.08788612484931946,0.031999945640563965,0.08800029754638672,0.022152962163090706,0.11919653415679932,low_confidence
2680,Mesh.2679,handles_controls,0.30959373712539673,pins_rivets_keys,0.14425593614578247,flat_plate,0.050000011920928955,0.004000067710876465,0.0053997039794921875,0.0005995361134409904,0.16533780097961426,low_confidence
2681,Mesh.2680,handles_controls,0.326447457075119,pins_rivets_keys,0.23767073452472687,flat_plate,0.050000011920928955,0.004000067710876465,0.0053997039794921875,0.0005995361134409904,0.08877672255039215,low_confidence
2683,Mesh.2682,pins_rivets_keys,0.3008595108985901,plates_discs_shapes,0.2343096137046814,round_or_cubic,0.08000004291534424,0.06999993324279785,0.03000020980834961,0.018200065940618515,0.06654989719390869,low_confidence
2686,Mesh.2685,screws_bolts_studs,0.2472667396068573,bearings_bushings_guides,0.20210906863212585,irregular,0.004982948303222656,0.009999990463256836,0.005000114440917969,0.0001628706231713295,0.045157670974731445,low_confidence
2689,Mesh.2688,plates_discs_shapes,0.27282410860061646,handles_controls,0.2695139944553375,round_or_cubic,0.050000011920928955,0.05199992656707764,0.028800010681152344,0.007722574286162853,0.0033101141452789307,low_confidence
2694,Mesh.2693,nuts,0.2871737778186798,handles_controls,0.20264482498168945,round_or_cubic,0.02000001072883606,0.0549999475479126,0.053999900817871094,0.008727962151169777,0.08452895283699036,low_confidence
2698,Mesh.2697,handles_controls,0.2974662482738495,joints_clamps_structural_connectors,0.1686655730009079,long_slender,0.015500009059906006,0.052500009536743164,0.013600349426269531,0.002195588080212474,0.1288006752729416,low_confidence
2700,Mesh.2699,rotating_fluid_machinery,0.16122062504291534,springs,0.12122126668691635,flat_plate,0.011200010776519775,0.33319395780563354,0.04619407653808594,0.004647786729037762,0.03999935835599899,low_confidence
2704,Mesh.2703,joints_clamps_structural_connectors,0.19555188715457916,pipe_fittings_valves_nozzles,0.09680519998073578,irregular,0.01940000057220459,0.027300000190734863,0.01549530029296875,0.0018012423533946276,0.09874668717384338,low_confidence
2705,Mesh.2704,joints_clamps_structural_connectors,0.2174103558063507,plates_discs_shapes,0.12006539106369019,round_or_cubic,0.05300000309944153,0.0625,0.027500152587890625,0.018292393535375595,0.09734496474266052,low_confidence
2707,Mesh.2706,bearings_bushings_guides,0.21787016093730927,joints_clamps_structural_connectors,0.16285882890224457,irregular,0.01940000057220459,0.027300000190734863,0.01549530029296875,0.0018012432847172022,0.0550113320350647,low_confidence
2710,Mesh.2709,joints_clamps_structural_connectors,0.27917706966400146,plates_discs_shapes,0.239961639046669,compact_block,0.03299999237060547,0.029999971389770508,0.034999847412109375,0.0070399753749370575,0.03921543061733246,low_confidence
2714,Mesh.2713,bearings_bushings_guides,0.347159743309021,plates_discs_shapes,0.20468346774578094,irregular,0.034000009298324585,0.057000041007995605,0.019500255584716797,0.00904648657888174,0.14247627556324005,low_confidence
2721,Mesh.2720,handles_controls,0.3178803324699402,nuts,0.2260722517967224,round_or_cubic,0.02000001072883606,0.0549999475479126,0.053999900817871094,0.008727962151169777,0.09180808067321777,low_confidence
2724,Mesh.2723,pipe_fittings_valves_nozzles,0.1990468055009842,handles_controls,0.14878830313682556,flat_plate,0.2000001072883606,0.01600015163421631,0.14999961853027344,0.06016479805111885,0.05025850236415863,low_confidence
2727,Mesh.2726,handles_controls,0.39785295724868774,joints_clamps_structural_connectors,0.21694356203079224,round_or_cubic,0.022000014781951904,0.0549999475479126,0.053999900817871094,0.009065759368240833,0.1809093952178955,low_confidence
2732,Mesh.2731,washers_rings_spacers,0.3358842730522156,joints_clamps_structural_connectors,0.27821996808052063,irregular,0.04000002145767212,0.05949997901916504,0.037000179290771484,0.005026300437748432,0.057664304971694946,low_confidence
2736,Mesh.2735,joints_clamps_structural_connectors,0.22029687464237213,handles_controls,0.15424321591854095,flat_plate,0.07250005006790161,0.1449747085571289,1.1724917888641357,0.5027997493743896,0.06605365872383118,low_confidence
2742,Mesh.2741,bearings_bushings_guides,0.39721301198005676,screws_bolts_studs,0.3119571805000305,flat_plate,0.004484653472900391,0.004500031471252441,1.2382004261016846,0.012921951711177826,0.08525583148002625,low_confidence
2743,Mesh.2742,bearings_bushings_guides,0.3993321657180786,screws_bolts_studs,0.3104911148548126,flat_plate,0.004484593868255615,0.004500031471252441,1.2382006645202637,0.012921835295855999,0.08884105086326599,low_confidence
2744,Mesh.2743,bearings_bushings_guides,0.39072081446647644,screws_bolts_studs,0.3159618377685547,flat_plate,0.004484593868255615,0.004500031471252441,1.2382001876831055,0.012921886518597603,0.07475897669792175,low_confidence
2745,Mesh.2744,bearings_bushings_guides,0.3962908089160919,screws_bolts_studs,0.31310224533081055,flat_plate,0.004484593868255615,0.004499912261962891,1.2382006645202637,0.012921803630888462,0.08318856358528137,low_confidence
2749,Mesh.2748,bearings_bushings_guides,0.3151289224624634,handles_controls,0.23556013405323029,irregular,0.03900003433227539,0.013700008392333984,0.026000022888183594,0.002151933964341879,0.0795687884092331,low_confidence
2750,Mesh.2749,handles_controls,0.3745993375778198,bearings_bushings_guides,0.17591442167758942,irregular,0.03900003433227539,0.013700008392333984,0.026000022888183594,0.0021519840229302645,0.1986849159002304,low_confidence
2762,Mesh.2761,bearings_bushings_guides,0.35141345858573914,joints_clamps_structural_connectors,0.11046922206878662,irregular,0.08200007677078247,0.03450000286102295,0.048000335693359375,0.019462697207927704,0.24094423651695251,low_confidence
2763,Mesh.2762,plates_discs_shapes,0.26209741830825806,pins_rivets_keys,0.1853112131357193,flat_plate,0.28999996185302734,0.003000020980834961,0.015000343322753906,0.010569052770733833,0.07678620517253876,low_confidence
2765,Mesh.2764,bearings_bushings_guides,0.34584295749664307,plates_discs_shapes,0.10651123523712158,irregular,0.0820000171661377,0.03450000286102295,0.048000335693359375,0.01946268416941166,0.23933172225952148,low_confidence
2766,Mesh.2765,bearings_bushings_guides,0.31839123368263245,plates_discs_shapes,0.1982736438512802,irregular,0.0820000171661377,0.03450000286102295,0.048000335693359375,0.019462689757347107,0.12011758983135223,low_confidence
2767,Mesh.2766,bearings_bushings_guides,0.37004774808883667,plates_discs_shapes,0.13949742913246155,irregular,0.08200004696846008,0.03450000286102295,0.048000335693359375,0.019462697207927704,0.23055031895637512,low_confidence
2772,Mesh.2771,nuts,0.38811713457107544,bearings_bushings_guides,0.16856524348258972,irregular,0.006999969482421875,0.037000060081481934,0.036873817443847656,0.0023547804448753595,0.21955189108848572,low_confidence
2773,Mesh.2772,pins_rivets_keys,0.34135469794273376,screws_bolts_studs,0.2657175362110138,compact_block,0.00497126579284668,0.00323486328125,0.0032417774200439453,5.7562847359804437e-05,0.07563716173171997,low_confidence
2780,Mesh.2779,springs,0.31957876682281494,pins_rivets_keys,0.199207603931427,flat_plate,0.0008001327514648438,0.01620006561279297,0.014908790588378906,5.260538455331698e-05,0.12037116289138794,low_confidence
2782,Mesh.2781,springs,0.32617083191871643,pins_rivets_keys,0.21516510844230652,flat_plate,0.0008001327514648438,0.014908671379089355,0.01620006561279297,5.263703496893868e-05,0.11100572347640991,low_confidence
2784,Mesh.2783,springs,0.20403726398944855,rotating_fluid_machinery,0.1531156301498413,flat_plate,0.0008001327514648438,0.01620006561279297,0.014908313751220703,5.254416828393005e-05,0.05092163383960724,low_confidence
2789,Mesh.2788,screws_bolts_studs,0.3668736517429352,pins_rivets_keys,0.2531970143318176,compact_block,0.0049283504486083984,0.003242015838623047,0.003242015838623047,5.738238542107865e-05,0.11367663741111755,low_confidence
2795,Mesh.2794,bearings_bushings_guides,0.29733890295028687,pins_rivets_keys,0.28127434849739075,irregular,0.007100105285644531,0.004484772682189941,0.004500150680541992,0.00019487726967781782,0.016064554452896118,low_confidence
2801,Mesh.2800,pins_rivets_keys,0.32593581080436707,bearings_bushings_guides,0.20722800493240356,irregular,0.00709986686706543,0.00449061393737793,0.004500150680541992,0.00019488128600642085,0.1187078058719635,low_confidence
2805,Mesh.2804,pins_rivets_keys,0.3329511284828186,pipe_fittings_valves_nozzles,0.1774561107158661,irregular,0.007100105285644531,0.0044907331466674805,0.004500150680541992,0.00019488611724227667,0.15549501776695251,low_confidence
2806,Mesh.2805,pins_rivets_keys,0.3123454451560974,bearings_bushings_guides,0.21242983639240265,compact_block,0.0031890869140625,0.003999948501586914,0.003200054168701172,7.976040069479495e-05,0.09991560876369476,low_confidence
2807,Mesh.2806,joints_clamps_structural_connectors,0.177255779504776,pins_rivets_keys,0.12206417322158813,irregular,0.1649453043937683,0.13031727075576782,0.027361392974853516,0.044408168643713,0.055191606283187866,low_confidence
2808,Mesh.2807,bearings_bushings_guides,0.3760337829589844,pins_rivets_keys,0.16471876204013824,compact_block,0.0031890869140625,0.003999948501586914,0.003200054168701172,7.97609391156584e-05,0.21131502091884613,low_confidence
2820,Mesh.2819,bearings_bushings_guides,0.13278008997440338,handles_controls,0.10220448672771454,irregular,0.042999982833862305,0.059999942779541016,0.08800005912780762,0.03262917697429657,0.030575603246688843,low_confidence
2826,Mesh.2825,bearings_bushings_guides,0.36191031336784363,pipe_fittings_valves_nozzles,0.2150014042854309,compact_block,0.053000032901763916,0.04999971389770508,0.04997968673706055,0.028260614722967148,0.14690890908241272,low_confidence
2830,Mesh.2829,handles_controls,0.29906165599823,pins_rivets_keys,0.1629546582698822,irregular,0.02500009536743164,0.12380003929138184,0.11880016326904297,0.016278250142931938,0.13610699772834778,low_confidence
2832,Mesh.2831,handles_controls,0.2349991351366043,joints_clamps_structural_connectors,0.17982850968837738,irregular,0.025000035762786865,0.12380003929138184,0.11880016326904297,0.016278259456157684,0.05517062544822693,low_confidence
2834,Mesh.2833,pipe_fittings_valves_nozzles,0.42351529002189636,bearings_bushings_guides,0.3562440574169159,round_or_cubic,0.0350000262260437,0.08399999141693115,0.08949756622314453,0.021670177578926086,0.06727123260498047,low_margin
2836,Mesh.2835,handles_controls,0.28252753615379333,joints_clamps_structural_connectors,0.1578657031059265,irregular,0.02500009536743164,0.12380003929138184,0.11880016326904297,0.016278250142931938,0.12466183304786682,low_confidence
2839,Mesh.2838,pipe_fittings_valves_nozzles,0.4078497886657715,bearings_bushings_guides,0.3379749357700348,round_or_cubic,0.03500008583068848,0.08399999141693115,0.08949756622314453,0.02167019620537758,0.0698748528957367,low_margin
2841,Mesh.2840,bearings_bushings_guides,0.25534331798553467,plates_discs_shapes,0.2536037564277649,flat_plate,1.8500005602836609,0.015000104904174805,0.07999992370605469,0.3640289902687073,0.0017395615577697754,low_confidence
2843,Mesh.2842,plates_discs_shapes,0.3148753046989441,joints_clamps_structural_connectors,0.19266748428344727,flat_plate,2.0000005960464478,0.014999985694885254,0.34999990463256836,1.0927461385726929,0.12220782041549683,low_confidence
2850,Mesh.2849,plates_discs_shapes,0.2562439441680908,bearings_bushings_guides,0.1924809217453003,irregular,0.08200004696846008,0.03450000286102295,0.04799985885620117,0.019462600350379944,0.06376302242279053,low_confidence
2852,Mesh.2851,bearings_bushings_guides,0.3879944682121277,joints_clamps_structural_connectors,0.1469787359237671,irregular,0.0820000171661377,0.03450000286102295,0.04799985885620117,0.0194625835865736,0.2410157322883606,low_confidence
2853,Mesh.2852,bearings_bushings_guides,0.22489464282989502,joints_clamps_structural_connectors,0.15246883034706116,irregular,0.0820000171661377,0.03450000286102295,0.04799985885620117,0.01946258917450905,0.07242581248283386,low_confidence
2854,Mesh.2853,bearings_bushings_guides,0.2629393935203552,joints_clamps_structural_connectors,0.1935010552406311,irregular,0.08200007677078247,0.03450000286102295,0.04799985885620117,0.019462596625089645,0.06943833827972412,low_confidence
2861,Mesh.2860,pipe_fittings_valves_nozzles,0.30254700779914856,bearings_bushings_guides,0.30180928111076355,compact_block,0.05299997329711914,0.04999649524688721,0.04998898506164551,0.028260547667741776,0.0007377266883850098,low_confidence
2866,Mesh.2865,handles_controls,0.34913399815559387,joints_clamps_structural_connectors,0.1568683683872223,long_slender,0.052500009536743164,0.015500068664550781,0.01360011100769043,0.0021955803968012333,0.19226562976837158,low_confidence
2873,Mesh.2872,pipe_fittings_valves_nozzles,0.2187984436750412,joints_clamps_structural_connectors,0.10315140336751938,long_slender,0.016000032424926758,0.015945374965667725,0.053999900817871094,0.0030058282427489758,0.11564704030752182,low_confidence
2874,Mesh.2873,springs,0.16291026771068573,joints_clamps_structural_connectors,0.14631731808185577,flat_plate,0.000800013542175293,0.01620006561279297,0.014908790588378906,5.259897079668008e-05,0.016592949628829956,low_confidence
2878,Mesh.2877,springs,0.2922358512878418,pins_rivets_keys,0.19909299910068512,flat_plate,0.000800013542175293,0.01620006561279297,0.014908313751220703,5.2537994633894414e-05,0.09314285218715668,low_confidence
2879,Mesh.2878,pins_rivets_keys,0.3497190475463867,bearings_bushings_guides,0.1888032704591751,compact_block,0.005800008773803711,0.004499912261962891,0.004484653472900391,0.00016019406029954553,0.1609157770872116,low_confidence
2881,Mesh.2880,handles_controls,0.3587808609008789,motors_gearmotors,0.21634025871753693,compact_block,0.1050000786781311,0.09070003032684326,0.08000016212463379,0.08002377301454544,0.14244060218334198,low_confidence
2882,Mesh.2881,pins_rivets_keys,0.39778509736061096,screws_bolts_studs,0.2249971181154251,compact_block,0.00492820143699646,0.003242015838623047,0.003242015838623047,5.738292747992091e-05,0.17278797924518585,low_confidence
2889,Mesh.2888,pins_rivets_keys,0.3047960102558136,bearings_bushings_guides,0.24278219044208527,irregular,0.007100015878677368,0.004484772682189941,0.004499912261962891,0.00019487379177007824,0.06201381981372833,low_confidence
2901,Mesh.2900,bearings_bushings_guides,0.2753636837005615,pins_rivets_keys,0.2388899177312851,compact_block,0.0031890869140625,0.004000067710876465,0.003200054168701172,7.976335473358631e-05,0.03647376596927643,low_confidence
2908,Mesh.2907,bearings_bushings_guides,0.10852442681789398,joints_clamps_structural_connectors,0.1003686785697937,irregular,0.04300001263618469,0.059999942779541016,0.08800005912780762,0.03262917324900627,0.00815574824810028,low_confidence
2917,Mesh.2916,rotating_fluid_machinery,0.13302358984947205,handles_controls,0.12520840764045715,flat_plate,0.04619377851486206,0.011200010776519775,0.3331937789916992,0.004647768568247557,0.007815182209014893,low_confidence
2918,Mesh.2917,nuts,0.23836803436279297,bearings_bushings_guides,0.17354433238506317,irregular,0.00700002908706665,0.037000060081481934,0.036873817443847656,0.0023547918535768986,0.0648237019777298,low_confidence
2919,Mesh.2918,pins_rivets_keys,0.32744812965393066,bearings_bushings_guides,0.13905707001686096,compact_block,0.0059795379638671875,0.007783651351928711,0.007704973220825195,0.00012050554505549371,0.1883910596370697,low_confidence
2924,Mesh.2923,handles_controls,0.21502386033535004,joints_clamps_structural_connectors,0.1965477168560028,irregular,0.025000035762786865,0.12380003929138184,0.11880016326904297,0.016278252005577087,0.01847614347934723,low_confidence
2927,Mesh.2926,bearings_bushings_guides,0.24360337853431702,plates_discs_shapes,0.24147170782089233,irregular,0.0820000171661377,0.03450000286102295,0.04799985885620117,0.0194625835865736,0.0021316707134246826,low_confidence
2928,Mesh.2927,bearings_bushings_guides,0.29203757643699646,plates_discs_shapes,0.23673032224178314,irregular,0.025000005960464478,0.04500001668930054,0.06400012969970703,0.010686801746487617,0.05530725419521332,low_confidence
2931,Mesh.2930,bearings_bushings_guides,0.19563041627407074,plates_discs_shapes,0.1689736694097519,irregular,0.0820000171661377,0.03450000286102295,0.04799985885620117,0.01946258917450905,0.026656746864318848,low_confidence
2933,Mesh.2932,motors_gearmotors,0.20554925501346588,handles_controls,0.1273794025182724,round_or_cubic,0.034448981285095215,0.014948770403862,0.039569854736328125,0.002248079050332308,0.07816985249519348,low_confidence
2936,Mesh.2935,bearings_bushings_guides,0.30075982213020325,pipe_fittings_valves_nozzles,0.1584119349718094,irregular,0.09000000357627869,0.014200001955032349,0.09000015258789062,0.018722498789429665,0.14234788715839386,low_confidence
2937,Mesh.2936,nuts,0.17810438573360443,joints_clamps_structural_connectors,0.1515987068414688,compact_block,0.07243123650550842,0.06729999929666519,0.0693213939666748,0.020790008828043938,0.02650567889213562,low_confidence
2945,Mesh.2944,handles_controls,0.36464184522628784,joints_clamps_structural_connectors,0.15867917239665985,compact_block,0.6000000759959221,0.5979999899864197,0.5100002288818359,2.834190607070923,0.205962672829628,low_confidence
2949,Mesh.2948,bearings_bushings_guides,0.1486467868089676,handles_controls,0.1437922865152359,compact_block,0.07243123650550842,0.06729999929666519,0.0693216323852539,0.02079000510275364,0.0048545002937316895,low_confidence
2950,Mesh.2949,handles_controls,0.3399795889854431,screws_bolts_studs,0.10480774939060211,long_slender,0.00550001859664917,0.03049999475479126,0.004399776458740234,0.0005654101842083037,0.235171839594841,low_confidence
2951,Mesh.2950,bearings_bushings_guides,0.16348952054977417,rotating_fluid_machinery,0.12907850742340088,irregular,0.0899999737739563,0.014200001955032349,0.09000015258789062,0.018722504377365112,0.03441101312637329,low_confidence
2953,Mesh.2952,motors_gearmotors,0.3270169198513031,handles_controls,0.10534065961837769,round_or_cubic,0.034448981285095215,0.014948770403862,0.03956961631774902,0.002248080912977457,0.22167626023292542,low_confidence
2960,Mesh.2959,bearings_bushings_guides,0.17508134245872498,rotating_fluid_machinery,0.16527876257896423,irregular,0.0899999737739563,0.014200001955032349,0.09000015258789062,0.018722498789429665,0.009802579879760742,low_confidence
2962,Mesh.2961,handles_controls,0.2879925072193146,nuts,0.14145715534687042,compact_block,0.06932145357131958,0.06730000674724579,0.07243132591247559,0.020790012553334236,0.14653535187244415,low_confidence
2965,Mesh.2964,motors_gearmotors,0.30583396553993225,screws_bolts_studs,0.14854298532009125,round_or_cubic,0.0395696759223938,0.014948770403862,0.034449100494384766,0.0022480757907032967,0.157290980219841,low_confidence
2972,Mesh.2971,handles_controls,0.16294899582862854,springs,0.13170263171195984,long_slender,0.005499988794326782,0.030500054359436035,0.004399776458740234,0.0005654077394865453,0.0312463641166687,low_confidence
2974,Mesh.2973,bearings_bushings_guides,0.15774096548557281,pipe_fittings_valves_nozzles,0.152738556265831,irregular,0.09000000357627869,0.014200001955032349,0.09000015258789062,0.018722504377365112,0.005002409219741821,low_confidence
2983,Mesh.2982,handles_controls,0.3155146837234497,pipe_fittings_valves_nozzles,0.09575783461332321,round_or_cubic,0.030000001192092896,0.05299997329711914,0.06399965286254883,0.02740238979458809,0.2197568491101265,low_confidence
2984,Mesh.2983,pipe_fittings_valves_nozzles,0.38646963238716125,pins_rivets_keys,0.16079017519950867,long_slender,0.016000032424926758,0.015945374965667725,0.053999900817871094,0.002983675803989172,0.2256794571876526,low_confidence
2990,Mesh.2989,joints_clamps_structural_connectors,0.2221815139055252,rotating_fluid_machinery,0.15724286437034607,irregular,0.2097882628440857,0.16073957085609436,0.032000064849853516,0.06967076659202576,0.06493864953517914,low_confidence
2994,Mesh.2993,pipe_fittings_valves_nozzles,0.1858052909374237,screws_bolts_studs,0.16950839757919312,round_or_cubic,0.02499997615814209,0.06599998474121094,0.06199979782104492,0.011174505576491356,0.01629689335823059,low_confidence
3002,Mesh.3001,pins_rivets_keys,0.17211711406707764,handles_controls,0.1438092291355133,flat_plate,0.01998746395111084,0.019977569580078125,0.3464999198913574,0.020733756944537163,0.02830788493156433,low_confidence
3006,Mesh.3005,pipe_fittings_valves_nozzles,0.27697646617889404,bearings_bushings_guides,0.1805843859910965,round_or_cubic,0.11000001430511475,0.11000001430511475,0.039999961853027344,0.03540845960378647,0.09639208018779755,low_confidence
3008,Mesh.3007,pipe_fittings_valves_nozzles,0.27598053216934204,plates_discs_shapes,0.10823395103216171,irregular,0.03799998760223389,0.012000024318695068,0.03800010681152344,0.004906684160232544,0.16774658113718033,low_confidence
3010,Mesh.3009,pipe_fittings_valves_nozzles,0.2679774761199951,plates_discs_shapes,0.14612430334091187,irregular,0.03799879550933838,0.01199999451637268,0.037999629974365234,0.004906687885522842,0.12185317277908325,low_confidence
3013,Mesh.3012,pipe_fittings_valves_nozzles,0.20434479415416718,plates_discs_shapes,0.126139298081398,irregular,0.03799879550933838,0.01199999451637268,0.037999629974365234,0.004906687885522842,0.07820549607276917,low_confidence
3014,Mesh.3013,pipe_fittings_valves_nozzles,0.21885237097740173,plates_discs_shapes,0.13017325103282928,irregular,0.03799998760223389,0.012000024318695068,0.03800010681152344,0.004906684160232544,0.08867911994457245,low_confidence
3019,Mesh.3018,pipe_fittings_valves_nozzles,0.3290264904499054,plates_discs_shapes,0.10257671028375626,irregular,0.037999868392944336,0.01199999451637268,0.037998199462890625,0.004906684625893831,0.22644978016614914,low_confidence
3022,Mesh.3021,pipe_fittings_valves_nozzles,0.3500681221485138,bearings_bushings_guides,0.11265597492456436,irregular,0.037999868392944336,0.01199999451637268,0.037998199462890625,0.004906684625893831,0.23741214722394943,low_confidence
3023,Mesh.3022,pipe_fittings_valves_nozzles,0.3207736313343048,plates_discs_shapes,0.10572828352451324,irregular,0.03799772262573242,0.012000024318695068,0.03799772262573242,0.004906683694571257,0.21504534780979156,low_confidence
3024,Mesh.3023,pipe_fittings_valves_nozzles,0.2630012631416321,plates_discs_shapes,0.13354311883449554,irregular,0.03799772262573242,0.012000024318695068,0.03799772262573242,0.004906683694571257,0.12945814430713654,low_confidence
3025,Mesh.3024,bearings_bushings_guides,0.3079507350921631,joints_clamps_structural_connectors,0.15960678458213806,irregular,0.11999988555908203,0.03999999165534973,0.039999961853027344,0.023323647677898407,0.14834395051002502,low_confidence
3027,Mesh.3026,handles_controls,0.1267702281475067,rotating_fluid_machinery,0.10612757503986359,flat_plate,0.04619377851486206,0.011200010776519775,0.3331937789916992,0.004647769499570131,0.020642653107643127,low_confidence
3037,Mesh.3036,pipe_fittings_valves_nozzles,0.3226886987686157,bearings_bushings_guides,0.10298653692007065,irregular,0.03799772262573242,0.012000024318695068,0.03799772262573242,0.004906683694571257,0.21970216184854507,low_confidence
3038,Mesh.3037,pins_rivets_keys,0.2845863401889801,washers_rings_spacers,0.1942606419324875,flat_plate,0.6700000166893005,0.029999971389770508,0.018000125885009766,0.06277823448181152,0.09032569825649261,low_confidence
3040,Mesh.3039,pipe_fittings_valves_nozzles,0.33668193221092224,bearings_bushings_guides,0.13043779134750366,irregular,0.03799772262573242,0.012000024318695068,0.03799772262573242,0.004906683694571257,0.20624414086341858,low_confidence
3043,Mesh.3042,pipe_fittings_valves_nozzles,0.2778140902519226,plates_discs_shapes,0.14412805438041687,irregular,0.037999868392944336,0.01199999451637268,0.037998199462890625,0.004906684625893831,0.13368603587150574,low_confidence
3045,Mesh.3044,pipe_fittings_valves_nozzles,0.34903934597969055,bearings_bushings_guides,0.1259823441505432,irregular,0.037999868392944336,0.01199999451637268,0.037998199462890625,0.004906684625893831,0.22305700182914734,low_confidence
3051,Mesh.3050,plates_discs_shapes,0.36685097217559814,bearings_bushings_guides,0.17610299587249756,irregular,0.02499985694885254,0.034999996423721313,0.021999835968017578,0.005085003562271595,0.19074797630310059,low_confidence
3063,Mesh.3062,plates_discs_shapes,0.3745271861553192,bearings_bushings_guides,0.20865942537784576,irregular,0.02499997615814209,0.034999996423721313,0.021999835968017578,0.005085016135126352,0.16586776077747345,low_confidence
3065,Mesh.3064,plates_discs_shapes,0.3866758644580841,joints_clamps_structural_connectors,0.22096769511699677,irregular,0.03000009059906006,0.06223660707473755,0.015999794006347656,0.004842604044824839,0.16570816934108734,low_confidence
3066,Mesh.3065,pipe_fittings_valves_nozzles,0.19277718663215637,plates_discs_shapes,0.17381985485553741,irregular,0.037999868392944336,0.012000024318695068,0.037996768951416016,0.004906678106635809,0.018957331776618958,low_confidence
3068,Mesh.3067,pipe_fittings_valves_nozzles,0.22706685960292816,plates_discs_shapes,0.18103347718715668,irregular,0.037999868392944336,0.012000024318695068,0.037996768951416016,0.004906678106635809,0.046033382415771484,low_confidence
3072,Mesh.3071,pipe_fittings_valves_nozzles,0.23555894196033478,plates_discs_shapes,0.14929234981536865,irregular,0.037995338439941406,0.012000024318695068,0.037995338439941406,0.0049066850915551186,0.08626659214496613,low_confidence
3073,Mesh.3072,pipe_fittings_valves_nozzles,0.2003159373998642,plates_discs_shapes,0.15661679208278656,irregular,0.037995338439941406,0.012000024318695068,0.037995338439941406,0.0049066850915551186,0.04369914531707764,low_confidence
3075,Mesh.3074,washers_rings_spacers,0.27742815017700195,plates_discs_shapes,0.24174095690250397,irregular,0.023798227310180664,0.004999995231628418,0.02379751205444336,0.0012531739193946123,0.035687193274497986,low_confidence
3076,Mesh.3075,screws_bolts_studs,0.20445498824119568,handles_controls,0.16900327801704407,compact_block,0.044766902923583984,0.06293648481369019,0.04955577850341797,0.009576554410159588,0.03545171022415161,low_confidence
3078,Mesh.3077,pins_rivets_keys,0.2854178547859192,joints_clamps_structural_connectors,0.2188374549150467,flat_plate,0.040000081062316895,0.039999961853027344,0.570000171661377,0.25317850708961487,0.0665803998708725,low_confidence
3079,Mesh.3078,motors_gearmotors,0.1544579267501831,rotating_fluid_machinery,0.14397062361240387,flat_plate,0.039999961853027344,0.03999999165534973,0.33500003814697266,0.1493512988090515,0.010487303137779236,low_confidence
3080,Mesh.3079,pins_rivets_keys,0.3573795557022095,joints_clamps_structural_connectors,0.18297778069972992,flat_plate,0.039999961853027344,0.04000002145767212,0.570000171661377,0.2531781792640686,0.17440177500247955,low_confidence
3081,Mesh.3080,joints_clamps_structural_connectors,0.1595795899629593,rotating_fluid_machinery,0.12283279001712799,long_slender,0.039999961853027344,0.32200002670288086,0.039999961853027344,0.1436077207326889,0.0367467999458313,low_confidence
3082,Mesh.3081,joints_clamps_structural_connectors,0.14027969539165497,handles_controls,0.12235413491725922,flat_plate,0.01998746395111084,0.0199773907661438,0.35049962997436523,0.020252255722880363,0.017925560474395752,low_confidence
3083,Mesh.3082,pins_rivets_keys,0.3499397933483124,joints_clamps_structural_connectors,0.15819299221038818,flat_plate,0.040000200271606445,0.03999999165534973,0.5699996948242188,0.25317806005477905,0.1917468011379242,low_confidence
3085,Mesh.3084,pins_rivets_keys,0.29251477122306824,joints_clamps_structural_connectors,0.2810341417789459,flat_plate,0.03999984264373779,0.04000002145767212,0.570000171661377,0.2531781494617462,0.011480629444122314,low_confidence
3087,Mesh.3086,pins_rivets_keys,0.2972349226474762,joints_clamps_structural_connectors,0.21492822468280792,flat_plate,0.039999961853027344,0.04000002145767212,0.570000171661377,0.2531784772872925,0.08230669796466827,low_confidence
3088,Mesh.3087,motors_gearmotors,0.18349023163318634,rotating_fluid_machinery,0.14715085923671722,long_slender,0.039999961853027344,0.3019999861717224,0.04000043869018555,0.13477060198783875,0.036339372396469116,low_confidence
3089,Mesh.3088,pins_rivets_keys,0.289523184299469,joints_clamps_structural_connectors,0.26620084047317505,flat_plate,0.039999961853027344,0.04000002145767212,0.570000171661377,0.2531784176826477,0.023322343826293945,low_confidence
3091,Mesh.3090,joints_clamps_structural_connectors,0.39421188831329346,pins_rivets_keys,0.14846155047416687,flat_plate,0.039999961853027344,0.03999999165534973,0.570000171661377,0.2531784772872925,0.2457503378391266,low_confidence
3093,Mesh.3092,joints_clamps_structural_connectors,0.38514289259910583,bearings_bushings_guides,0.19907909631729126,long_slender,0.12000000476837158,0.039999961853027344,0.039999961853027344,0.0226827934384346,0.18606379628181458,low_confidence
3095,Mesh.3094,joints_clamps_structural_connectors,0.3348923921585083,pins_rivets_keys,0.13610391318798065,flat_plate,0.039999961853027344,0.04000002145767212,0.570000171661377,0.2531787157058716,0.19878847897052765,low_confidence
3097,Mesh.3096,joints_clamps_structural_connectors,0.31538262963294983,pins_rivets_keys,0.2524290978908539,flat_plate,0.039999961853027344,0.04000002145767212,0.570000171661377,0.253178209066391,0.06295353174209595,low_confidence
3099,Mesh.3098,pins_rivets_keys,0.399983674287796,joints_clamps_structural_connectors,0.16074232757091522,flat_plate,0.039999961853027344,0.04000002145767212,0.570000171661377,0.2531784772872925,0.2392413467168808,low_confidence
3100,Mesh.3099,joints_clamps_structural_connectors,0.16905096173286438,rotating_fluid_machinery,0.1539226472377777,long_slender,0.040000200271606445,0.3019999861717224,0.039999961853027344,0.1347702294588089,0.01512831449508667,low_confidence
3101,Mesh.3100,springs,0.16446611285209656,pins_rivets_keys,0.14289063215255737,flat_plate,0.42649996280670166,0.04000002145767212,0.039999961853027344,0.18977713584899902,0.021575480699539185,low_confidence
3108,Mesh.3107,joints_clamps_structural_connectors,0.3624798357486725,pins_rivets_keys,0.0927295982837677,flat_plate,0.4265000820159912,0.039999961853027344,0.039999961853027344,0.18977771699428558,0.2697502374649048,low_confidence
3109,Mesh.3108,joints_clamps_structural_connectors,0.22355666756629944,rotating_fluid_machinery,0.10560069233179092,long_slender,0.039999961853027344,0.3019999861717224,0.04000043869018555,0.13477039337158203,0.11795597523450851,low_confidence
3112,Mesh.3111,handles_controls,0.3290403485298157,screws_bolts_studs,0.2595309019088745,irregular,0.08999013900756836,0.19500000774860382,0.08979320526123047,0.030028382316231728,0.06950944662094116,low_confidence
3114,Mesh.3113,pins_rivets_keys,0.2808128595352173,bearings_bushings_guides,0.18104101717472076,compact_block,0.03749990463256836,0.0373719185590744,0.05200004577636719,0.008473111316561699,0.09977184236049652,low_confidence
3116,Mesh.3115,handles_controls,0.33896514773368835,nuts,0.1505618393421173,compact_block,0.08520150184631348,0.06999976933002472,0.07600021362304688,0.032648101449012756,0.18840330839157104,low_confidence
3117,Mesh.3116,bearings_bushings_guides,0.3476349711418152,washers_rings_spacers,0.3267173767089844,round_or_cubic,0.07500004768371582,0.07500000298023224,0.04799985885620117,0.02250884287059307,0.02091759443283081,low_confidence
3118,Mesh.3117,rotating_fluid_machinery,0.25732603669166565,plates_discs_shapes,0.16533291339874268,irregular,0.09999990463256836,0.017000000923871994,0.10000038146972656,0.02512442134320736,0.09199312329292297,low_confidence
3122,Mesh.3121,washers_rings_spacers,0.3001807630062103,plates_discs_shapes,0.20681533217430115,irregular,0.023798227310180664,0.004999995231628418,0.02379751205444336,0.0012531728716567159,0.09336543083190918,low_confidence
3123,Mesh.3122,handles_controls,0.2257683277130127,nuts,0.13814425468444824,compact_block,0.044766902923583984,0.06293648481369019,0.04955577850341797,0.009576559998095036,0.08762407302856445,low_confidence
3124,Mesh.3123,plates_discs_shapes,0.28323695063591003,joints_clamps_structural_connectors,0.15626561641693115,flat_plate,0.7399998903274536,0.30200005508959293,0.07000017166137695,0.5294184684753418,0.12697133421897888,low_confidence
3125,Mesh.3124,handles_controls,0.2729693651199341,screws_bolts_studs,0.20665261149406433,irregular,0.08999007940292358,0.19500000774860382,0.08979320526123047,0.030028363689780235,0.06631675362586975,low_confidence
3128,Mesh.3127,pins_rivets_keys,0.37525475025177,bearings_bushings_guides,0.1545126587152481,compact_block,0.03749990463256836,0.0373719185590744,0.05200004577636719,0.008473084308207035,0.2207420915365219,low_confidence
3130,Mesh.3129,rotating_fluid_machinery,0.33998170495033264,plates_discs_shapes,0.14110401272773743,irregular,0.09999990463256836,0.017000000923871994,0.10000038146972656,0.025124426931142807,0.19887769222259521,low_confidence
3133,Mesh.3132,washers_rings_spacers,0.27422305941581726,plates_discs_shapes,0.2544831931591034,irregular,0.023787498474121094,0.004999995231628418,0.023788928985595703,0.0012531713582575321,0.019739866256713867,low_confidence
3134,Mesh.3133,screws_bolts_studs,0.3497712314128876,handles_controls,0.15616026520729065,compact_block,0.044217824935913086,0.06293648481369019,0.051062583923339844,0.009576534852385521,0.19361096620559692,low_confidence
3138,Mesh.3137,washers_rings_spacers,0.26920661330223083,plates_discs_shapes,0.2599067687988281,irregular,0.023774147033691406,0.004999995231628418,0.023792743682861328,0.0012531703105196357,0.00929984450340271,low_confidence
3139,Mesh.3138,handles_controls,0.23737452924251556,screws_bolts_studs,0.18023265898227692,compact_block,0.04354119300842285,0.06293648481369019,0.050911903381347656,0.009576547890901566,0.05714187026023865,low_confidence
3142,Mesh.3141,bearings_bushings_guides,0.3427886962890625,washers_rings_spacers,0.3359944522380829,round_or_cubic,0.07500004768371582,0.07500000298023224,0.04799985885620117,0.02250884287059307,0.006794244050979614,low_confidence
3143,Mesh.3142,handles_controls,0.2908458113670349,rotating_fluid_machinery,0.19412386417388916,compact_block,0.08520150184631348,0.06999976933002472,0.07600021362304688,0.032648101449012756,0.09672194719314575,low_confidence
3144,Mesh.3143,rotating_fluid_machinery,0.3607022166252136,plates_discs_shapes,0.12105631083250046,irregular,0.09999990463256836,0.017000000923871994,0.10000038146972656,0.02512442134320736,0.23964590579271317,low_confidence
3145,Mesh.3144,pins_rivets_keys,0.28481507301330566,bearings_bushings_guides,0.17283345758914948,compact_block,0.03749990463256836,0.0373719185590744,0.05200004577636719,0.008473111316561699,0.11198161542415619,low_confidence
3147,Mesh.3146,screws_bolts_studs,0.3344998359680176,handles_controls,0.24943025410175323,irregular,0.08999013900756836,0.19500000774860382,0.08979320526123047,0.030028382316231728,0.08506958186626434,low_confidence
3153,Mesh.3152,plates_discs_shapes,0.3824106752872467,bearings_bushings_guides,0.10247311741113663,flat_plate,0.29200005531311035,0.029999971389770508,0.5450000762939453,0.3608553409576416,0.2799375578761101,low_confidence
3155,Mesh.3154,plates_discs_shapes,0.28914231061935425,washers_rings_spacers,0.2280612587928772,irregular,0.023798227310180664,0.004999995231628418,0.02379751205444336,0.0012531728716567159,0.06108105182647705,low_confidence
3156,Mesh.3155,handles_controls,0.34154990315437317,motors_gearmotors,0.13645751774311066,compact_block,0.044766902923583984,0.06293648481369019,0.04955577850341797,0.009576559998095036,0.2050923854112625,low_confidence
3161,Mesh.3160,handles_controls,0.28278863430023193,screws_bolts_studs,0.26786965131759644,irregular,0.08999007940292358,0.19500000774860382,0.08979320526123047,0.030028363689780235,0.014918982982635498,low_confidence
3163,Mesh.3162,bearings_bushings_guides,0.3904103636741638,washers_rings_spacers,0.31073081493377686,round_or_cubic,0.07499992847442627,0.07500000298023224,0.04799985885620117,0.02250884845852852,0.07967954874038696,low_confidence
3164,Mesh.3163,pins_rivets_keys,0.39638546109199524,bearings_bushings_guides,0.1323356181383133,compact_block,0.03749990463256836,0.0373719185590744,0.05200004577636719,0.008473084308207035,0.26404984295368195,low_confidence
3180,Mesh.3179,pipe_fittings_valves_nozzles,0.3733943700790405,handles_controls,0.07366945594549179,long_slender,0.016000032424926758,0.01594531536102295,0.053999900817871094,0.002983671147376299,0.29972491413354874,low_confidence
3184,Mesh.3183,bearings_bushings_guides,0.3370892107486725,plates_discs_shapes,0.20940567553043365,irregular,0.02499985694885254,0.0350000262260437,0.021999835968017578,0.005085006821900606,0.12768353521823883,low_confidence
3186,Mesh.3185,joints_clamps_structural_connectors,0.21984228491783142,rotating_fluid_machinery,0.12188361585140228,irregular,0.20978808403015137,0.16073960065841675,0.032000064849853516,0.06967078149318695,0.09795866906642914,low_confidence
3191,Mesh.3190,pins_rivets_keys,0.3012126684188843,joints_clamps_structural_connectors,0.24692533910274506,flat_plate,0.5699999332427979,0.030000030994415283,0.018000125885009766,0.05379669368267059,0.05428732931613922,low_confidence
3197,Mesh.3196,bearings_bushings_guides,0.24691170454025269,pins_rivets_keys,0.20093393325805664,flat_plate,0.7800000905990601,0.010000050067901611,0.039999961853027344,0.0786723643541336,0.045977771282196045,low_confidence
3200,Mesh.3199,pins_rivets_keys,0.19139204919338226,joints_clamps_structural_connectors,0.1454612761735916,flat_plate,0.01998758316040039,0.019977569580078125,0.3464999198913574,0.02073376625776291,0.04593077301979065,low_confidence
3201,Mesh.3200,joints_clamps_structural_connectors,0.3346916139125824,bearings_bushings_guides,0.15315817296504974,irregular,0.12000000476837158,0.04000002145767212,0.039999961853027344,0.0233236663043499,0.18153344094753265,low_confidence
3206,Mesh.3205,pipe_fittings_valves_nozzles,0.3487860858440399,bearings_bushings_guides,0.296444833278656,round_or_cubic,0.1099998950958252,0.11000001430511475,0.039999961853027344,0.03540842607617378,0.05234125256538391,low_confidence
3208,Mesh.3207,screws_bolts_studs,0.3821311891078949,bearings_bushings_guides,0.3295119106769562,flat_plate,0.7659213542938232,0.046000003814697266,0.015000343322753906,0.056696437299251556,0.05261927843093872,low_confidence
3214,Mesh.3213,handles_controls,0.1598231941461563,plates_discs_shapes,0.11355318874120712,round_or_cubic,0.06400001049041748,0.029999971389770508,0.05299997329711914,0.027402428910136223,0.04627000540494919,low_confidence
3218,Mesh.3217,plates_discs_shapes,0.3187253177165985,bearings_bushings_guides,0.22142231464385986,irregular,0.02499985694885254,0.0350000262260437,0.021999835968017578,0.005085006821900606,0.09730300307273865,low_confidence
3219,Mesh.3218,joints_clamps_structural_connectors,0.34264764189720154,bearings_bushings_guides,0.21748128533363342,irregular,0.11999988555908203,0.039999961853027344,0.039999961853027344,0.022630609571933746,0.12516635656356812,low_confidence
3224,Mesh.3223,pins_rivets_keys,0.37321698665618896,plates_discs_shapes,0.14494571089744568,flat_plate,0.7800000905990601,0.009999990463256836,0.039999961853027344,0.0786723792552948,0.2282712757587433,low_confidence
3227,Mesh.3226,pins_rivets_keys,0.3221260905265808,joints_clamps_structural_connectors,0.12382736802101135,flat_plate,0.5699999332427979,0.030000030994415283,0.018000125885009766,0.05379669368267059,0.19829872250556946,low_confidence
3242,Mesh.3241,joints_clamps_structural_connectors,0.3348380923271179,bearings_bushings_guides,0.22889788448810577,irregular,0.12000006437301636,0.04000002145767212,0.039999961853027344,0.0233236663043499,0.10594020783901215,low_confidence
3246,Mesh.3245,pins_rivets_keys,0.2222430408000946,joints_clamps_structural_connectors,0.21805091202259064,long_slender,0.12000000476837158,0.039999961853027344,0.039999961853027344,0.02263062447309494,0.004192128777503967,low_confidence
3247,Mesh.3246,gears_pulleys_chains,0.16236600279808044,pipe_fittings_valves_nozzles,0.11925443261861801,round_or_cubic,0.06200003623962402,0.02499997615814209,0.06599998474121094,0.011174489744007587,0.04311157017946243,low_confidence
3248,Mesh.3247,bearings_bushings_guides,0.3438991606235504,plates_discs_shapes,0.1959478259086609,irregular,0.02499997615814209,0.0350000262260437,0.021999835968017578,0.0050850193947553635,0.14795133471488953,low_confidence
3255,Mesh.3254,plates_discs_shapes,0.28270360827445984,bearings_bushings_guides,0.274541437625885,irregular,0.02499997615814209,0.0350000262260437,0.021999835968017578,0.0050850193947553635,0.008162170648574829,low_confidence
3261,Mesh.3260,pipe_fittings_valves_nozzles,0.18530680239200592,pins_rivets_keys,0.1657838374376297,long_slender,0.016000032424926758,0.01594531536102295,0.053999900817871094,0.002983671147376299,0.01952296495437622,low_confidence
3266,Mesh.3265,pins_rivets_keys,0.3351041376590729,joints_clamps_structural_connectors,0.13084475696086884,flat_plate,0.01998746395111084,0.019977569580078125,0.3464999198913574,0.02073376625776291,0.20425938069820404,low_confidence
3271,Mesh.3270,bearings_bushings_guides,0.30033257603645325,plates_discs_shapes,0.2197280079126358,irregular,0.02499997615814209,0.0350000262260437,0.021999835968017578,0.0050850193947553635,0.08060456812381744,low_confidence
3278,Mesh.3277,pins_rivets_keys,0.33927059173583984,springs,0.1764415055513382,flat_plate,0.6600000858306885,0.04000002145767212,0.039999961853027344,0.2699544429779053,0.16282908618450165,low_confidence
3279,Mesh.3278,pins_rivets_keys,0.2715231776237488,springs,0.1751374453306198,flat_plate,0.6600000858306885,0.039999961853027344,0.039999961853027344,0.2699545621871948,0.09638573229312897,low_confidence
3284,Mesh.3283,pins_rivets_keys,0.3037368655204773,plates_discs_shapes,0.15696226060390472,flat_plate,0.7799999713897705,0.010000050067901611,0.039999961853027344,0.0786723792552948,0.14677460491657257,low_confidence
3286,Mesh.3285,pins_rivets_keys,0.2646334767341614,joints_clamps_structural_connectors,0.20211048424243927,flat_plate,0.570000171661377,0.030000030994415283,0.018000125885009766,0.053796716034412384,0.0625229924917221,low_confidence
3289,Mesh.3288,plates_discs_shapes,0.31250470876693726,handles_controls,0.18515293300151825,flat_plate,0.042999982833862305,0.08399999141693115,0.010000228881835938,0.010520972311496735,0.127351775765419,low_confidence
3293,Mesh.3292,plates_discs_shapes,0.3777916431427002,joints_clamps_structural_connectors,0.22603072226047516,irregular,0.029999971389770508,0.06223660707473755,0.015999794006347656,0.0048426007851958275,0.15176092088222504,low_confidence
3295,Mesh.3294,joints_clamps_structural_connectors,0.2538808286190033,pins_rivets_keys,0.1332642138004303,irregular,0.20978832244873047,0.16073960065841675,0.032000064849853516,0.06967076659202576,0.120616614818573,low_confidence
3304,Mesh.3303,handles_controls,0.3455013930797577,motors_gearmotors,0.24607619643211365,long_slender,0.018000006675720215,0.06400001049041748,0.018000125885009766,0.0036435758229345083,0.09942519664764404,low_confidence
3324,Mesh.3323,plates_discs_shapes,0.33121421933174133,bearings_bushings_guides,0.13579736649990082,flat_plate,0.2900000810623169,0.003000020980834961,0.015000343322753906,0.010569054633378983,0.19541685283184052,low_confidence
3325,Mesh.3324,joints_clamps_structural_connectors,0.32629361748695374,plates_discs_shapes,0.17844527959823608,round_or_cubic,0.07499999180436134,0.06000000238418579,0.039999961853027344,0.020757578313350677,0.14784833788871765,low_confidence
3326,Mesh.3325,pins_rivets_keys,0.22768841683864594,joints_clamps_structural_connectors,0.12258903682231903,irregular,0.17920130491256714,0.15503549575805664,0.034999847412109375,0.055267371237277985,0.1050993800163269,low_confidence
3328,Mesh.3327,joints_clamps_structural_connectors,0.3028343915939331,pins_rivets_keys,0.09603845328092575,flat_plate,0.33999997936189175,0.06000000238418579,0.03000020980834961,0.1783469021320343,0.20679593831300735,low_confidence
3330,Mesh.3329,plates_discs_shapes,0.3453674912452698,pipe_fittings_valves_nozzles,0.2132948338985443,irregular,0.04000002145767212,0.014999985694885254,0.06199979782104492,0.009138518944382668,0.13207265734672546,low_confidence
3337,Mesh.3336,plates_discs_shapes,0.3448598086833954,nuts,0.1884147822856903,irregular,0.049999989569187164,0.03648960590362549,0.017999649047851562,0.0062546799890697,0.15644502639770508,low_confidence
3349,Mesh.3348,plates_discs_shapes,0.3303784132003784,nuts,0.2547985017299652,irregular,0.049999989569187164,0.03648960590362549,0.017999649047851562,0.0062546799890697,0.07557991147041321,low_confidence
3353,Mesh.3352,plates_discs_shapes,0.30095934867858887,joints_clamps_structural_connectors,0.2740266025066376,round_or_cubic,0.07999998331069946,0.06000000238418579,0.039999961853027344,0.02310318313539028,0.026932746171951294,low_confidence
3359,Mesh.3358,plates_discs_shapes,0.37568578124046326,bearings_bushings_guides,0.11752413213253021,flat_plate,0.09199998155236244,0.1899999976158142,0.009999752044677734,0.040740519762039185,0.25816164910793304,low_confidence
3364,Mesh.3363,pins_rivets_keys,0.3317647874355316,screws_bolts_studs,0.3314409554004669,round_or_cubic,0.026639997959136963,0.02654898166656494,0.012800216674804688,0.0015276845078915358,0.00032383203506469727,low_confidence
3365,Mesh.3364,handles_controls,0.38308918476104736,motors_gearmotors,0.21094302833080292,compact_block,0.09000003337860107,0.10100001096725464,0.11800003051757812,0.05046946555376053,0.17214615643024445,low_confidence
3369,Mesh.3368,screws_bolts_studs,0.24038004875183105,handles_controls,0.15294413268566132,flat_plate,0.014979701489210129,0.014993011951446533,0.34599971771240234,0.01589858904480934,0.08743591606616974,low_confidence
3374,Mesh.3373,plates_discs_shapes,0.3194734752178192,nuts,0.22194206714630127,irregular,0.04999998211860657,0.03648960590362549,0.017999649047851562,0.006254679523408413,0.09753140807151794,low_confidence
3376,Mesh.3375,joints_clamps_structural_connectors,0.3754764497280121,washers_rings_spacers,0.16629156470298767,compact_block,0.03994643688201904,0.030000001192092896,0.03990316390991211,0.008617001585662365,0.20918488502502441,low_confidence
3381,Mesh.3380,joints_clamps_structural_connectors,0.302666038274765,handles_controls,0.20660196244716644,irregular,0.023914925754070282,0.053748369216918945,0.026320457458496094,0.0028356497641652822,0.09606407582759857,low_confidence
3383,Mesh.3382,gears_pulleys_chains,0.2615436613559723,bearings_bushings_guides,0.1573997586965561,compact_block,0.020999997854232788,0.019999980926513672,0.024999618530273438,0.0031952643766999245,0.1041439026594162,low_confidence
3390,Mesh.3389,bearings_bushings_guides,0.21643605828285217,pins_rivets_keys,0.14474178850650787,irregular,0.004982948303222656,0.009999990463256836,0.005000114440917969,0.0001628698082640767,0.0716942697763443,low_confidence
3401,Mesh.3400,bearings_bushings_guides,0.2381068766117096,screws_bolts_studs,0.2135418802499771,irregular,0.004982948303222656,0.009999990463256836,0.005000114440917969,0.0001628696045372635,0.024564996361732483,low_confidence
3407,Mesh.3406,rotating_fluid_machinery,0.1555110365152359,handles_controls,0.14452818036079407,irregular,0.09000003337860107,0.01419999822974205,0.09000015258789062,0.018722515553236008,0.010982856154441833,low_confidence
3409,Mesh.3408,motors_gearmotors,0.23719151318073273,handles_controls,0.14974097907543182,round_or_cubic,0.034448981285095215,0.014948770403862,0.039569854736328125,0.0022480767220258713,0.0874505341053009,low_confidence
3410,Mesh.3409,handles_controls,0.2234620302915573,joints_clamps_structural_connectors,0.20526063442230225,compact_block,0.07243123650550842,0.06730000674724579,0.0693216323852539,0.02079000510275364,0.018201395869255066,low_confidence
3412,Mesh.3411,bearings_bushings_guides,0.18096671998500824,screws_bolts_studs,0.16967079043388367,irregular,0.004982948303222656,0.009999990463256836,0.005000114440917969,0.0001628696045372635,0.011295929551124573,low_confidence
3417,Mesh.3416,pins_rivets_keys,0.30244627594947815,plates_discs_shapes,0.1780596375465393,flat_plate,0.40800000727176666,0.030000156722962856,0.4679999351501465,0.40285611152648926,0.12438663840293884,low_confidence
3418,Mesh.3417,joints_clamps_structural_connectors,0.27631986141204834,springs,0.10799727588891983,flat_plate,0.03999999165534973,0.03999999165534973,0.4699997901916504,0.1996849775314331,0.1683225855231285,low_confidence
3421,Mesh.3420,rotating_fluid_machinery,0.17080973088741302,joints_clamps_structural_connectors,0.14216047525405884,long_slender,0.03999999165534973,0.29600000381469727,0.039999961853027344,0.12628476321697235,0.028649255633354187,low_confidence
3422,Mesh.3421,pins_rivets_keys,0.204700767993927,springs,0.1600450724363327,flat_plate,0.4100000262260437,0.039999961853027344,0.039999961853027344,0.17437466979026794,0.0446556955575943,low_confidence
3423,Mesh.3422,pins_rivets_keys,0.23129966855049133,screws_bolts_studs,0.176479771733284,irregular,0.004982948303222656,0.009999990463256836,0.005000114440917969,0.000162869953783229,0.054819896817207336,low_confidence
3424,Mesh.3423,joints_clamps_structural_connectors,0.27077779173851013,pins_rivets_keys,0.15248708426952362,flat_plate,0.03999999165534973,0.04000000283122063,0.4699997901916504,0.19968503713607788,0.11829070746898651,low_confidence
3425,Mesh.3424,joints_clamps_structural_connectors,0.21304863691329956,pins_rivets_keys,0.212632954120636,flat_plate,0.039999961853027344,0.039999961853027344,0.4700002670288086,0.19968532025814056,0.0004156827926635742,low_confidence
3428,Mesh.3427,joints_clamps_structural_connectors,0.21949690580368042,rotating_fluid_machinery,0.0975915864109993,long_slender,0.04000002145767212,0.29600000381469727,0.039999961853027344,0.12628471851348877,0.12190531939268112,low_confidence
3429,Mesh.3428,springs,0.15639662742614746,joints_clamps_structural_connectors,0.1557869017124176,flat_plate,0.4100000262260437,0.039999961853027344,0.039999961853027344,0.17437416315078735,0.0006097257137298584,low_confidence
3430,Mesh.3429,springs,0.3380061984062195,pins_rivets_keys,0.13353361189365387,flat_plate,0.4100000262260437,0.03999999165534973,0.039999961853027344,0.17437437176704407,0.2044725865125656,low_confidence
3431,Mesh.3430,handles_controls,0.24879057705402374,joints_clamps_structural_connectors,0.22498314082622528,flat_plate,0.04000002145767212,0.04000000283122063,0.4699997901916504,0.19968494772911072,0.023807436227798462,low_confidence
3432,Mesh.3431,joints_clamps_structural_connectors,0.2104770392179489,springs,0.15702542662620544,flat_plate,0.4100000262260437,0.04000000283122063,0.039999961853027344,0.17437419295310974,0.05345161259174347,low_confidence
3433,Mesh.3432,joints_clamps_structural_connectors,0.18782533705234528,pins_rivets_keys,0.15121695399284363,flat_plate,0.4100000262260437,0.03999999165534973,0.039999961853027344,0.17437435686588287,0.03660838305950165,low_confidence
3434,Mesh.3433,bearings_bushings_guides,0.2090393304824829,screws_bolts_studs,0.1762007623910904,irregular,0.004982948303222656,0.009999990463256836,0.005000114440917969,0.00016286972095258534,0.03283856809139252,low_confidence
3435,Mesh.3434,pins_rivets_keys,0.263912558555603,joints_clamps_structural_connectors,0.21603111922740936,flat_plate,0.04000002145767212,0.03999999165534973,0.4699997901916504,0.19968490302562714,0.047881439328193665,low_confidence
3436,Mesh.3435,joints_clamps_structural_connectors,0.18630822002887726,pins_rivets_keys,0.14509698748588562,flat_plate,0.4100000262260437,0.04000000283122063,0.039999961853027344,0.17437420785427094,0.04121123254299164,low_confidence
3437,Mesh.3436,joints_clamps_structural_connectors,0.17458879947662354,rotating_fluid_machinery,0.10323860496282578,flat_plate,0.4100000262260437,0.04000000283122063,0.039999961853027344,0.17437486350536346,0.07135019451379776,low_confidence
3438,Mesh.3437,pins_rivets_keys,0.28313735127449036,joints_clamps_structural_connectors,0.16612307727336884,flat_plate,0.040000006556510925,0.03999999165534973,0.4700002670288086,0.19968518614768982,0.11701427400112152,low_confidence
3441,Mesh.3440,bearings_bushings_guides,0.2005632072687149,pipe_fittings_valves_nozzles,0.18914911150932312,irregular,0.09000001847743988,0.01419999822974205,0.09000015258789062,0.018722504377365112,0.011414095759391785,low_confidence
3443,Mesh.3442,motors_gearmotors,0.36183223128318787,screws_bolts_studs,0.10126523673534393,round_or_cubic,0.0395696759223938,0.014948770403862,0.03444862365722656,0.002248081611469388,0.26056699454784393,low_confidence
3444,Mesh.3443,pipe_fittings_valves_nozzles,0.1862461119890213,handles_controls,0.11384996771812439,compact_block,0.06932148337364197,0.06730000302195549,0.07243108749389648,0.02079000137746334,0.07239614427089691,low_confidence
3445,Mesh.3444,bearings_bushings_guides,0.22010567784309387,screws_bolts_studs,0.1929192841053009,irregular,0.004982948303222656,0.009999990463256836,0.005000114440917969,0.00016286972095258534,0.02718639373779297,low_confidence
3449,Mesh.3448,pipe_fittings_valves_nozzles,0.13687245547771454,joints_clamps_structural_connectors,0.1324024796485901,compact_block,0.024997353553771973,0.022000014781951904,0.024965286254882812,0.0025498452596366405,0.004469975829124451,low_confidence
3453,Mesh.3452,motors_gearmotors,0.3262474238872528,handles_controls,0.11598679423332214,round_or_cubic,0.034449003636837006,0.014948770403862,0.039569854736328125,0.0022480767220258713,0.21026062965393066,low_confidence
3454,Mesh.3453,handles_controls,0.19889886677265167,joints_clamps_structural_connectors,0.1194658875465393,compact_block,0.07243125606328249,0.06730000302195549,0.0693211555480957,0.02079002559185028,0.07943297922611237,low_confidence
3456,Mesh.3455,motors_gearmotors,0.35889220237731934,bearings_bushings_guides,0.16431283950805664,long_slender,0.06199997663497925,0.05533719062805176,0.21199989318847656,0.05858627334237099,0.1945793628692627,low_confidence
3465,Mesh.3464,handles_controls,0.15545876324176788,rotating_fluid_machinery,0.11919437348842621,flat_plate,0.04619377851486206,0.011200010776519775,0.3331937789916992,0.004647764377295971,0.036264389753341675,low_confidence
3466,Mesh.3465,bearings_bushings_guides,0.3821840286254883,screws_bolts_studs,0.34900352358818054,flat_plate,0.8639249503612518,0.04400002956390381,0.015000343322753906,0.06024095416069031,0.03318050503730774,low_confidence
3477,Mesh.3476,joints_clamps_structural_connectors,0.18613889813423157,bearings_bushings_guides,0.17114460468292236,irregular,0.12000000476837158,0.04000002145767212,0.039999961853027344,0.023324448615312576,0.014994293451309204,low_confidence
3478,Mesh.3477,handles_controls,0.1264951229095459,rotating_fluid_machinery,0.1163053885102272,flat_plate,0.04619377851486206,0.011200010776519775,0.3331937789916992,0.004647764377295971,0.010189734399318695,low_confidence
3488,Mesh.3487,plates_discs_shapes,0.32273420691490173,pins_rivets_keys,0.10726115107536316,compact_block,0.042999982833862305,0.04400002956390381,0.05499982833862305,0.010744714178144932,0.21547305583953857,low_confidence
3491,Mesh.3490,pins_rivets_keys,0.39840638637542725,washers_rings_spacers,0.13900279998779297,flat_plate,0.6700000762939453,0.030000001192092896,0.018000125885009766,0.0627782940864563,0.2594035863876343,low_confidence
3502,Mesh.3501,bearings_bushings_guides,0.4157482087612152,screws_bolts_studs,0.33828985691070557,flat_plate,0.8639248907566071,0.04400002956390381,0.015000343322753906,0.060240861028432846,0.07745835185050964,low_margin
3503,Mesh.3502,joints_clamps_structural_connectors,0.2896246314048767,pins_rivets_keys,0.20150065422058105,irregular,0.16487419605255127,0.13040438294410706,0.027361392974853516,0.04440797120332718,0.08812397718429565,low_confidence
3504,Mesh.3503,joints_clamps_structural_connectors,0.30433595180511475,bearings_bushings_guides,0.16562625765800476,long_slender,0.12000000476837158,0.03999999165534973,0.039999961853027344,0.02268279902637005,0.13870969414710999,low_confidence
3507,Mesh.3506,handles_controls,0.3924500048160553,motors_gearmotors,0.2005539983510971,irregular,0.018000006675720215,0.04899999499320984,0.018000125885009766,0.0034273143392056227,0.1918960064649582,low_confidence
3513,Mesh.3512,pipe_fittings_valves_nozzles,0.386313796043396,handles_controls,0.11046478897333145,long_slender,0.015999987721443176,0.015945345163345337,0.053999900817871094,0.0030058282427489758,0.27584900707006454,low_confidence
3524,Mesh.3523,pins_rivets_keys,0.31067731976509094,bearings_bushings_guides,0.18497121334075928,flat_plate,0.879999965429306,0.010000079870223999,0.03800010681152344,0.08511222898960114,0.12570610642433167,low_confidence
3533,Mesh.3532,pins_rivets_keys,0.2360605001449585,joints_clamps_structural_connectors,0.1769738793373108,flat_plate,0.019987523555755615,0.019977420568466187,0.35049962997436523,0.02025226131081581,0.059086620807647705,low_confidence
3538,Mesh.3537,bearings_bushings_guides,0.22827082872390747,pins_rivets_keys,0.17315126955509186,flat_plate,0.8799999058246613,0.009999990463256836,0.037999629974365234,0.08511177450418472,0.05511955916881561,low_confidence
3539,Mesh.3538,joints_clamps_structural_connectors,0.29840224981307983,bearings_bushings_guides,0.295213907957077,long_slender,0.12000001221895218,0.03999999165534973,0.039999961853027344,0.02332444116473198,0.0031883418560028076,low_confidence
